Copyright 1986-2018 Xilinx, Inc. All Rights Reserved.
-------------------------------------------------------------------------------------------------------------------------------------------------------------------------------------------------------------------------------------------------------------------
| Tool Version      : Vivado v.2018.3 (lin64) Build 2405991 Thu Dec  6 23:36:41 MST 2018
| Date              : Fri Feb 13 22:50:16 2026
| Host              : chenxun-Z790-UD-AC running 64-bit Ubuntu 24.04.3 LTS
| Command           : report_timing_summary -max_paths 10 -file eth_xcvr_gth_full_example_top_timing_summary_routed.rpt -pb eth_xcvr_gth_full_example_top_timing_summary_routed.pb -rpx eth_xcvr_gth_full_example_top_timing_summary_routed.rpx -warn_on_violation
| Design            : eth_xcvr_gth_full_example_top
| Device            : xcku035-fbva676
| Speed File        : -2  PRODUCTION 1.25 10-29-2018
| Temperature Grade : E
-------------------------------------------------------------------------------------------------------------------------------------------------------------------------------------------------------------------------------------------------------------------

Timing Summary Report

------------------------------------------------------------------------------------------------
| Timer Settings
| --------------
------------------------------------------------------------------------------------------------

  Enable Multi Corner Analysis               :  Yes
  Enable Pessimism Removal                   :  Yes
  Pessimism Removal Resolution               :  Nearest Common Node
  Enable Input Delay Default Clock           :  No
  Enable Preset / Clear Arcs                 :  No
  Disable Flight Delays                      :  No
  Ignore I/O Paths                           :  No
  Timing Early Launch at Borrowing Latches   :  false

  Corner  Analyze    Analyze    
  Name    Max Paths  Min Paths  
  ------  ---------  ---------  
  Slow    Yes        Yes        
  Fast    Yes        Yes        



check_timing report

Table of Contents
-----------------
1. checking no_clock
2. checking constant_clock
3. checking pulse_width_clock
4. checking unconstrained_internal_endpoints
5. checking no_input_delay
6. checking no_output_delay
7. checking multiple_clock
8. checking generated_clocks
9. checking loops
10. checking partial_input_delay
11. checking partial_output_delay
12. checking latch_loops

1. checking no_clock
--------------------
 There are 0 register/latch pins with no clock.


2. checking constant_clock
--------------------------
 There are 0 register/latch pins with constant_clock.


3. checking pulse_width_clock
-----------------------------
 There are 0 register/latch pins which need pulse_width check


4. checking unconstrained_internal_endpoints
--------------------------------------------
 There are 0 pins that are not constrained for maximum delay.

 There are 0 pins that are not constrained for maximum delay due to constant clock.


5. checking no_input_delay
--------------------------
 There is 1 input port with no input delay specified. (HIGH)

 There are 0 input ports with no input delay but user has a false path constraint.


6. checking no_output_delay
---------------------------
 There are 0 ports with no output delay specified.

 There are 0 ports with no output delay but user has a false path constraint

 There are 0 ports with no output delay but with a timing clock defined on it or propagating through it


7. checking multiple_clock
--------------------------
 There are 0 register/latch pins with multiple clocks.


8. checking generated_clocks
----------------------------
 There are 0 generated clocks that are not connected to a clock source.


9. checking loops
-----------------
 There are 0 combinational loops in the design.


10. checking partial_input_delay
--------------------------------
 There are 0 input ports with partial input delay specified.


11. checking partial_output_delay
---------------------------------
 There are 0 ports with partial output delay specified.


12. checking latch_loops
------------------------
 There are 0 combinational latch loops in the design through latch input



------------------------------------------------------------------------------------------------
| Design Timing Summary
| ---------------------
------------------------------------------------------------------------------------------------

    WNS(ns)      TNS(ns)  TNS Failing Endpoints  TNS Total Endpoints      WHS(ns)      THS(ns)  THS Failing Endpoints  THS Total Endpoints     WPWS(ns)     TPWS(ns)  TPWS Failing Endpoints  TPWS Total Endpoints  
    -------      -------  ---------------------  -------------------      -------      -------  ---------------------  -------------------     --------     --------  ----------------------  --------------------  
     -2.192      -11.986                      6                 8131        0.004        0.000                      0                 8115        0.259        0.000                       0                  4952  


Timing constraints are not met.


------------------------------------------------------------------------------------------------
| Clock Summary
| -------------
------------------------------------------------------------------------------------------------

Clock                                                                                       Waveform(ns)           Period(ns)      Frequency(MHz)
-----                                                                                       ------------           ----------      --------------
clk_freerun                                                                                 {0.000 5.000}          10.000          100.000         
clk_mgtrefclk0_x0y0_p                                                                       {0.000 3.103}          6.206           161.134         
  qpll0outclk_out[0]                                                                        {0.000 0.097}          0.194           5156.301        
    rxoutclk_out[0]                                                                         {0.000 1.600}          3.200           312.503         
      gtwiz_userclk_rx_usrclk2_int                                                          {0.000 3.200}          6.400           156.252         
    txoutclk_out[0]                                                                         {0.000 1.600}          3.200           312.503         
      gtwiz_userclk_tx_usrclk2_int                                                          {0.000 3.200}          6.400           156.252         
  qpll0outrefclk_out[0]                                                                     {0.000 3.103}          6.206           161.134         
dbg_hub/inst/BSCANID.u_xsdbm_id/SWITCH_N_EXT_BSCAN.bscan_inst/SERIES7_BSCAN.bscan_inst/TCK  {0.000 16.500}         33.000          30.303          


------------------------------------------------------------------------------------------------
| Intra Clock Table
| -----------------
------------------------------------------------------------------------------------------------

Clock                                                                                           WNS(ns)      TNS(ns)  TNS Failing Endpoints  TNS Total Endpoints      WHS(ns)      THS(ns)  THS Failing Endpoints  THS Total Endpoints     WPWS(ns)     TPWS(ns)  TPWS Failing Endpoints  TPWS Total Endpoints  
-----                                                                                           -------      -------  ---------------------  -------------------      -------      -------  ---------------------  -------------------     --------     --------  ----------------------  --------------------  
clk_freerun                                                                                       7.316        0.000                      0                  861        0.040        0.000                      0                  861        4.146        0.000                       0                   586  
    rxoutclk_out[0]                                                                                                                                                                                                                           0.404        0.000                       0                     3  
      gtwiz_userclk_rx_usrclk2_int                                                                2.803        0.000                      0                 5881        0.004        0.000                      0                 5881        0.559        0.000                       0                  3729  
    txoutclk_out[0]                                                                                                                                                                                                                           0.259        0.000                       0                     3  
      gtwiz_userclk_tx_usrclk2_int                                                                5.016        0.000                      0                  192        0.030        0.000                      0                  192        0.288        0.000                       0                   136  
dbg_hub/inst/BSCANID.u_xsdbm_id/SWITCH_N_EXT_BSCAN.bscan_inst/SERIES7_BSCAN.bscan_inst/TCK       29.641        0.000                      0                  973        0.045        0.000                      0                  973       15.832        0.000                       0                   495  


------------------------------------------------------------------------------------------------
| Inter Clock Table
| -----------------
------------------------------------------------------------------------------------------------

From Clock                                                                                  To Clock                                                                                        WNS(ns)      TNS(ns)  TNS Failing Endpoints  TNS Total Endpoints      WHS(ns)      THS(ns)  THS Failing Endpoints  THS Total Endpoints  
----------                                                                                  --------                                                                                        -------      -------  ---------------------  -------------------      -------      -------  ---------------------  -------------------  
gtwiz_userclk_rx_usrclk2_int                                                                clk_freerun                                                                                      -2.192      -10.036                      5                    5        0.034        0.000                      0                    5  
gtwiz_userclk_tx_usrclk2_int                                                                clk_freerun                                                                                      -1.950       -1.950                      1                    1        0.112        0.000                      0                    1  
dbg_hub/inst/BSCANID.u_xsdbm_id/SWITCH_N_EXT_BSCAN.bscan_inst/SERIES7_BSCAN.bscan_inst/TCK  gtwiz_userclk_rx_usrclk2_int                                                                     31.983        0.000                      0                    8                                                                        
gtwiz_userclk_rx_usrclk2_int                                                                dbg_hub/inst/BSCANID.u_xsdbm_id/SWITCH_N_EXT_BSCAN.bscan_inst/SERIES7_BSCAN.bscan_inst/TCK        5.456        0.000                      0                    8                                                                        


------------------------------------------------------------------------------------------------
| Other Path Groups Table
| -----------------------
------------------------------------------------------------------------------------------------

Path Group                                                                                  From Clock                                                                                  To Clock                                                                                        WNS(ns)      TNS(ns)  TNS Failing Endpoints  TNS Total Endpoints      WHS(ns)      THS(ns)  THS Failing Endpoints  THS Total Endpoints  
----------                                                                                  ----------                                                                                  --------                                                                                        -------      -------  ---------------------  -------------------      -------      -------  ---------------------  -------------------  
**async_default**                                                                           dbg_hub/inst/BSCANID.u_xsdbm_id/SWITCH_N_EXT_BSCAN.bscan_inst/SERIES7_BSCAN.bscan_inst/TCK  dbg_hub/inst/BSCANID.u_xsdbm_id/SWITCH_N_EXT_BSCAN.bscan_inst/SERIES7_BSCAN.bscan_inst/TCK       30.704        0.000                      0                  100        0.062        0.000                      0                  100  
**async_default**                                                                           gtwiz_userclk_rx_usrclk2_int                                                                gtwiz_userclk_rx_usrclk2_int                                                                      5.062        0.000                      0                  102        0.122        0.000                      0                  102  


------------------------------------------------------------------------------------------------
| Timing Details
| --------------
------------------------------------------------------------------------------------------------


---------------------------------------------------------------------------------------------------
From Clock:  clk_freerun
  To Clock:  clk_freerun

Setup :            0  Failing Endpoints,  Worst Slack        7.316ns,  Total Violation        0.000ns
Hold  :            0  Failing Endpoints,  Worst Slack        0.040ns,  Total Violation        0.000ns
PW    :            0  Failing Endpoints,  Worst Slack        4.146ns,  Total Violation        0.000ns
---------------------------------------------------------------------------------------------------


Max Delay Paths
--------------------------------------------------------------------------------------
Slack (MET) :             7.316ns  (required time - arrival time)
  Source:                 ila_inst/inst/ila_core_inst/u_trig/U_TM/N_DDR_MODE.G_NMU[0].U_M/allx_typeA_match_detection.ltlib_v1_0_0_allx_typeA_inst/probeDelay1_reg[0]/C
                            (rising edge-triggered cell FDRE clocked by clk_freerun  {rise@0.000ns fall@5.000ns period=10.000ns})
  Destination:            ila_inst/inst/ila_core_inst/u_trig/U_TM/N_DDR_MODE.G_NMU[0].U_M/allx_typeA_match_detection.ltlib_v1_0_0_allx_typeA_inst/DUT/I_WHOLE_SLICE.G_SLICE_IDX[0].U_ALL_SRL_SLICE/I_IS_TERMINATION_SLICE_W_OUTPUT_REG.DOUT_O_reg/D
                            (rising edge-triggered cell FDRE clocked by clk_freerun  {rise@0.000ns fall@5.000ns period=10.000ns})
  Path Group:             clk_freerun
  Path Type:              Setup (Max at Slow Process Corner)
  Requirement:            10.000ns  (clk_freerun rise@10.000ns - clk_freerun rise@0.000ns)
  Data Path Delay:        2.513ns  (logic 0.554ns (22.045%)  route 1.959ns (77.955%))
  Logic Levels:           2  (CARRY8=1 SRLC32E=1)
  Clock Path Skew:        -0.195ns (DCD - SCD + CPR)
    Destination Clock Delay (DCD):    3.315ns = ( 13.315 - 10.000 ) 
    Source Clock Delay      (SCD):    3.993ns
    Clock Pessimism Removal (CPR):    0.483ns
  Clock Uncertainty:      0.035ns  ((TSJ^2 + TIJ^2)^1/2 + DJ) / 2 + PE
    Total System Jitter     (TSJ):    0.071ns
    Total Input Jitter      (TIJ):    0.000ns
    Discrete Jitter          (DJ):    0.000ns
    Phase Error              (PE):    0.000ns
  Clock Net Delay (Source):      2.598ns (routing 1.113ns, distribution 1.485ns)
  Clock Net Delay (Destination): 2.258ns (routing 1.025ns, distribution 1.233ns)

    Location             Delay type                Incr(ns)  Path(ns)    Netlist Resource(s)
  -------------------------------------------------------------------    -------------------
                         (clock clk_freerun rise edge)
                                                      0.000     0.000 r  
    D18                                               0.000     0.000 r  hb_gtwiz_reset_clk_freerun_p (IN)
                         net (fo=0)                   0.000     0.000    ibufds_clk_freerun_inst/I
    HPIOBDIFFINBUF_X0Y61 DIFFINBUF (Prop_DIFFINBUF_HPIOBDIFFINBUF_DIFF_IN_P_O)
                                                      0.506     0.506 r  ibufds_clk_freerun_inst/DIFFINBUF_INST/O
                         net (fo=1, routed)           0.090     0.596    ibufds_clk_freerun_inst/OUT
    D18                  IBUFCTRL (Prop_IBUFCTRL_HPIOB_I_O)
                                                      0.000     0.596 r  ibufds_clk_freerun_inst/IBUFCTRL_INST/O
                         net (fo=1, routed)           0.716     1.312    hb_gtwiz_reset_clk_freerun_ibuf
    BUFGCE_X0Y50         BUFGCE (Prop_BUFCE_BUFGCE_I_O)
                                                      0.083     1.395 r  bufg_clk_freerun_inst/O
    X2Y2 (CLOCK_ROOT)    net (fo=585, routed)         2.598     3.993    ila_inst/inst/ila_core_inst/u_trig/U_TM/N_DDR_MODE.G_NMU[0].U_M/allx_typeA_match_detection.ltlib_v1_0_0_allx_typeA_inst/I_IS_TERMINATION_SLICE_W_OUTPUT_REG.DOUT_O_reg_0
    SLICE_X91Y146        FDRE                                         r  ila_inst/inst/ila_core_inst/u_trig/U_TM/N_DDR_MODE.G_NMU[0].U_M/allx_typeA_match_detection.ltlib_v1_0_0_allx_typeA_inst/probeDelay1_reg[0]/C
  -------------------------------------------------------------------    -------------------
    SLICE_X91Y146        FDRE (Prop_DFF_SLICEL_C_Q)
                                                      0.114     4.107 r  ila_inst/inst/ila_core_inst/u_trig/U_TM/N_DDR_MODE.G_NMU[0].U_M/allx_typeA_match_detection.ltlib_v1_0_0_allx_typeA_inst/probeDelay1_reg[0]/Q
                         net (fo=3, routed)           0.920     5.027    ila_inst/inst/ila_core_inst/u_trig/U_TM/N_DDR_MODE.G_NMU[0].U_M/allx_typeA_match_detection.ltlib_v1_0_0_allx_typeA_inst/DUT/I_WHOLE_SLICE.G_SLICE_IDX[0].U_ALL_SRL_SLICE/u_srlA/I0
    SLICE_X82Y156        SRLC32E (Prop_A6LUT_SLICEM_A[0]_Q)
                                                      0.176     5.203 r  ila_inst/inst/ila_core_inst/u_trig/U_TM/N_DDR_MODE.G_NMU[0].U_M/allx_typeA_match_detection.ltlib_v1_0_0_allx_typeA_inst/DUT/I_WHOLE_SLICE.G_SLICE_IDX[0].U_ALL_SRL_SLICE/u_srlA/S1/Q
                         net (fo=1, routed)           0.357     5.560    ila_inst/inst/ila_core_inst/u_trig/U_TM/N_DDR_MODE.G_NMU[0].U_M/allx_typeA_match_detection.ltlib_v1_0_0_allx_typeA_inst/DUT/lopt_8
    SLICE_X81Y156        CARRY8 (Prop_CARRY8_SLICEM_S[4]_CO[7])
                                                      0.264     5.824 r  ila_inst/inst/ila_core_inst/u_trig/U_TM/N_DDR_MODE.G_NMU[0].U_M/allx_typeA_match_detection.ltlib_v1_0_0_allx_typeA_inst/DUT/u_carry4_inst_CARRY8/CO[7]
                         net (fo=1, routed)           0.682     6.506    ila_inst/inst/ila_core_inst/u_trig/U_TM/N_DDR_MODE.G_NMU[0].U_M/allx_typeA_match_detection.ltlib_v1_0_0_allx_typeA_inst/DUT/I_WHOLE_SLICE.G_SLICE_IDX[0].U_ALL_SRL_SLICE/muxcy_lo[3]
    SLICE_X80Y147        FDRE                                         r  ila_inst/inst/ila_core_inst/u_trig/U_TM/N_DDR_MODE.G_NMU[0].U_M/allx_typeA_match_detection.ltlib_v1_0_0_allx_typeA_inst/DUT/I_WHOLE_SLICE.G_SLICE_IDX[0].U_ALL_SRL_SLICE/I_IS_TERMINATION_SLICE_W_OUTPUT_REG.DOUT_O_reg/D
  -------------------------------------------------------------------    -------------------

                         (clock clk_freerun rise edge)
                                                     10.000    10.000 r  
    D18                                               0.000    10.000 r  hb_gtwiz_reset_clk_freerun_p (IN)
                         net (fo=0)                   0.000    10.000    ibufds_clk_freerun_inst/I
    HPIOBDIFFINBUF_X0Y61 DIFFINBUF (Prop_DIFFINBUF_HPIOBDIFFINBUF_DIFF_IN_P_O)
                                                      0.309    10.309 r  ibufds_clk_freerun_inst/DIFFINBUF_INST/O
                         net (fo=1, routed)           0.051    10.360    ibufds_clk_freerun_inst/OUT
    D18                  IBUFCTRL (Prop_IBUFCTRL_HPIOB_I_O)
                                                      0.000    10.360 r  ibufds_clk_freerun_inst/IBUFCTRL_INST/O
                         net (fo=1, routed)           0.622    10.982    hb_gtwiz_reset_clk_freerun_ibuf
    BUFGCE_X0Y50         BUFGCE (Prop_BUFCE_BUFGCE_I_O)
                                                      0.075    11.057 r  bufg_clk_freerun_inst/O
    X2Y2 (CLOCK_ROOT)    net (fo=585, routed)         2.258    13.315    ila_inst/inst/ila_core_inst/u_trig/U_TM/N_DDR_MODE.G_NMU[0].U_M/allx_typeA_match_detection.ltlib_v1_0_0_allx_typeA_inst/DUT/I_WHOLE_SLICE.G_SLICE_IDX[0].U_ALL_SRL_SLICE/I_IS_TERMINATION_SLICE_W_OUTPUT_REG.DOUT_O_reg_1
    SLICE_X80Y147        FDRE                                         r  ila_inst/inst/ila_core_inst/u_trig/U_TM/N_DDR_MODE.G_NMU[0].U_M/allx_typeA_match_detection.ltlib_v1_0_0_allx_typeA_inst/DUT/I_WHOLE_SLICE.G_SLICE_IDX[0].U_ALL_SRL_SLICE/I_IS_TERMINATION_SLICE_W_OUTPUT_REG.DOUT_O_reg/C
                         clock pessimism              0.483    13.798    
                         clock uncertainty           -0.035    13.762    
    SLICE_X80Y147        FDRE (Setup_HFF2_SLICEL_C_D)
                                                      0.060    13.822    ila_inst/inst/ila_core_inst/u_trig/U_TM/N_DDR_MODE.G_NMU[0].U_M/allx_typeA_match_detection.ltlib_v1_0_0_allx_typeA_inst/DUT/I_WHOLE_SLICE.G_SLICE_IDX[0].U_ALL_SRL_SLICE/I_IS_TERMINATION_SLICE_W_OUTPUT_REG.DOUT_O_reg
  -------------------------------------------------------------------
                         required time                         13.822    
                         arrival time                          -6.506    
  -------------------------------------------------------------------
                         slack                                  7.316    

Slack (MET) :             7.369ns  (required time - arrival time)
  Source:                 ila_inst/inst/ila_core_inst/u_trig/U_TM/N_DDR_MODE.G_NMU[3].U_M/allx_typeA_match_detection.ltlib_v1_0_0_allx_typeA_inst/probeDelay1_reg[0]/C
                            (rising edge-triggered cell FDRE clocked by clk_freerun  {rise@0.000ns fall@5.000ns period=10.000ns})
  Destination:            ila_inst/inst/ila_core_inst/u_trig/U_TM/N_DDR_MODE.G_NMU[3].U_M/allx_typeA_match_detection.ltlib_v1_0_0_allx_typeA_inst/DUT/I_WHOLE_SLICE.G_SLICE_IDX[0].U_ALL_SRL_SLICE/I_IS_TERMINATION_SLICE_W_OUTPUT_REG.DOUT_O_reg/D
                            (rising edge-triggered cell FDRE clocked by clk_freerun  {rise@0.000ns fall@5.000ns period=10.000ns})
  Path Group:             clk_freerun
  Path Type:              Setup (Max at Slow Process Corner)
  Requirement:            10.000ns  (clk_freerun rise@10.000ns - clk_freerun rise@0.000ns)
  Data Path Delay:        2.481ns  (logic 0.511ns (20.597%)  route 1.970ns (79.403%))
  Logic Levels:           2  (CARRY8=1 SRL16E=1)
  Clock Path Skew:        -0.174ns (DCD - SCD + CPR)
    Destination Clock Delay (DCD):    3.327ns = ( 13.327 - 10.000 ) 
    Source Clock Delay      (SCD):    3.984ns
    Clock Pessimism Removal (CPR):    0.483ns
  Clock Uncertainty:      0.035ns  ((TSJ^2 + TIJ^2)^1/2 + DJ) / 2 + PE
    Total System Jitter     (TSJ):    0.071ns
    Total Input Jitter      (TIJ):    0.000ns
    Discrete Jitter          (DJ):    0.000ns
    Phase Error              (PE):    0.000ns
  Clock Net Delay (Source):      2.589ns (routing 1.113ns, distribution 1.476ns)
  Clock Net Delay (Destination): 2.270ns (routing 1.025ns, distribution 1.245ns)

    Location             Delay type                Incr(ns)  Path(ns)    Netlist Resource(s)
  -------------------------------------------------------------------    -------------------
                         (clock clk_freerun rise edge)
                                                      0.000     0.000 r  
    D18                                               0.000     0.000 r  hb_gtwiz_reset_clk_freerun_p (IN)
                         net (fo=0)                   0.000     0.000    ibufds_clk_freerun_inst/I
    HPIOBDIFFINBUF_X0Y61 DIFFINBUF (Prop_DIFFINBUF_HPIOBDIFFINBUF_DIFF_IN_P_O)
                                                      0.506     0.506 r  ibufds_clk_freerun_inst/DIFFINBUF_INST/O
                         net (fo=1, routed)           0.090     0.596    ibufds_clk_freerun_inst/OUT
    D18                  IBUFCTRL (Prop_IBUFCTRL_HPIOB_I_O)
                                                      0.000     0.596 r  ibufds_clk_freerun_inst/IBUFCTRL_INST/O
                         net (fo=1, routed)           0.716     1.312    hb_gtwiz_reset_clk_freerun_ibuf
    BUFGCE_X0Y50         BUFGCE (Prop_BUFCE_BUFGCE_I_O)
                                                      0.083     1.395 r  bufg_clk_freerun_inst/O
    X2Y2 (CLOCK_ROOT)    net (fo=585, routed)         2.589     3.984    ila_inst/inst/ila_core_inst/u_trig/U_TM/N_DDR_MODE.G_NMU[3].U_M/allx_typeA_match_detection.ltlib_v1_0_0_allx_typeA_inst/I_IS_TERMINATION_SLICE_W_OUTPUT_REG.DOUT_O_reg_0
    SLICE_X94Y145        FDRE                                         r  ila_inst/inst/ila_core_inst/u_trig/U_TM/N_DDR_MODE.G_NMU[3].U_M/allx_typeA_match_detection.ltlib_v1_0_0_allx_typeA_inst/probeDelay1_reg[0]/C
  -------------------------------------------------------------------    -------------------
    SLICE_X94Y145        FDRE (Prop_HFF_SLICEM_C_Q)
                                                      0.114     4.098 r  ila_inst/inst/ila_core_inst/u_trig/U_TM/N_DDR_MODE.G_NMU[3].U_M/allx_typeA_match_detection.ltlib_v1_0_0_allx_typeA_inst/probeDelay1_reg[0]/Q
                         net (fo=3, routed)           0.853     4.951    ila_inst/inst/ila_core_inst/u_trig/U_TM/N_DDR_MODE.G_NMU[3].U_M/allx_typeA_match_detection.ltlib_v1_0_0_allx_typeA_inst/DUT/I_WHOLE_SLICE.G_SLICE_IDX[0].U_ALL_SRL_SLICE/u_srlA/I0
    SLICE_X82Y150        SRL16E (Prop_A5LUT_SLICEM_A0_Q)
                                                      0.198     5.149 r  ila_inst/inst/ila_core_inst/u_trig/U_TM/N_DDR_MODE.G_NMU[3].U_M/allx_typeA_match_detection.ltlib_v1_0_0_allx_typeA_inst/DUT/I_WHOLE_SLICE.G_SLICE_IDX[0].U_ALL_SRL_SLICE/u_srlA/S2/Q
                         net (fo=1, routed)           0.510     5.659    ila_inst/inst/ila_core_inst/u_trig/U_TM/N_DDR_MODE.G_NMU[3].U_M/allx_typeA_match_detection.ltlib_v1_0_0_allx_typeA_inst/DUT/lopt_4
    SLICE_X81Y150        CARRY8 (Prop_CARRY8_SLICEM_DI[4]_CO[7])
                                                      0.199     5.858 r  ila_inst/inst/ila_core_inst/u_trig/U_TM/N_DDR_MODE.G_NMU[3].U_M/allx_typeA_match_detection.ltlib_v1_0_0_allx_typeA_inst/DUT/u_carry4_inst_CARRY8/CO[7]
                         net (fo=1, routed)           0.607     6.465    ila_inst/inst/ila_core_inst/u_trig/U_TM/N_DDR_MODE.G_NMU[3].U_M/allx_typeA_match_detection.ltlib_v1_0_0_allx_typeA_inst/DUT/I_WHOLE_SLICE.G_SLICE_IDX[0].U_ALL_SRL_SLICE/muxcy_lo[3]
    SLICE_X81Y143        FDRE                                         r  ila_inst/inst/ila_core_inst/u_trig/U_TM/N_DDR_MODE.G_NMU[3].U_M/allx_typeA_match_detection.ltlib_v1_0_0_allx_typeA_inst/DUT/I_WHOLE_SLICE.G_SLICE_IDX[0].U_ALL_SRL_SLICE/I_IS_TERMINATION_SLICE_W_OUTPUT_REG.DOUT_O_reg/D
  -------------------------------------------------------------------    -------------------

                         (clock clk_freerun rise edge)
                                                     10.000    10.000 r  
    D18                                               0.000    10.000 r  hb_gtwiz_reset_clk_freerun_p (IN)
                         net (fo=0)                   0.000    10.000    ibufds_clk_freerun_inst/I
    HPIOBDIFFINBUF_X0Y61 DIFFINBUF (Prop_DIFFINBUF_HPIOBDIFFINBUF_DIFF_IN_P_O)
                                                      0.309    10.309 r  ibufds_clk_freerun_inst/DIFFINBUF_INST/O
                         net (fo=1, routed)           0.051    10.360    ibufds_clk_freerun_inst/OUT
    D18                  IBUFCTRL (Prop_IBUFCTRL_HPIOB_I_O)
                                                      0.000    10.360 r  ibufds_clk_freerun_inst/IBUFCTRL_INST/O
                         net (fo=1, routed)           0.622    10.982    hb_gtwiz_reset_clk_freerun_ibuf
    BUFGCE_X0Y50         BUFGCE (Prop_BUFCE_BUFGCE_I_O)
                                                      0.075    11.057 r  bufg_clk_freerun_inst/O
    X2Y2 (CLOCK_ROOT)    net (fo=585, routed)         2.270    13.327    ila_inst/inst/ila_core_inst/u_trig/U_TM/N_DDR_MODE.G_NMU[3].U_M/allx_typeA_match_detection.ltlib_v1_0_0_allx_typeA_inst/DUT/I_WHOLE_SLICE.G_SLICE_IDX[0].U_ALL_SRL_SLICE/I_IS_TERMINATION_SLICE_W_OUTPUT_REG.DOUT_O_reg_1
    SLICE_X81Y143        FDRE                                         r  ila_inst/inst/ila_core_inst/u_trig/U_TM/N_DDR_MODE.G_NMU[3].U_M/allx_typeA_match_detection.ltlib_v1_0_0_allx_typeA_inst/DUT/I_WHOLE_SLICE.G_SLICE_IDX[0].U_ALL_SRL_SLICE/I_IS_TERMINATION_SLICE_W_OUTPUT_REG.DOUT_O_reg/C
                         clock pessimism              0.483    13.810    
                         clock uncertainty           -0.035    13.774    
    SLICE_X81Y143        FDRE (Setup_HFF2_SLICEM_C_D)
                                                      0.060    13.834    ila_inst/inst/ila_core_inst/u_trig/U_TM/N_DDR_MODE.G_NMU[3].U_M/allx_typeA_match_detection.ltlib_v1_0_0_allx_typeA_inst/DUT/I_WHOLE_SLICE.G_SLICE_IDX[0].U_ALL_SRL_SLICE/I_IS_TERMINATION_SLICE_W_OUTPUT_REG.DOUT_O_reg
  -------------------------------------------------------------------
                         required time                         13.834    
                         arrival time                          -6.465    
  -------------------------------------------------------------------
                         slack                                  7.369    

Slack (MET) :             7.373ns  (required time - arrival time)
  Source:                 ila_inst/inst/ila_core_inst/u_trig/U_TM/N_DDR_MODE.G_NMU[12].U_M/allx_typeA_match_detection.ltlib_v1_0_0_allx_typeA_inst/probeDelay1_reg[0]/C
                            (rising edge-triggered cell FDRE clocked by clk_freerun  {rise@0.000ns fall@5.000ns period=10.000ns})
  Destination:            ila_inst/inst/ila_core_inst/u_trig/U_TM/N_DDR_MODE.G_NMU[12].U_M/allx_typeA_match_detection.ltlib_v1_0_0_allx_typeA_inst/DUT/I_WHOLE_SLICE.G_SLICE_IDX[0].U_ALL_SRL_SLICE/I_IS_TERMINATION_SLICE_W_OUTPUT_REG.DOUT_O_reg/D
                            (rising edge-triggered cell FDRE clocked by clk_freerun  {rise@0.000ns fall@5.000ns period=10.000ns})
  Path Group:             clk_freerun
  Path Type:              Setup (Max at Slow Process Corner)
  Requirement:            10.000ns  (clk_freerun rise@10.000ns - clk_freerun rise@0.000ns)
  Data Path Delay:        2.473ns  (logic 0.554ns (22.402%)  route 1.919ns (77.598%))
  Logic Levels:           2  (CARRY8=1 SRLC32E=1)
  Clock Path Skew:        -0.178ns (DCD - SCD + CPR)
    Destination Clock Delay (DCD):    3.322ns = ( 13.322 - 10.000 ) 
    Source Clock Delay      (SCD):    3.983ns
    Clock Pessimism Removal (CPR):    0.483ns
  Clock Uncertainty:      0.035ns  ((TSJ^2 + TIJ^2)^1/2 + DJ) / 2 + PE
    Total System Jitter     (TSJ):    0.071ns
    Total Input Jitter      (TIJ):    0.000ns
    Discrete Jitter          (DJ):    0.000ns
    Phase Error              (PE):    0.000ns
  Clock Net Delay (Source):      2.588ns (routing 1.113ns, distribution 1.475ns)
  Clock Net Delay (Destination): 2.265ns (routing 1.025ns, distribution 1.240ns)

    Location             Delay type                Incr(ns)  Path(ns)    Netlist Resource(s)
  -------------------------------------------------------------------    -------------------
                         (clock clk_freerun rise edge)
                                                      0.000     0.000 r  
    D18                                               0.000     0.000 r  hb_gtwiz_reset_clk_freerun_p (IN)
                         net (fo=0)                   0.000     0.000    ibufds_clk_freerun_inst/I
    HPIOBDIFFINBUF_X0Y61 DIFFINBUF (Prop_DIFFINBUF_HPIOBDIFFINBUF_DIFF_IN_P_O)
                                                      0.506     0.506 r  ibufds_clk_freerun_inst/DIFFINBUF_INST/O
                         net (fo=1, routed)           0.090     0.596    ibufds_clk_freerun_inst/OUT
    D18                  IBUFCTRL (Prop_IBUFCTRL_HPIOB_I_O)
                                                      0.000     0.596 r  ibufds_clk_freerun_inst/IBUFCTRL_INST/O
                         net (fo=1, routed)           0.716     1.312    hb_gtwiz_reset_clk_freerun_ibuf
    BUFGCE_X0Y50         BUFGCE (Prop_BUFCE_BUFGCE_I_O)
                                                      0.083     1.395 r  bufg_clk_freerun_inst/O
    X2Y2 (CLOCK_ROOT)    net (fo=585, routed)         2.588     3.983    ila_inst/inst/ila_core_inst/u_trig/U_TM/N_DDR_MODE.G_NMU[12].U_M/allx_typeA_match_detection.ltlib_v1_0_0_allx_typeA_inst/I_IS_TERMINATION_SLICE_W_OUTPUT_REG.DOUT_O_reg_0
    SLICE_X91Y144        FDRE                                         r  ila_inst/inst/ila_core_inst/u_trig/U_TM/N_DDR_MODE.G_NMU[12].U_M/allx_typeA_match_detection.ltlib_v1_0_0_allx_typeA_inst/probeDelay1_reg[0]/C
  -------------------------------------------------------------------    -------------------
    SLICE_X91Y144        FDRE (Prop_CFF_SLICEL_C_Q)
                                                      0.114     4.097 r  ila_inst/inst/ila_core_inst/u_trig/U_TM/N_DDR_MODE.G_NMU[12].U_M/allx_typeA_match_detection.ltlib_v1_0_0_allx_typeA_inst/probeDelay1_reg[0]/Q
                         net (fo=3, routed)           0.816     4.913    ila_inst/inst/ila_core_inst/u_trig/U_TM/N_DDR_MODE.G_NMU[12].U_M/allx_typeA_match_detection.ltlib_v1_0_0_allx_typeA_inst/DUT/I_WHOLE_SLICE.G_SLICE_IDX[0].U_ALL_SRL_SLICE/u_srlA/I0
    SLICE_X82Y153        SRLC32E (Prop_A6LUT_SLICEM_A[0]_Q)
                                                      0.176     5.089 r  ila_inst/inst/ila_core_inst/u_trig/U_TM/N_DDR_MODE.G_NMU[12].U_M/allx_typeA_match_detection.ltlib_v1_0_0_allx_typeA_inst/DUT/I_WHOLE_SLICE.G_SLICE_IDX[0].U_ALL_SRL_SLICE/u_srlA/S1/Q
                         net (fo=1, routed)           0.375     5.464    ila_inst/inst/ila_core_inst/u_trig/U_TM/N_DDR_MODE.G_NMU[12].U_M/allx_typeA_match_detection.ltlib_v1_0_0_allx_typeA_inst/DUT/lopt_8
    SLICE_X82Y154        CARRY8 (Prop_CARRY8_SLICEM_S[4]_CO[7])
                                                      0.264     5.728 r  ila_inst/inst/ila_core_inst/u_trig/U_TM/N_DDR_MODE.G_NMU[12].U_M/allx_typeA_match_detection.ltlib_v1_0_0_allx_typeA_inst/DUT/u_carry4_inst_CARRY8/CO[7]
                         net (fo=1, routed)           0.728     6.456    ila_inst/inst/ila_core_inst/u_trig/U_TM/N_DDR_MODE.G_NMU[12].U_M/allx_typeA_match_detection.ltlib_v1_0_0_allx_typeA_inst/DUT/I_WHOLE_SLICE.G_SLICE_IDX[0].U_ALL_SRL_SLICE/muxcy_lo[3]
    SLICE_X80Y146        FDRE                                         r  ila_inst/inst/ila_core_inst/u_trig/U_TM/N_DDR_MODE.G_NMU[12].U_M/allx_typeA_match_detection.ltlib_v1_0_0_allx_typeA_inst/DUT/I_WHOLE_SLICE.G_SLICE_IDX[0].U_ALL_SRL_SLICE/I_IS_TERMINATION_SLICE_W_OUTPUT_REG.DOUT_O_reg/D
  -------------------------------------------------------------------    -------------------

                         (clock clk_freerun rise edge)
                                                     10.000    10.000 r  
    D18                                               0.000    10.000 r  hb_gtwiz_reset_clk_freerun_p (IN)
                         net (fo=0)                   0.000    10.000    ibufds_clk_freerun_inst/I
    HPIOBDIFFINBUF_X0Y61 DIFFINBUF (Prop_DIFFINBUF_HPIOBDIFFINBUF_DIFF_IN_P_O)
                                                      0.309    10.309 r  ibufds_clk_freerun_inst/DIFFINBUF_INST/O
                         net (fo=1, routed)           0.051    10.360    ibufds_clk_freerun_inst/OUT
    D18                  IBUFCTRL (Prop_IBUFCTRL_HPIOB_I_O)
                                                      0.000    10.360 r  ibufds_clk_freerun_inst/IBUFCTRL_INST/O
                         net (fo=1, routed)           0.622    10.982    hb_gtwiz_reset_clk_freerun_ibuf
    BUFGCE_X0Y50         BUFGCE (Prop_BUFCE_BUFGCE_I_O)
                                                      0.075    11.057 r  bufg_clk_freerun_inst/O
    X2Y2 (CLOCK_ROOT)    net (fo=585, routed)         2.265    13.322    ila_inst/inst/ila_core_inst/u_trig/U_TM/N_DDR_MODE.G_NMU[12].U_M/allx_typeA_match_detection.ltlib_v1_0_0_allx_typeA_inst/DUT/I_WHOLE_SLICE.G_SLICE_IDX[0].U_ALL_SRL_SLICE/I_IS_TERMINATION_SLICE_W_OUTPUT_REG.DOUT_O_reg_1
    SLICE_X80Y146        FDRE                                         r  ila_inst/inst/ila_core_inst/u_trig/U_TM/N_DDR_MODE.G_NMU[12].U_M/allx_typeA_match_detection.ltlib_v1_0_0_allx_typeA_inst/DUT/I_WHOLE_SLICE.G_SLICE_IDX[0].U_ALL_SRL_SLICE/I_IS_TERMINATION_SLICE_W_OUTPUT_REG.DOUT_O_reg/C
                         clock pessimism              0.483    13.805    
                         clock uncertainty           -0.035    13.770    
    SLICE_X80Y146        FDRE (Setup_HFF2_SLICEL_C_D)
                                                      0.060    13.830    ila_inst/inst/ila_core_inst/u_trig/U_TM/N_DDR_MODE.G_NMU[12].U_M/allx_typeA_match_detection.ltlib_v1_0_0_allx_typeA_inst/DUT/I_WHOLE_SLICE.G_SLICE_IDX[0].U_ALL_SRL_SLICE/I_IS_TERMINATION_SLICE_W_OUTPUT_REG.DOUT_O_reg
  -------------------------------------------------------------------
                         required time                         13.830    
                         arrival time                          -6.456    
  -------------------------------------------------------------------
                         slack                                  7.373    

Slack (MET) :             7.388ns  (required time - arrival time)
  Source:                 ila_inst/inst/ila_core_inst/u_trig/N_DDR_TC.N_DDR_TC_INST[0].U_TC/allx_typeA_match_detection.ltlib_v1_0_0_allx_typeA_inst/probeDelay1_reg[2]/C
                            (rising edge-triggered cell FDRE clocked by clk_freerun  {rise@0.000ns fall@5.000ns period=10.000ns})
  Destination:            ila_inst/inst/ila_core_inst/u_trig/N_DDR_TC.N_DDR_TC_INST[0].U_TC/allx_typeA_match_detection.ltlib_v1_0_0_allx_typeA_inst/DUT/I_WHOLE_SLICE.G_SLICE_IDX[1].U_ALL_SRL_SLICE/I_IS_TERMINATION_SLICE_W_OUTPUT_REG.DOUT_O_reg/D
                            (rising edge-triggered cell FDRE clocked by clk_freerun  {rise@0.000ns fall@5.000ns period=10.000ns})
  Path Group:             clk_freerun
  Path Type:              Setup (Max at Slow Process Corner)
  Requirement:            10.000ns  (clk_freerun rise@10.000ns - clk_freerun rise@0.000ns)
  Data Path Delay:        2.600ns  (logic 0.534ns (20.538%)  route 2.066ns (79.462%))
  Logic Levels:           3  (CARRY8=2 SRL16E=1)
  Clock Path Skew:        -0.039ns (DCD - SCD + CPR)
    Destination Clock Delay (DCD):    3.398ns = ( 13.398 - 10.000 ) 
    Source Clock Delay      (SCD):    3.920ns
    Clock Pessimism Removal (CPR):    0.483ns
  Clock Uncertainty:      0.035ns  ((TSJ^2 + TIJ^2)^1/2 + DJ) / 2 + PE
    Total System Jitter     (TSJ):    0.071ns
    Total Input Jitter      (TIJ):    0.000ns
    Discrete Jitter          (DJ):    0.000ns
    Phase Error              (PE):    0.000ns
  Clock Net Delay (Source):      2.525ns (routing 1.113ns, distribution 1.412ns)
  Clock Net Delay (Destination): 2.341ns (routing 1.025ns, distribution 1.316ns)

    Location             Delay type                Incr(ns)  Path(ns)    Netlist Resource(s)
  -------------------------------------------------------------------    -------------------
                         (clock clk_freerun rise edge)
                                                      0.000     0.000 r  
    D18                                               0.000     0.000 r  hb_gtwiz_reset_clk_freerun_p (IN)
                         net (fo=0)                   0.000     0.000    ibufds_clk_freerun_inst/I
    HPIOBDIFFINBUF_X0Y61 DIFFINBUF (Prop_DIFFINBUF_HPIOBDIFFINBUF_DIFF_IN_P_O)
                                                      0.506     0.506 r  ibufds_clk_freerun_inst/DIFFINBUF_INST/O
                         net (fo=1, routed)           0.090     0.596    ibufds_clk_freerun_inst/OUT
    D18                  IBUFCTRL (Prop_IBUFCTRL_HPIOB_I_O)
                                                      0.000     0.596 r  ibufds_clk_freerun_inst/IBUFCTRL_INST/O
                         net (fo=1, routed)           0.716     1.312    hb_gtwiz_reset_clk_freerun_ibuf
    BUFGCE_X0Y50         BUFGCE (Prop_BUFCE_BUFGCE_I_O)
                                                      0.083     1.395 r  bufg_clk_freerun_inst/O
    X2Y2 (CLOCK_ROOT)    net (fo=585, routed)         2.525     3.920    ila_inst/inst/ila_core_inst/u_trig/N_DDR_TC.N_DDR_TC_INST[0].U_TC/allx_typeA_match_detection.ltlib_v1_0_0_allx_typeA_inst/I_IS_TERMINATION_SLICE_W_OUTPUT_REG.DOUT_O_reg_0
    SLICE_X81Y145        FDRE                                         r  ila_inst/inst/ila_core_inst/u_trig/N_DDR_TC.N_DDR_TC_INST[0].U_TC/allx_typeA_match_detection.ltlib_v1_0_0_allx_typeA_inst/probeDelay1_reg[2]/C
  -------------------------------------------------------------------    -------------------
    SLICE_X81Y145        FDRE (Prop_FFF_SLICEM_C_Q)
                                                      0.114     4.034 r  ila_inst/inst/ila_core_inst/u_trig/N_DDR_TC.N_DDR_TC_INST[0].U_TC/allx_typeA_match_detection.ltlib_v1_0_0_allx_typeA_inst/probeDelay1_reg[2]/Q
                         net (fo=2, routed)           0.360     4.394    ila_inst/inst/ila_core_inst/u_trig/N_DDR_TC.N_DDR_TC_INST[0].U_TC/allx_typeA_match_detection.ltlib_v1_0_0_allx_typeA_inst/DUT/I_WHOLE_SLICE.G_SLICE_IDX[0].U_ALL_SRL_SLICE/u_srlB/I1
    SLICE_X81Y145        SRL16E (Prop_B5LUT_SLICEM_A1_Q)
                                                      0.165     4.559 r  ila_inst/inst/ila_core_inst/u_trig/N_DDR_TC.N_DDR_TC_INST[0].U_TC/allx_typeA_match_detection.ltlib_v1_0_0_allx_typeA_inst/DUT/I_WHOLE_SLICE.G_SLICE_IDX[0].U_ALL_SRL_SLICE/u_srlB/S2/Q
                         net (fo=1, routed)           0.674     5.233    ila_inst/inst/ila_core_inst/u_trig/N_DDR_TC.N_DDR_TC_INST[0].U_TC/allx_typeA_match_detection.ltlib_v1_0_0_allx_typeA_inst/DUT/lopt_3
    SLICE_X79Y145        CARRY8 (Prop_CARRY8_SLICEM_DI[5]_CO[7])
                                                      0.182     5.415 r  ila_inst/inst/ila_core_inst/u_trig/N_DDR_TC.N_DDR_TC_INST[0].U_TC/allx_typeA_match_detection.ltlib_v1_0_0_allx_typeA_inst/DUT/u_carry4_inst_CARRY8/CO[7]
                         net (fo=1, routed)           0.094     5.509    ila_inst/inst/ila_core_inst/u_trig/N_DDR_TC.N_DDR_TC_INST[0].U_TC/allx_typeA_match_detection.ltlib_v1_0_0_allx_typeA_inst/DUT/I_WHOLE_SLICE.G_SLICE_IDX[1].U_ALL_SRL_SLICE/DOUT_O
    SLICE_X79Y146        CARRY8 (Prop_CARRY8_SLICEM_CI_CO[3])
                                                      0.073     5.582 r  ila_inst/inst/ila_core_inst/u_trig/N_DDR_TC.N_DDR_TC_INST[0].U_TC/allx_typeA_match_detection.ltlib_v1_0_0_allx_typeA_inst/DUT/I_WHOLE_SLICE.G_SLICE_IDX[1].U_ALL_SRL_SLICE/u_carry4_inst_CARRY8/CO[3]
                         net (fo=1, routed)           0.938     6.520    ila_inst/inst/ila_core_inst/u_trig/N_DDR_TC.N_DDR_TC_INST[0].U_TC/allx_typeA_match_detection.ltlib_v1_0_0_allx_typeA_inst/DUT/I_WHOLE_SLICE.G_SLICE_IDX[1].U_ALL_SRL_SLICE/muxcy_lo[3]
    SLICE_X95Y144        FDRE                                         r  ila_inst/inst/ila_core_inst/u_trig/N_DDR_TC.N_DDR_TC_INST[0].U_TC/allx_typeA_match_detection.ltlib_v1_0_0_allx_typeA_inst/DUT/I_WHOLE_SLICE.G_SLICE_IDX[1].U_ALL_SRL_SLICE/I_IS_TERMINATION_SLICE_W_OUTPUT_REG.DOUT_O_reg/D
  -------------------------------------------------------------------    -------------------

                         (clock clk_freerun rise edge)
                                                     10.000    10.000 r  
    D18                                               0.000    10.000 r  hb_gtwiz_reset_clk_freerun_p (IN)
                         net (fo=0)                   0.000    10.000    ibufds_clk_freerun_inst/I
    HPIOBDIFFINBUF_X0Y61 DIFFINBUF (Prop_DIFFINBUF_HPIOBDIFFINBUF_DIFF_IN_P_O)
                                                      0.309    10.309 r  ibufds_clk_freerun_inst/DIFFINBUF_INST/O
                         net (fo=1, routed)           0.051    10.360    ibufds_clk_freerun_inst/OUT
    D18                  IBUFCTRL (Prop_IBUFCTRL_HPIOB_I_O)
                                                      0.000    10.360 r  ibufds_clk_freerun_inst/IBUFCTRL_INST/O
                         net (fo=1, routed)           0.622    10.982    hb_gtwiz_reset_clk_freerun_ibuf
    BUFGCE_X0Y50         BUFGCE (Prop_BUFCE_BUFGCE_I_O)
                                                      0.075    11.057 r  bufg_clk_freerun_inst/O
    X2Y2 (CLOCK_ROOT)    net (fo=585, routed)         2.341    13.398    ila_inst/inst/ila_core_inst/u_trig/N_DDR_TC.N_DDR_TC_INST[0].U_TC/allx_typeA_match_detection.ltlib_v1_0_0_allx_typeA_inst/DUT/I_WHOLE_SLICE.G_SLICE_IDX[1].U_ALL_SRL_SLICE/I_IS_TERMINATION_SLICE_W_OUTPUT_REG.DOUT_O_reg_3
    SLICE_X95Y144        FDRE                                         r  ila_inst/inst/ila_core_inst/u_trig/N_DDR_TC.N_DDR_TC_INST[0].U_TC/allx_typeA_match_detection.ltlib_v1_0_0_allx_typeA_inst/DUT/I_WHOLE_SLICE.G_SLICE_IDX[1].U_ALL_SRL_SLICE/I_IS_TERMINATION_SLICE_W_OUTPUT_REG.DOUT_O_reg/C
                         clock pessimism              0.483    13.881    
                         clock uncertainty           -0.035    13.845    
    SLICE_X95Y144        FDRE (Setup_DFF2_SLICEL_C_D)
                                                      0.063    13.908    ila_inst/inst/ila_core_inst/u_trig/N_DDR_TC.N_DDR_TC_INST[0].U_TC/allx_typeA_match_detection.ltlib_v1_0_0_allx_typeA_inst/DUT/I_WHOLE_SLICE.G_SLICE_IDX[1].U_ALL_SRL_SLICE/I_IS_TERMINATION_SLICE_W_OUTPUT_REG.DOUT_O_reg
  -------------------------------------------------------------------
                         required time                         13.908    
                         arrival time                          -6.520    
  -------------------------------------------------------------------
                         slack                                  7.388    

Slack (MET) :             7.517ns  (required time - arrival time)
  Source:                 ila_inst/inst/ila_core_inst/u_trig/U_TM/N_DDR_MODE.G_NMU[1].U_M/allx_typeA_match_detection.ltlib_v1_0_0_allx_typeA_inst/probeDelay1_reg[0]/C
                            (rising edge-triggered cell FDRE clocked by clk_freerun  {rise@0.000ns fall@5.000ns period=10.000ns})
  Destination:            ila_inst/inst/ila_core_inst/u_trig/U_TM/N_DDR_MODE.G_NMU[1].U_M/allx_typeA_match_detection.ltlib_v1_0_0_allx_typeA_inst/DUT/I_WHOLE_SLICE.G_SLICE_IDX[0].U_ALL_SRL_SLICE/I_IS_TERMINATION_SLICE_W_OUTPUT_REG.DOUT_O_reg/D
                            (rising edge-triggered cell FDRE clocked by clk_freerun  {rise@0.000ns fall@5.000ns period=10.000ns})
  Path Group:             clk_freerun
  Path Type:              Setup (Max at Slow Process Corner)
  Requirement:            10.000ns  (clk_freerun rise@10.000ns - clk_freerun rise@0.000ns)
  Data Path Delay:        2.317ns  (logic 0.554ns (23.910%)  route 1.763ns (76.090%))
  Logic Levels:           2  (CARRY8=1 SRLC32E=1)
  Clock Path Skew:        -0.193ns (DCD - SCD + CPR)
    Destination Clock Delay (DCD):    3.317ns = ( 13.317 - 10.000 ) 
    Source Clock Delay      (SCD):    3.993ns
    Clock Pessimism Removal (CPR):    0.483ns
  Clock Uncertainty:      0.035ns  ((TSJ^2 + TIJ^2)^1/2 + DJ) / 2 + PE
    Total System Jitter     (TSJ):    0.071ns
    Total Input Jitter      (TIJ):    0.000ns
    Discrete Jitter          (DJ):    0.000ns
    Phase Error              (PE):    0.000ns
  Clock Net Delay (Source):      2.598ns (routing 1.113ns, distribution 1.485ns)
  Clock Net Delay (Destination): 2.260ns (routing 1.025ns, distribution 1.235ns)

    Location             Delay type                Incr(ns)  Path(ns)    Netlist Resource(s)
  -------------------------------------------------------------------    -------------------
                         (clock clk_freerun rise edge)
                                                      0.000     0.000 r  
    D18                                               0.000     0.000 r  hb_gtwiz_reset_clk_freerun_p (IN)
                         net (fo=0)                   0.000     0.000    ibufds_clk_freerun_inst/I
    HPIOBDIFFINBUF_X0Y61 DIFFINBUF (Prop_DIFFINBUF_HPIOBDIFFINBUF_DIFF_IN_P_O)
                                                      0.506     0.506 r  ibufds_clk_freerun_inst/DIFFINBUF_INST/O
                         net (fo=1, routed)           0.090     0.596    ibufds_clk_freerun_inst/OUT
    D18                  IBUFCTRL (Prop_IBUFCTRL_HPIOB_I_O)
                                                      0.000     0.596 r  ibufds_clk_freerun_inst/IBUFCTRL_INST/O
                         net (fo=1, routed)           0.716     1.312    hb_gtwiz_reset_clk_freerun_ibuf
    BUFGCE_X0Y50         BUFGCE (Prop_BUFCE_BUFGCE_I_O)
                                                      0.083     1.395 r  bufg_clk_freerun_inst/O
    X2Y2 (CLOCK_ROOT)    net (fo=585, routed)         2.598     3.993    ila_inst/inst/ila_core_inst/u_trig/U_TM/N_DDR_MODE.G_NMU[1].U_M/allx_typeA_match_detection.ltlib_v1_0_0_allx_typeA_inst/I_IS_TERMINATION_SLICE_W_OUTPUT_REG.DOUT_O_reg_0
    SLICE_X91Y146        FDRE                                         r  ila_inst/inst/ila_core_inst/u_trig/U_TM/N_DDR_MODE.G_NMU[1].U_M/allx_typeA_match_detection.ltlib_v1_0_0_allx_typeA_inst/probeDelay1_reg[0]/C
  -------------------------------------------------------------------    -------------------
    SLICE_X91Y146        FDRE (Prop_CFF_SLICEL_C_Q)
                                                      0.114     4.107 r  ila_inst/inst/ila_core_inst/u_trig/U_TM/N_DDR_MODE.G_NMU[1].U_M/allx_typeA_match_detection.ltlib_v1_0_0_allx_typeA_inst/probeDelay1_reg[0]/Q
                         net (fo=3, routed)           0.811     4.918    ila_inst/inst/ila_core_inst/u_trig/U_TM/N_DDR_MODE.G_NMU[1].U_M/allx_typeA_match_detection.ltlib_v1_0_0_allx_typeA_inst/DUT/I_WHOLE_SLICE.G_SLICE_IDX[0].U_ALL_SRL_SLICE/u_srlA/I0
    SLICE_X82Y155        SRLC32E (Prop_A6LUT_SLICEM_A[0]_Q)
                                                      0.176     5.094 r  ila_inst/inst/ila_core_inst/u_trig/U_TM/N_DDR_MODE.G_NMU[1].U_M/allx_typeA_match_detection.ltlib_v1_0_0_allx_typeA_inst/DUT/I_WHOLE_SLICE.G_SLICE_IDX[0].U_ALL_SRL_SLICE/u_srlA/S1/Q
                         net (fo=1, routed)           0.357     5.451    ila_inst/inst/ila_core_inst/u_trig/U_TM/N_DDR_MODE.G_NMU[1].U_M/allx_typeA_match_detection.ltlib_v1_0_0_allx_typeA_inst/DUT/lopt_8
    SLICE_X81Y155        CARRY8 (Prop_CARRY8_SLICEM_S[4]_CO[7])
                                                      0.264     5.715 r  ila_inst/inst/ila_core_inst/u_trig/U_TM/N_DDR_MODE.G_NMU[1].U_M/allx_typeA_match_detection.ltlib_v1_0_0_allx_typeA_inst/DUT/u_carry4_inst_CARRY8/CO[7]
                         net (fo=1, routed)           0.595     6.310    ila_inst/inst/ila_core_inst/u_trig/U_TM/N_DDR_MODE.G_NMU[1].U_M/allx_typeA_match_detection.ltlib_v1_0_0_allx_typeA_inst/DUT/I_WHOLE_SLICE.G_SLICE_IDX[0].U_ALL_SRL_SLICE/muxcy_lo[3]
    SLICE_X80Y147        FDRE                                         r  ila_inst/inst/ila_core_inst/u_trig/U_TM/N_DDR_MODE.G_NMU[1].U_M/allx_typeA_match_detection.ltlib_v1_0_0_allx_typeA_inst/DUT/I_WHOLE_SLICE.G_SLICE_IDX[0].U_ALL_SRL_SLICE/I_IS_TERMINATION_SLICE_W_OUTPUT_REG.DOUT_O_reg/D
  -------------------------------------------------------------------    -------------------

                         (clock clk_freerun rise edge)
                                                     10.000    10.000 r  
    D18                                               0.000    10.000 r  hb_gtwiz_reset_clk_freerun_p (IN)
                         net (fo=0)                   0.000    10.000    ibufds_clk_freerun_inst/I
    HPIOBDIFFINBUF_X0Y61 DIFFINBUF (Prop_DIFFINBUF_HPIOBDIFFINBUF_DIFF_IN_P_O)
                                                      0.309    10.309 r  ibufds_clk_freerun_inst/DIFFINBUF_INST/O
                         net (fo=1, routed)           0.051    10.360    ibufds_clk_freerun_inst/OUT
    D18                  IBUFCTRL (Prop_IBUFCTRL_HPIOB_I_O)
                                                      0.000    10.360 r  ibufds_clk_freerun_inst/IBUFCTRL_INST/O
                         net (fo=1, routed)           0.622    10.982    hb_gtwiz_reset_clk_freerun_ibuf
    BUFGCE_X0Y50         BUFGCE (Prop_BUFCE_BUFGCE_I_O)
                                                      0.075    11.057 r  bufg_clk_freerun_inst/O
    X2Y2 (CLOCK_ROOT)    net (fo=585, routed)         2.260    13.317    ila_inst/inst/ila_core_inst/u_trig/U_TM/N_DDR_MODE.G_NMU[1].U_M/allx_typeA_match_detection.ltlib_v1_0_0_allx_typeA_inst/DUT/I_WHOLE_SLICE.G_SLICE_IDX[0].U_ALL_SRL_SLICE/I_IS_TERMINATION_SLICE_W_OUTPUT_REG.DOUT_O_reg_1
    SLICE_X80Y147        FDRE                                         r  ila_inst/inst/ila_core_inst/u_trig/U_TM/N_DDR_MODE.G_NMU[1].U_M/allx_typeA_match_detection.ltlib_v1_0_0_allx_typeA_inst/DUT/I_WHOLE_SLICE.G_SLICE_IDX[0].U_ALL_SRL_SLICE/I_IS_TERMINATION_SLICE_W_OUTPUT_REG.DOUT_O_reg/C
                         clock pessimism              0.483    13.800    
                         clock uncertainty           -0.035    13.764    
    SLICE_X80Y147        FDRE (Setup_DFF2_SLICEL_C_D)
                                                      0.063    13.827    ila_inst/inst/ila_core_inst/u_trig/U_TM/N_DDR_MODE.G_NMU[1].U_M/allx_typeA_match_detection.ltlib_v1_0_0_allx_typeA_inst/DUT/I_WHOLE_SLICE.G_SLICE_IDX[0].U_ALL_SRL_SLICE/I_IS_TERMINATION_SLICE_W_OUTPUT_REG.DOUT_O_reg
  -------------------------------------------------------------------
                         required time                         13.827    
                         arrival time                          -6.310    
  -------------------------------------------------------------------
                         slack                                  7.517    

Slack (MET) :             7.531ns  (required time - arrival time)
  Source:                 ila_inst/inst/ila_core_inst/u_trig/U_TM/N_DDR_MODE.G_NMU[7].U_M/allx_typeA_match_detection.ltlib_v1_0_0_allx_typeA_inst/probeDelay1_reg[0]/C
                            (rising edge-triggered cell FDRE clocked by clk_freerun  {rise@0.000ns fall@5.000ns period=10.000ns})
  Destination:            ila_inst/inst/ila_core_inst/u_trig/U_TM/N_DDR_MODE.G_NMU[7].U_M/allx_typeA_match_detection.ltlib_v1_0_0_allx_typeA_inst/DUT/I_WHOLE_SLICE.G_SLICE_IDX[0].U_ALL_SRL_SLICE/I_IS_TERMINATION_SLICE_W_OUTPUT_REG.DOUT_O_reg/D
                            (rising edge-triggered cell FDRE clocked by clk_freerun  {rise@0.000ns fall@5.000ns period=10.000ns})
  Path Group:             clk_freerun
  Path Type:              Setup (Max at Slow Process Corner)
  Requirement:            10.000ns  (clk_freerun rise@10.000ns - clk_freerun rise@0.000ns)
  Data Path Delay:        2.322ns  (logic 0.511ns (22.007%)  route 1.811ns (77.993%))
  Logic Levels:           2  (CARRY8=1 SRL16E=1)
  Clock Path Skew:        -0.172ns (DCD - SCD + CPR)
    Destination Clock Delay (DCD):    3.327ns = ( 13.327 - 10.000 ) 
    Source Clock Delay      (SCD):    3.982ns
    Clock Pessimism Removal (CPR):    0.483ns
  Clock Uncertainty:      0.035ns  ((TSJ^2 + TIJ^2)^1/2 + DJ) / 2 + PE
    Total System Jitter     (TSJ):    0.071ns
    Total Input Jitter      (TIJ):    0.000ns
    Discrete Jitter          (DJ):    0.000ns
    Phase Error              (PE):    0.000ns
  Clock Net Delay (Source):      2.587ns (routing 1.113ns, distribution 1.474ns)
  Clock Net Delay (Destination): 2.270ns (routing 1.025ns, distribution 1.245ns)

    Location             Delay type                Incr(ns)  Path(ns)    Netlist Resource(s)
  -------------------------------------------------------------------    -------------------
                         (clock clk_freerun rise edge)
                                                      0.000     0.000 r  
    D18                                               0.000     0.000 r  hb_gtwiz_reset_clk_freerun_p (IN)
                         net (fo=0)                   0.000     0.000    ibufds_clk_freerun_inst/I
    HPIOBDIFFINBUF_X0Y61 DIFFINBUF (Prop_DIFFINBUF_HPIOBDIFFINBUF_DIFF_IN_P_O)
                                                      0.506     0.506 r  ibufds_clk_freerun_inst/DIFFINBUF_INST/O
                         net (fo=1, routed)           0.090     0.596    ibufds_clk_freerun_inst/OUT
    D18                  IBUFCTRL (Prop_IBUFCTRL_HPIOB_I_O)
                                                      0.000     0.596 r  ibufds_clk_freerun_inst/IBUFCTRL_INST/O
                         net (fo=1, routed)           0.716     1.312    hb_gtwiz_reset_clk_freerun_ibuf
    BUFGCE_X0Y50         BUFGCE (Prop_BUFCE_BUFGCE_I_O)
                                                      0.083     1.395 r  bufg_clk_freerun_inst/O
    X2Y2 (CLOCK_ROOT)    net (fo=585, routed)         2.587     3.982    ila_inst/inst/ila_core_inst/u_trig/U_TM/N_DDR_MODE.G_NMU[7].U_M/allx_typeA_match_detection.ltlib_v1_0_0_allx_typeA_inst/I_IS_TERMINATION_SLICE_W_OUTPUT_REG.DOUT_O_reg_0
    SLICE_X91Y145        FDRE                                         r  ila_inst/inst/ila_core_inst/u_trig/U_TM/N_DDR_MODE.G_NMU[7].U_M/allx_typeA_match_detection.ltlib_v1_0_0_allx_typeA_inst/probeDelay1_reg[0]/C
  -------------------------------------------------------------------    -------------------
    SLICE_X91Y145        FDRE (Prop_CFF_SLICEL_C_Q)
                                                      0.114     4.096 r  ila_inst/inst/ila_core_inst/u_trig/U_TM/N_DDR_MODE.G_NMU[7].U_M/allx_typeA_match_detection.ltlib_v1_0_0_allx_typeA_inst/probeDelay1_reg[0]/Q
                         net (fo=3, routed)           0.939     5.035    ila_inst/inst/ila_core_inst/u_trig/U_TM/N_DDR_MODE.G_NMU[7].U_M/allx_typeA_match_detection.ltlib_v1_0_0_allx_typeA_inst/DUT/I_WHOLE_SLICE.G_SLICE_IDX[0].U_ALL_SRL_SLICE/u_srlA/I0
    SLICE_X82Y144        SRL16E (Prop_A5LUT_SLICEM_A0_Q)
                                                      0.198     5.233 r  ila_inst/inst/ila_core_inst/u_trig/U_TM/N_DDR_MODE.G_NMU[7].U_M/allx_typeA_match_detection.ltlib_v1_0_0_allx_typeA_inst/DUT/I_WHOLE_SLICE.G_SLICE_IDX[0].U_ALL_SRL_SLICE/u_srlA/S2/Q
                         net (fo=1, routed)           0.432     5.665    ila_inst/inst/ila_core_inst/u_trig/U_TM/N_DDR_MODE.G_NMU[7].U_M/allx_typeA_match_detection.ltlib_v1_0_0_allx_typeA_inst/DUT/lopt_4
    SLICE_X82Y143        CARRY8 (Prop_CARRY8_SLICEM_DI[4]_CO[7])
                                                      0.199     5.864 r  ila_inst/inst/ila_core_inst/u_trig/U_TM/N_DDR_MODE.G_NMU[7].U_M/allx_typeA_match_detection.ltlib_v1_0_0_allx_typeA_inst/DUT/u_carry4_inst_CARRY8/CO[7]
                         net (fo=1, routed)           0.440     6.304    ila_inst/inst/ila_core_inst/u_trig/U_TM/N_DDR_MODE.G_NMU[7].U_M/allx_typeA_match_detection.ltlib_v1_0_0_allx_typeA_inst/DUT/I_WHOLE_SLICE.G_SLICE_IDX[0].U_ALL_SRL_SLICE/muxcy_lo[3]
    SLICE_X81Y143        FDRE                                         r  ila_inst/inst/ila_core_inst/u_trig/U_TM/N_DDR_MODE.G_NMU[7].U_M/allx_typeA_match_detection.ltlib_v1_0_0_allx_typeA_inst/DUT/I_WHOLE_SLICE.G_SLICE_IDX[0].U_ALL_SRL_SLICE/I_IS_TERMINATION_SLICE_W_OUTPUT_REG.DOUT_O_reg/D
  -------------------------------------------------------------------    -------------------

                         (clock clk_freerun rise edge)
                                                     10.000    10.000 r  
    D18                                               0.000    10.000 r  hb_gtwiz_reset_clk_freerun_p (IN)
                         net (fo=0)                   0.000    10.000    ibufds_clk_freerun_inst/I
    HPIOBDIFFINBUF_X0Y61 DIFFINBUF (Prop_DIFFINBUF_HPIOBDIFFINBUF_DIFF_IN_P_O)
                                                      0.309    10.309 r  ibufds_clk_freerun_inst/DIFFINBUF_INST/O
                         net (fo=1, routed)           0.051    10.360    ibufds_clk_freerun_inst/OUT
    D18                  IBUFCTRL (Prop_IBUFCTRL_HPIOB_I_O)
                                                      0.000    10.360 r  ibufds_clk_freerun_inst/IBUFCTRL_INST/O
                         net (fo=1, routed)           0.622    10.982    hb_gtwiz_reset_clk_freerun_ibuf
    BUFGCE_X0Y50         BUFGCE (Prop_BUFCE_BUFGCE_I_O)
                                                      0.075    11.057 r  bufg_clk_freerun_inst/O
    X2Y2 (CLOCK_ROOT)    net (fo=585, routed)         2.270    13.327    ila_inst/inst/ila_core_inst/u_trig/U_TM/N_DDR_MODE.G_NMU[7].U_M/allx_typeA_match_detection.ltlib_v1_0_0_allx_typeA_inst/DUT/I_WHOLE_SLICE.G_SLICE_IDX[0].U_ALL_SRL_SLICE/I_IS_TERMINATION_SLICE_W_OUTPUT_REG.DOUT_O_reg_1
    SLICE_X81Y143        FDRE                                         r  ila_inst/inst/ila_core_inst/u_trig/U_TM/N_DDR_MODE.G_NMU[7].U_M/allx_typeA_match_detection.ltlib_v1_0_0_allx_typeA_inst/DUT/I_WHOLE_SLICE.G_SLICE_IDX[0].U_ALL_SRL_SLICE/I_IS_TERMINATION_SLICE_W_OUTPUT_REG.DOUT_O_reg/C
                         clock pessimism              0.483    13.810    
                         clock uncertainty           -0.035    13.774    
    SLICE_X81Y143        FDRE (Setup_GFF2_SLICEM_C_D)
                                                      0.061    13.835    ila_inst/inst/ila_core_inst/u_trig/U_TM/N_DDR_MODE.G_NMU[7].U_M/allx_typeA_match_detection.ltlib_v1_0_0_allx_typeA_inst/DUT/I_WHOLE_SLICE.G_SLICE_IDX[0].U_ALL_SRL_SLICE/I_IS_TERMINATION_SLICE_W_OUTPUT_REG.DOUT_O_reg
  -------------------------------------------------------------------
                         required time                         13.835    
                         arrival time                          -6.304    
  -------------------------------------------------------------------
                         slack                                  7.531    

Slack (MET) :             7.561ns  (required time - arrival time)
  Source:                 ila_inst/inst/ila_core_inst/u_ila_cap_ctrl/u_cap_addrgen/u_cap_sample_counter/iscnt_reg[6]/C
                            (rising edge-triggered cell FDRE clocked by clk_freerun  {rise@0.000ns fall@5.000ns period=10.000ns})
  Destination:            ila_inst/inst/ila_core_inst/u_ila_cap_ctrl/u_cap_addrgen/u_cap_sample_counter/u_scnt_cmp_q/D
                            (rising edge-triggered cell FDRE clocked by clk_freerun  {rise@0.000ns fall@5.000ns period=10.000ns})
  Path Group:             clk_freerun
  Path Type:              Setup (Max at Slow Process Corner)
  Requirement:            10.000ns  (clk_freerun rise@10.000ns - clk_freerun rise@0.000ns)
  Data Path Delay:        2.306ns  (logic 0.656ns (28.448%)  route 1.650ns (71.552%))
  Logic Levels:           4  (CARRY8=2 LUT2=1 SRL16E=1)
  Clock Path Skew:        -0.156ns (DCD - SCD + CPR)
    Destination Clock Delay (DCD):    3.391ns = ( 13.391 - 10.000 ) 
    Source Clock Delay      (SCD):    4.029ns
    Clock Pessimism Removal (CPR):    0.482ns
  Clock Uncertainty:      0.035ns  ((TSJ^2 + TIJ^2)^1/2 + DJ) / 2 + PE
    Total System Jitter     (TSJ):    0.071ns
    Total Input Jitter      (TIJ):    0.000ns
    Discrete Jitter          (DJ):    0.000ns
    Phase Error              (PE):    0.000ns
  Clock Net Delay (Source):      2.634ns (routing 1.113ns, distribution 1.521ns)
  Clock Net Delay (Destination): 2.334ns (routing 1.025ns, distribution 1.309ns)

    Location             Delay type                Incr(ns)  Path(ns)    Netlist Resource(s)
  -------------------------------------------------------------------    -------------------
                         (clock clk_freerun rise edge)
                                                      0.000     0.000 r  
    D18                                               0.000     0.000 r  hb_gtwiz_reset_clk_freerun_p (IN)
                         net (fo=0)                   0.000     0.000    ibufds_clk_freerun_inst/I
    HPIOBDIFFINBUF_X0Y61 DIFFINBUF (Prop_DIFFINBUF_HPIOBDIFFINBUF_DIFF_IN_P_O)
                                                      0.506     0.506 r  ibufds_clk_freerun_inst/DIFFINBUF_INST/O
                         net (fo=1, routed)           0.090     0.596    ibufds_clk_freerun_inst/OUT
    D18                  IBUFCTRL (Prop_IBUFCTRL_HPIOB_I_O)
                                                      0.000     0.596 r  ibufds_clk_freerun_inst/IBUFCTRL_INST/O
                         net (fo=1, routed)           0.716     1.312    hb_gtwiz_reset_clk_freerun_ibuf
    BUFGCE_X0Y50         BUFGCE (Prop_BUFCE_BUFGCE_I_O)
                                                      0.083     1.395 r  bufg_clk_freerun_inst/O
    X2Y2 (CLOCK_ROOT)    net (fo=585, routed)         2.634     4.029    ila_inst/inst/ila_core_inst/u_ila_cap_ctrl/u_cap_addrgen/u_cap_sample_counter/probeDelay1_reg[0]
    SLICE_X97Y142        FDRE                                         r  ila_inst/inst/ila_core_inst/u_ila_cap_ctrl/u_cap_addrgen/u_cap_sample_counter/iscnt_reg[6]/C
  -------------------------------------------------------------------    -------------------
    SLICE_X97Y142        FDRE (Prop_CFF_SLICEL_C_Q)
                                                      0.114     4.143 r  ila_inst/inst/ila_core_inst/u_ila_cap_ctrl/u_cap_addrgen/u_cap_sample_counter/iscnt_reg[6]/Q
                         net (fo=8, routed)           0.656     4.799    ila_inst/inst/ila_core_inst/u_ila_cap_ctrl/u_cap_addrgen/u_cap_sample_counter/u_scnt_cmp/allx_typeA_match_detection.ltlib_v1_0_0_allx_typeA_inst/DUT/I_WHOLE_SLICE.G_SLICE_IDX[0].U_ALL_SRL_SLICE/u_srlD/I0
    SLICE_X100Y143       SRL16E (Prop_D5LUT_SLICEM_A0_Q)
                                                      0.194     4.993 r  ila_inst/inst/ila_core_inst/u_ila_cap_ctrl/u_cap_addrgen/u_cap_sample_counter/u_scnt_cmp/allx_typeA_match_detection.ltlib_v1_0_0_allx_typeA_inst/DUT/I_WHOLE_SLICE.G_SLICE_IDX[0].U_ALL_SRL_SLICE/u_srlD/S2/Q
                         net (fo=1, routed)           0.518     5.511    ila_inst/inst/ila_core_inst/u_ila_cap_ctrl/u_cap_addrgen/u_cap_sample_counter/u_scnt_cmp/allx_typeA_match_detection.ltlib_v1_0_0_allx_typeA_inst/DUT/lopt_1
    SLICE_X100Y144       CARRY8 (Prop_CARRY8_SLICEM_DI[7]_CO[7])
                                                      0.143     5.654 r  ila_inst/inst/ila_core_inst/u_ila_cap_ctrl/u_cap_addrgen/u_cap_sample_counter/u_scnt_cmp/allx_typeA_match_detection.ltlib_v1_0_0_allx_typeA_inst/DUT/u_carry4_inst_CARRY8/CO[7]
                         net (fo=1, routed)           0.094     5.748    ila_inst/inst/ila_core_inst/u_ila_cap_ctrl/u_cap_addrgen/u_cap_sample_counter/u_scnt_cmp/allx_typeA_match_detection.ltlib_v1_0_0_allx_typeA_inst/DUT/I_WHOLE_SLICE.G_SLICE_IDX[1].U_ALL_SRL_SLICE/CI_I
    SLICE_X100Y145       CARRY8 (Prop_CARRY8_SLICEM_CI_CO[3])
                                                      0.073     5.821 r  ila_inst/inst/ila_core_inst/u_ila_cap_ctrl/u_cap_addrgen/u_cap_sample_counter/u_scnt_cmp/allx_typeA_match_detection.ltlib_v1_0_0_allx_typeA_inst/DUT/I_WHOLE_SLICE.G_SLICE_IDX[1].U_ALL_SRL_SLICE/u_carry4_inst_CARRY8/CO[3]
                         net (fo=1, routed)           0.355     6.176    ila_inst/inst/ila_core_inst/u_ila_regs/reg_7/I_EN_CTL_EQ1.U_CTL/DOUT_O
    SLICE_X99Y141        LUT2 (Prop_D6LUT_SLICEL_I1_O)
                                                      0.132     6.308 r  ila_inst/inst/ila_core_inst/u_ila_regs/reg_7/I_EN_CTL_EQ1.U_CTL/u_scnt_cmp_q_i_2/O
                         net (fo=1, routed)           0.027     6.335    ila_inst/inst/ila_core_inst/u_ila_cap_ctrl/u_cap_addrgen/u_cap_sample_counter/scnt_cmp_temp
    SLICE_X99Y141        FDRE                                         r  ila_inst/inst/ila_core_inst/u_ila_cap_ctrl/u_cap_addrgen/u_cap_sample_counter/u_scnt_cmp_q/D
  -------------------------------------------------------------------    -------------------

                         (clock clk_freerun rise edge)
                                                     10.000    10.000 r  
    D18                                               0.000    10.000 r  hb_gtwiz_reset_clk_freerun_p (IN)
                         net (fo=0)                   0.000    10.000    ibufds_clk_freerun_inst/I
    HPIOBDIFFINBUF_X0Y61 DIFFINBUF (Prop_DIFFINBUF_HPIOBDIFFINBUF_DIFF_IN_P_O)
                                                      0.309    10.309 r  ibufds_clk_freerun_inst/DIFFINBUF_INST/O
                         net (fo=1, routed)           0.051    10.360    ibufds_clk_freerun_inst/OUT
    D18                  IBUFCTRL (Prop_IBUFCTRL_HPIOB_I_O)
                                                      0.000    10.360 r  ibufds_clk_freerun_inst/IBUFCTRL_INST/O
                         net (fo=1, routed)           0.622    10.982    hb_gtwiz_reset_clk_freerun_ibuf
    BUFGCE_X0Y50         BUFGCE (Prop_BUFCE_BUFGCE_I_O)
                                                      0.075    11.057 r  bufg_clk_freerun_inst/O
    X2Y2 (CLOCK_ROOT)    net (fo=585, routed)         2.334    13.391    ila_inst/inst/ila_core_inst/u_ila_cap_ctrl/u_cap_addrgen/u_cap_sample_counter/probeDelay1_reg[0]
    SLICE_X99Y141        FDRE                                         r  ila_inst/inst/ila_core_inst/u_ila_cap_ctrl/u_cap_addrgen/u_cap_sample_counter/u_scnt_cmp_q/C
                         clock pessimism              0.482    13.873    
                         clock uncertainty           -0.035    13.837    
    SLICE_X99Y141        FDRE (Setup_DFF_SLICEL_C_D)
                                                      0.059    13.896    ila_inst/inst/ila_core_inst/u_ila_cap_ctrl/u_cap_addrgen/u_cap_sample_counter/u_scnt_cmp_q
  -------------------------------------------------------------------
                         required time                         13.896    
                         arrival time                          -6.335    
  -------------------------------------------------------------------
                         slack                                  7.561    

Slack (MET) :             7.570ns  (required time - arrival time)
  Source:                 ila_inst/inst/ila_core_inst/u_trig/U_TM/N_DDR_MODE.G_NMU[10].U_M/allx_typeA_match_detection.ltlib_v1_0_0_allx_typeA_inst/probeDelay1_reg[0]/C
                            (rising edge-triggered cell FDRE clocked by clk_freerun  {rise@0.000ns fall@5.000ns period=10.000ns})
  Destination:            ila_inst/inst/ila_core_inst/u_trig/U_TM/N_DDR_MODE.G_NMU[10].U_M/allx_typeA_match_detection.ltlib_v1_0_0_allx_typeA_inst/DUT/I_WHOLE_SLICE.G_SLICE_IDX[0].U_ALL_SRL_SLICE/I_IS_TERMINATION_SLICE_W_OUTPUT_REG.DOUT_O_reg/D
                            (rising edge-triggered cell FDRE clocked by clk_freerun  {rise@0.000ns fall@5.000ns period=10.000ns})
  Path Group:             clk_freerun
  Path Type:              Setup (Max at Slow Process Corner)
  Requirement:            10.000ns  (clk_freerun rise@10.000ns - clk_freerun rise@0.000ns)
  Data Path Delay:        2.260ns  (logic 0.554ns (24.513%)  route 1.706ns (75.487%))
  Logic Levels:           2  (CARRY8=1 SRLC32E=1)
  Clock Path Skew:        -0.197ns (DCD - SCD + CPR)
    Destination Clock Delay (DCD):    3.324ns = ( 13.324 - 10.000 ) 
    Source Clock Delay      (SCD):    4.004ns
    Clock Pessimism Removal (CPR):    0.483ns
  Clock Uncertainty:      0.035ns  ((TSJ^2 + TIJ^2)^1/2 + DJ) / 2 + PE
    Total System Jitter     (TSJ):    0.071ns
    Total Input Jitter      (TIJ):    0.000ns
    Discrete Jitter          (DJ):    0.000ns
    Phase Error              (PE):    0.000ns
  Clock Net Delay (Source):      2.609ns (routing 1.113ns, distribution 1.496ns)
  Clock Net Delay (Destination): 2.267ns (routing 1.025ns, distribution 1.242ns)

    Location             Delay type                Incr(ns)  Path(ns)    Netlist Resource(s)
  -------------------------------------------------------------------    -------------------
                         (clock clk_freerun rise edge)
                                                      0.000     0.000 r  
    D18                                               0.000     0.000 r  hb_gtwiz_reset_clk_freerun_p (IN)
                         net (fo=0)                   0.000     0.000    ibufds_clk_freerun_inst/I
    HPIOBDIFFINBUF_X0Y61 DIFFINBUF (Prop_DIFFINBUF_HPIOBDIFFINBUF_DIFF_IN_P_O)
                                                      0.506     0.506 r  ibufds_clk_freerun_inst/DIFFINBUF_INST/O
                         net (fo=1, routed)           0.090     0.596    ibufds_clk_freerun_inst/OUT
    D18                  IBUFCTRL (Prop_IBUFCTRL_HPIOB_I_O)
                                                      0.000     0.596 r  ibufds_clk_freerun_inst/IBUFCTRL_INST/O
                         net (fo=1, routed)           0.716     1.312    hb_gtwiz_reset_clk_freerun_ibuf
    BUFGCE_X0Y50         BUFGCE (Prop_BUFCE_BUFGCE_I_O)
                                                      0.083     1.395 r  bufg_clk_freerun_inst/O
    X2Y2 (CLOCK_ROOT)    net (fo=585, routed)         2.609     4.004    ila_inst/inst/ila_core_inst/u_trig/U_TM/N_DDR_MODE.G_NMU[10].U_M/allx_typeA_match_detection.ltlib_v1_0_0_allx_typeA_inst/I_IS_TERMINATION_SLICE_W_OUTPUT_REG.DOUT_O_reg_0
    SLICE_X90Y144        FDRE                                         r  ila_inst/inst/ila_core_inst/u_trig/U_TM/N_DDR_MODE.G_NMU[10].U_M/allx_typeA_match_detection.ltlib_v1_0_0_allx_typeA_inst/probeDelay1_reg[0]/C
  -------------------------------------------------------------------    -------------------
    SLICE_X90Y144        FDRE (Prop_CFF_SLICEL_C_Q)
                                                      0.114     4.118 r  ila_inst/inst/ila_core_inst/u_trig/U_TM/N_DDR_MODE.G_NMU[10].U_M/allx_typeA_match_detection.ltlib_v1_0_0_allx_typeA_inst/probeDelay1_reg[0]/Q
                         net (fo=3, routed)           0.902     5.020    ila_inst/inst/ila_core_inst/u_trig/U_TM/N_DDR_MODE.G_NMU[10].U_M/allx_typeA_match_detection.ltlib_v1_0_0_allx_typeA_inst/DUT/I_WHOLE_SLICE.G_SLICE_IDX[0].U_ALL_SRL_SLICE/u_srlA/I0
    SLICE_X82Y151        SRLC32E (Prop_A6LUT_SLICEM_A[0]_Q)
                                                      0.176     5.196 r  ila_inst/inst/ila_core_inst/u_trig/U_TM/N_DDR_MODE.G_NMU[10].U_M/allx_typeA_match_detection.ltlib_v1_0_0_allx_typeA_inst/DUT/I_WHOLE_SLICE.G_SLICE_IDX[0].U_ALL_SRL_SLICE/u_srlA/S1/Q
                         net (fo=1, routed)           0.357     5.553    ila_inst/inst/ila_core_inst/u_trig/U_TM/N_DDR_MODE.G_NMU[10].U_M/allx_typeA_match_detection.ltlib_v1_0_0_allx_typeA_inst/DUT/lopt_8
    SLICE_X81Y151        CARRY8 (Prop_CARRY8_SLICEM_S[4]_CO[7])
                                                      0.264     5.817 r  ila_inst/inst/ila_core_inst/u_trig/U_TM/N_DDR_MODE.G_NMU[10].U_M/allx_typeA_match_detection.ltlib_v1_0_0_allx_typeA_inst/DUT/u_carry4_inst_CARRY8/CO[7]
                         net (fo=1, routed)           0.447     6.264    ila_inst/inst/ila_core_inst/u_trig/U_TM/N_DDR_MODE.G_NMU[10].U_M/allx_typeA_match_detection.ltlib_v1_0_0_allx_typeA_inst/DUT/I_WHOLE_SLICE.G_SLICE_IDX[0].U_ALL_SRL_SLICE/muxcy_lo[3]
    SLICE_X80Y146        FDRE                                         r  ila_inst/inst/ila_core_inst/u_trig/U_TM/N_DDR_MODE.G_NMU[10].U_M/allx_typeA_match_detection.ltlib_v1_0_0_allx_typeA_inst/DUT/I_WHOLE_SLICE.G_SLICE_IDX[0].U_ALL_SRL_SLICE/I_IS_TERMINATION_SLICE_W_OUTPUT_REG.DOUT_O_reg/D
  -------------------------------------------------------------------    -------------------

                         (clock clk_freerun rise edge)
                                                     10.000    10.000 r  
    D18                                               0.000    10.000 r  hb_gtwiz_reset_clk_freerun_p (IN)
                         net (fo=0)                   0.000    10.000    ibufds_clk_freerun_inst/I
    HPIOBDIFFINBUF_X0Y61 DIFFINBUF (Prop_DIFFINBUF_HPIOBDIFFINBUF_DIFF_IN_P_O)
                                                      0.309    10.309 r  ibufds_clk_freerun_inst/DIFFINBUF_INST/O
                         net (fo=1, routed)           0.051    10.360    ibufds_clk_freerun_inst/OUT
    D18                  IBUFCTRL (Prop_IBUFCTRL_HPIOB_I_O)
                                                      0.000    10.360 r  ibufds_clk_freerun_inst/IBUFCTRL_INST/O
                         net (fo=1, routed)           0.622    10.982    hb_gtwiz_reset_clk_freerun_ibuf
    BUFGCE_X0Y50         BUFGCE (Prop_BUFCE_BUFGCE_I_O)
                                                      0.075    11.057 r  bufg_clk_freerun_inst/O
    X2Y2 (CLOCK_ROOT)    net (fo=585, routed)         2.267    13.324    ila_inst/inst/ila_core_inst/u_trig/U_TM/N_DDR_MODE.G_NMU[10].U_M/allx_typeA_match_detection.ltlib_v1_0_0_allx_typeA_inst/DUT/I_WHOLE_SLICE.G_SLICE_IDX[0].U_ALL_SRL_SLICE/I_IS_TERMINATION_SLICE_W_OUTPUT_REG.DOUT_O_reg_1
    SLICE_X80Y146        FDRE                                         r  ila_inst/inst/ila_core_inst/u_trig/U_TM/N_DDR_MODE.G_NMU[10].U_M/allx_typeA_match_detection.ltlib_v1_0_0_allx_typeA_inst/DUT/I_WHOLE_SLICE.G_SLICE_IDX[0].U_ALL_SRL_SLICE/I_IS_TERMINATION_SLICE_W_OUTPUT_REG.DOUT_O_reg/C
                         clock pessimism              0.483    13.807    
                         clock uncertainty           -0.035    13.771    
    SLICE_X80Y146        FDRE (Setup_DFF2_SLICEL_C_D)
                                                      0.063    13.834    ila_inst/inst/ila_core_inst/u_trig/U_TM/N_DDR_MODE.G_NMU[10].U_M/allx_typeA_match_detection.ltlib_v1_0_0_allx_typeA_inst/DUT/I_WHOLE_SLICE.G_SLICE_IDX[0].U_ALL_SRL_SLICE/I_IS_TERMINATION_SLICE_W_OUTPUT_REG.DOUT_O_reg
  -------------------------------------------------------------------
                         required time                         13.834    
                         arrival time                          -6.264    
  -------------------------------------------------------------------
                         slack                                  7.570    

Slack (MET) :             7.634ns  (required time - arrival time)
  Source:                 ila_inst/inst/ila_core_inst/u_trig/U_TM/N_DDR_MODE.G_NMU[11].U_M/allx_typeA_match_detection.ltlib_v1_0_0_allx_typeA_inst/probeDelay1_reg[0]/C
                            (rising edge-triggered cell FDRE clocked by clk_freerun  {rise@0.000ns fall@5.000ns period=10.000ns})
  Destination:            ila_inst/inst/ila_core_inst/u_trig/U_TM/N_DDR_MODE.G_NMU[11].U_M/allx_typeA_match_detection.ltlib_v1_0_0_allx_typeA_inst/DUT/I_WHOLE_SLICE.G_SLICE_IDX[0].U_ALL_SRL_SLICE/I_IS_TERMINATION_SLICE_W_OUTPUT_REG.DOUT_O_reg/D
                            (rising edge-triggered cell FDRE clocked by clk_freerun  {rise@0.000ns fall@5.000ns period=10.000ns})
  Path Group:             clk_freerun
  Path Type:              Setup (Max at Slow Process Corner)
  Requirement:            10.000ns  (clk_freerun rise@10.000ns - clk_freerun rise@0.000ns)
  Data Path Delay:        2.216ns  (logic 0.554ns (25.000%)  route 1.662ns (75.000%))
  Logic Levels:           2  (CARRY8=1 SRLC32E=1)
  Clock Path Skew:        -0.176ns (DCD - SCD + CPR)
    Destination Clock Delay (DCD):    3.324ns = ( 13.324 - 10.000 ) 
    Source Clock Delay      (SCD):    3.983ns
    Clock Pessimism Removal (CPR):    0.483ns
  Clock Uncertainty:      0.035ns  ((TSJ^2 + TIJ^2)^1/2 + DJ) / 2 + PE
    Total System Jitter     (TSJ):    0.071ns
    Total Input Jitter      (TIJ):    0.000ns
    Discrete Jitter          (DJ):    0.000ns
    Phase Error              (PE):    0.000ns
  Clock Net Delay (Source):      2.588ns (routing 1.113ns, distribution 1.475ns)
  Clock Net Delay (Destination): 2.267ns (routing 1.025ns, distribution 1.242ns)

    Location             Delay type                Incr(ns)  Path(ns)    Netlist Resource(s)
  -------------------------------------------------------------------    -------------------
                         (clock clk_freerun rise edge)
                                                      0.000     0.000 r  
    D18                                               0.000     0.000 r  hb_gtwiz_reset_clk_freerun_p (IN)
                         net (fo=0)                   0.000     0.000    ibufds_clk_freerun_inst/I
    HPIOBDIFFINBUF_X0Y61 DIFFINBUF (Prop_DIFFINBUF_HPIOBDIFFINBUF_DIFF_IN_P_O)
                                                      0.506     0.506 r  ibufds_clk_freerun_inst/DIFFINBUF_INST/O
                         net (fo=1, routed)           0.090     0.596    ibufds_clk_freerun_inst/OUT
    D18                  IBUFCTRL (Prop_IBUFCTRL_HPIOB_I_O)
                                                      0.000     0.596 r  ibufds_clk_freerun_inst/IBUFCTRL_INST/O
                         net (fo=1, routed)           0.716     1.312    hb_gtwiz_reset_clk_freerun_ibuf
    BUFGCE_X0Y50         BUFGCE (Prop_BUFCE_BUFGCE_I_O)
                                                      0.083     1.395 r  bufg_clk_freerun_inst/O
    X2Y2 (CLOCK_ROOT)    net (fo=585, routed)         2.588     3.983    ila_inst/inst/ila_core_inst/u_trig/U_TM/N_DDR_MODE.G_NMU[11].U_M/allx_typeA_match_detection.ltlib_v1_0_0_allx_typeA_inst/I_IS_TERMINATION_SLICE_W_OUTPUT_REG.DOUT_O_reg_0
    SLICE_X91Y144        FDRE                                         r  ila_inst/inst/ila_core_inst/u_trig/U_TM/N_DDR_MODE.G_NMU[11].U_M/allx_typeA_match_detection.ltlib_v1_0_0_allx_typeA_inst/probeDelay1_reg[0]/C
  -------------------------------------------------------------------    -------------------
    SLICE_X91Y144        FDRE (Prop_DFF_SLICEL_C_Q)
                                                      0.114     4.097 r  ila_inst/inst/ila_core_inst/u_trig/U_TM/N_DDR_MODE.G_NMU[11].U_M/allx_typeA_match_detection.ltlib_v1_0_0_allx_typeA_inst/probeDelay1_reg[0]/Q
                         net (fo=3, routed)           0.850     4.947    ila_inst/inst/ila_core_inst/u_trig/U_TM/N_DDR_MODE.G_NMU[11].U_M/allx_typeA_match_detection.ltlib_v1_0_0_allx_typeA_inst/DUT/I_WHOLE_SLICE.G_SLICE_IDX[0].U_ALL_SRL_SLICE/u_srlA/I0
    SLICE_X82Y145        SRLC32E (Prop_A6LUT_SLICEM_A[0]_Q)
                                                      0.176     5.123 r  ila_inst/inst/ila_core_inst/u_trig/U_TM/N_DDR_MODE.G_NMU[11].U_M/allx_typeA_match_detection.ltlib_v1_0_0_allx_typeA_inst/DUT/I_WHOLE_SLICE.G_SLICE_IDX[0].U_ALL_SRL_SLICE/u_srlA/S1/Q
                         net (fo=1, routed)           0.370     5.493    ila_inst/inst/ila_core_inst/u_trig/U_TM/N_DDR_MODE.G_NMU[11].U_M/allx_typeA_match_detection.ltlib_v1_0_0_allx_typeA_inst/DUT/lopt_8
    SLICE_X81Y144        CARRY8 (Prop_CARRY8_SLICEM_S[4]_CO[7])
                                                      0.264     5.757 r  ila_inst/inst/ila_core_inst/u_trig/U_TM/N_DDR_MODE.G_NMU[11].U_M/allx_typeA_match_detection.ltlib_v1_0_0_allx_typeA_inst/DUT/u_carry4_inst_CARRY8/CO[7]
                         net (fo=1, routed)           0.442     6.199    ila_inst/inst/ila_core_inst/u_trig/U_TM/N_DDR_MODE.G_NMU[11].U_M/allx_typeA_match_detection.ltlib_v1_0_0_allx_typeA_inst/DUT/I_WHOLE_SLICE.G_SLICE_IDX[0].U_ALL_SRL_SLICE/muxcy_lo[3]
    SLICE_X80Y146        FDRE                                         r  ila_inst/inst/ila_core_inst/u_trig/U_TM/N_DDR_MODE.G_NMU[11].U_M/allx_typeA_match_detection.ltlib_v1_0_0_allx_typeA_inst/DUT/I_WHOLE_SLICE.G_SLICE_IDX[0].U_ALL_SRL_SLICE/I_IS_TERMINATION_SLICE_W_OUTPUT_REG.DOUT_O_reg/D
  -------------------------------------------------------------------    -------------------

                         (clock clk_freerun rise edge)
                                                     10.000    10.000 r  
    D18                                               0.000    10.000 r  hb_gtwiz_reset_clk_freerun_p (IN)
                         net (fo=0)                   0.000    10.000    ibufds_clk_freerun_inst/I
    HPIOBDIFFINBUF_X0Y61 DIFFINBUF (Prop_DIFFINBUF_HPIOBDIFFINBUF_DIFF_IN_P_O)
                                                      0.309    10.309 r  ibufds_clk_freerun_inst/DIFFINBUF_INST/O
                         net (fo=1, routed)           0.051    10.360    ibufds_clk_freerun_inst/OUT
    D18                  IBUFCTRL (Prop_IBUFCTRL_HPIOB_I_O)
                                                      0.000    10.360 r  ibufds_clk_freerun_inst/IBUFCTRL_INST/O
                         net (fo=1, routed)           0.622    10.982    hb_gtwiz_reset_clk_freerun_ibuf
    BUFGCE_X0Y50         BUFGCE (Prop_BUFCE_BUFGCE_I_O)
                                                      0.075    11.057 r  bufg_clk_freerun_inst/O
    X2Y2 (CLOCK_ROOT)    net (fo=585, routed)         2.267    13.324    ila_inst/inst/ila_core_inst/u_trig/U_TM/N_DDR_MODE.G_NMU[11].U_M/allx_typeA_match_detection.ltlib_v1_0_0_allx_typeA_inst/DUT/I_WHOLE_SLICE.G_SLICE_IDX[0].U_ALL_SRL_SLICE/I_IS_TERMINATION_SLICE_W_OUTPUT_REG.DOUT_O_reg_3
    SLICE_X80Y146        FDRE                                         r  ila_inst/inst/ila_core_inst/u_trig/U_TM/N_DDR_MODE.G_NMU[11].U_M/allx_typeA_match_detection.ltlib_v1_0_0_allx_typeA_inst/DUT/I_WHOLE_SLICE.G_SLICE_IDX[0].U_ALL_SRL_SLICE/I_IS_TERMINATION_SLICE_W_OUTPUT_REG.DOUT_O_reg/C
                         clock pessimism              0.483    13.807    
                         clock uncertainty           -0.035    13.772    
    SLICE_X80Y146        FDRE (Setup_CFF2_SLICEL_C_D)
                                                      0.062    13.834    ila_inst/inst/ila_core_inst/u_trig/U_TM/N_DDR_MODE.G_NMU[11].U_M/allx_typeA_match_detection.ltlib_v1_0_0_allx_typeA_inst/DUT/I_WHOLE_SLICE.G_SLICE_IDX[0].U_ALL_SRL_SLICE/I_IS_TERMINATION_SLICE_W_OUTPUT_REG.DOUT_O_reg
  -------------------------------------------------------------------
                         required time                         13.834    
                         arrival time                          -6.199    
  -------------------------------------------------------------------
                         slack                                  7.634    

Slack (MET) :             7.640ns  (required time - arrival time)
  Source:                 ila_inst/inst/ila_core_inst/u_trig/U_TM/N_DDR_MODE.G_NMU[9].U_M/allx_typeA_match_detection.ltlib_v1_0_0_allx_typeA_inst/probeDelay1_reg[0]/C
                            (rising edge-triggered cell FDRE clocked by clk_freerun  {rise@0.000ns fall@5.000ns period=10.000ns})
  Destination:            ila_inst/inst/ila_core_inst/u_trig/U_TM/N_DDR_MODE.G_NMU[9].U_M/allx_typeA_match_detection.ltlib_v1_0_0_allx_typeA_inst/DUT/I_WHOLE_SLICE.G_SLICE_IDX[0].U_ALL_SRL_SLICE/I_IS_TERMINATION_SLICE_W_OUTPUT_REG.DOUT_O_reg/D
                            (rising edge-triggered cell FDRE clocked by clk_freerun  {rise@0.000ns fall@5.000ns period=10.000ns})
  Path Group:             clk_freerun
  Path Type:              Setup (Max at Slow Process Corner)
  Requirement:            10.000ns  (clk_freerun rise@10.000ns - clk_freerun rise@0.000ns)
  Data Path Delay:        2.195ns  (logic 0.554ns (25.239%)  route 1.641ns (74.761%))
  Logic Levels:           2  (CARRY8=1 SRLC32E=1)
  Clock Path Skew:        -0.191ns (DCD - SCD + CPR)
    Destination Clock Delay (DCD):    3.328ns = ( 13.328 - 10.000 ) 
    Source Clock Delay      (SCD):    4.002ns
    Clock Pessimism Removal (CPR):    0.483ns
  Clock Uncertainty:      0.035ns  ((TSJ^2 + TIJ^2)^1/2 + DJ) / 2 + PE
    Total System Jitter     (TSJ):    0.071ns
    Total Input Jitter      (TIJ):    0.000ns
    Discrete Jitter          (DJ):    0.000ns
    Phase Error              (PE):    0.000ns
  Clock Net Delay (Source):      2.607ns (routing 1.113ns, distribution 1.494ns)
  Clock Net Delay (Destination): 2.271ns (routing 1.025ns, distribution 1.246ns)

    Location             Delay type                Incr(ns)  Path(ns)    Netlist Resource(s)
  -------------------------------------------------------------------    -------------------
                         (clock clk_freerun rise edge)
                                                      0.000     0.000 r  
    D18                                               0.000     0.000 r  hb_gtwiz_reset_clk_freerun_p (IN)
                         net (fo=0)                   0.000     0.000    ibufds_clk_freerun_inst/I
    HPIOBDIFFINBUF_X0Y61 DIFFINBUF (Prop_DIFFINBUF_HPIOBDIFFINBUF_DIFF_IN_P_O)
                                                      0.506     0.506 r  ibufds_clk_freerun_inst/DIFFINBUF_INST/O
                         net (fo=1, routed)           0.090     0.596    ibufds_clk_freerun_inst/OUT
    D18                  IBUFCTRL (Prop_IBUFCTRL_HPIOB_I_O)
                                                      0.000     0.596 r  ibufds_clk_freerun_inst/IBUFCTRL_INST/O
                         net (fo=1, routed)           0.716     1.312    hb_gtwiz_reset_clk_freerun_ibuf
    BUFGCE_X0Y50         BUFGCE (Prop_BUFCE_BUFGCE_I_O)
                                                      0.083     1.395 r  bufg_clk_freerun_inst/O
    X2Y2 (CLOCK_ROOT)    net (fo=585, routed)         2.607     4.002    ila_inst/inst/ila_core_inst/u_trig/U_TM/N_DDR_MODE.G_NMU[9].U_M/allx_typeA_match_detection.ltlib_v1_0_0_allx_typeA_inst/I_IS_TERMINATION_SLICE_W_OUTPUT_REG.DOUT_O_reg_0
    SLICE_X89Y144        FDRE                                         r  ila_inst/inst/ila_core_inst/u_trig/U_TM/N_DDR_MODE.G_NMU[9].U_M/allx_typeA_match_detection.ltlib_v1_0_0_allx_typeA_inst/probeDelay1_reg[0]/C
  -------------------------------------------------------------------    -------------------
    SLICE_X89Y144        FDRE (Prop_CFF_SLICEL_C_Q)
                                                      0.114     4.116 r  ila_inst/inst/ila_core_inst/u_trig/U_TM/N_DDR_MODE.G_NMU[9].U_M/allx_typeA_match_detection.ltlib_v1_0_0_allx_typeA_inst/probeDelay1_reg[0]/Q
                         net (fo=3, routed)           0.942     5.058    ila_inst/inst/ila_core_inst/u_trig/U_TM/N_DDR_MODE.G_NMU[9].U_M/allx_typeA_match_detection.ltlib_v1_0_0_allx_typeA_inst/DUT/I_WHOLE_SLICE.G_SLICE_IDX[0].U_ALL_SRL_SLICE/u_srlA/I0
    SLICE_X82Y141        SRLC32E (Prop_A6LUT_SLICEM_A[0]_Q)
                                                      0.176     5.234 r  ila_inst/inst/ila_core_inst/u_trig/U_TM/N_DDR_MODE.G_NMU[9].U_M/allx_typeA_match_detection.ltlib_v1_0_0_allx_typeA_inst/DUT/I_WHOLE_SLICE.G_SLICE_IDX[0].U_ALL_SRL_SLICE/u_srlA/S1/Q
                         net (fo=1, routed)           0.279     5.513    ila_inst/inst/ila_core_inst/u_trig/U_TM/N_DDR_MODE.G_NMU[9].U_M/allx_typeA_match_detection.ltlib_v1_0_0_allx_typeA_inst/DUT/lopt_8
    SLICE_X82Y142        CARRY8 (Prop_CARRY8_SLICEM_S[4]_CO[7])
                                                      0.264     5.777 r  ila_inst/inst/ila_core_inst/u_trig/U_TM/N_DDR_MODE.G_NMU[9].U_M/allx_typeA_match_detection.ltlib_v1_0_0_allx_typeA_inst/DUT/u_carry4_inst_CARRY8/CO[7]
                         net (fo=1, routed)           0.420     6.197    ila_inst/inst/ila_core_inst/u_trig/U_TM/N_DDR_MODE.G_NMU[9].U_M/allx_typeA_match_detection.ltlib_v1_0_0_allx_typeA_inst/DUT/I_WHOLE_SLICE.G_SLICE_IDX[0].U_ALL_SRL_SLICE/muxcy_lo[3]
    SLICE_X81Y143        FDRE                                         r  ila_inst/inst/ila_core_inst/u_trig/U_TM/N_DDR_MODE.G_NMU[9].U_M/allx_typeA_match_detection.ltlib_v1_0_0_allx_typeA_inst/DUT/I_WHOLE_SLICE.G_SLICE_IDX[0].U_ALL_SRL_SLICE/I_IS_TERMINATION_SLICE_W_OUTPUT_REG.DOUT_O_reg/D
  -------------------------------------------------------------------    -------------------

                         (clock clk_freerun rise edge)
                                                     10.000    10.000 r  
    D18                                               0.000    10.000 r  hb_gtwiz_reset_clk_freerun_p (IN)
                         net (fo=0)                   0.000    10.000    ibufds_clk_freerun_inst/I
    HPIOBDIFFINBUF_X0Y61 DIFFINBUF (Prop_DIFFINBUF_HPIOBDIFFINBUF_DIFF_IN_P_O)
                                                      0.309    10.309 r  ibufds_clk_freerun_inst/DIFFINBUF_INST/O
                         net (fo=1, routed)           0.051    10.360    ibufds_clk_freerun_inst/OUT
    D18                  IBUFCTRL (Prop_IBUFCTRL_HPIOB_I_O)
                                                      0.000    10.360 r  ibufds_clk_freerun_inst/IBUFCTRL_INST/O
                         net (fo=1, routed)           0.622    10.982    hb_gtwiz_reset_clk_freerun_ibuf
    BUFGCE_X0Y50         BUFGCE (Prop_BUFCE_BUFGCE_I_O)
                                                      0.075    11.057 r  bufg_clk_freerun_inst/O
    X2Y2 (CLOCK_ROOT)    net (fo=585, routed)         2.271    13.328    ila_inst/inst/ila_core_inst/u_trig/U_TM/N_DDR_MODE.G_NMU[9].U_M/allx_typeA_match_detection.ltlib_v1_0_0_allx_typeA_inst/DUT/I_WHOLE_SLICE.G_SLICE_IDX[0].U_ALL_SRL_SLICE/I_IS_TERMINATION_SLICE_W_OUTPUT_REG.DOUT_O_reg_1
    SLICE_X81Y143        FDRE                                         r  ila_inst/inst/ila_core_inst/u_trig/U_TM/N_DDR_MODE.G_NMU[9].U_M/allx_typeA_match_detection.ltlib_v1_0_0_allx_typeA_inst/DUT/I_WHOLE_SLICE.G_SLICE_IDX[0].U_ALL_SRL_SLICE/I_IS_TERMINATION_SLICE_W_OUTPUT_REG.DOUT_O_reg/C
                         clock pessimism              0.483    13.811    
                         clock uncertainty           -0.035    13.775    
    SLICE_X81Y143        FDRE (Setup_CFF2_SLICEM_C_D)
                                                      0.062    13.837    ila_inst/inst/ila_core_inst/u_trig/U_TM/N_DDR_MODE.G_NMU[9].U_M/allx_typeA_match_detection.ltlib_v1_0_0_allx_typeA_inst/DUT/I_WHOLE_SLICE.G_SLICE_IDX[0].U_ALL_SRL_SLICE/I_IS_TERMINATION_SLICE_W_OUTPUT_REG.DOUT_O_reg
  -------------------------------------------------------------------
                         required time                         13.837    
                         arrival time                          -6.197    
  -------------------------------------------------------------------
                         slack                                  7.640    





Min Delay Paths
--------------------------------------------------------------------------------------
Slack (MET) :             0.040ns  (arrival time - required time)
  Source:                 ila_inst/inst/ila_core_inst/u_trig/N_DDR_TC.N_DDR_TC_INST[0].U_TC/yes_output_reg.dout_reg_reg/C
                            (rising edge-triggered cell FDRE clocked by clk_freerun  {rise@0.000ns fall@5.000ns period=10.000ns})
  Destination:            ila_inst/inst/ila_core_inst/u_trig/TRIGGER_EQ_reg[0]/D
                            (rising edge-triggered cell FDRE clocked by clk_freerun  {rise@0.000ns fall@5.000ns period=10.000ns})
  Path Group:             clk_freerun
  Path Type:              Hold (Min at Fast Process Corner)
  Requirement:            0.000ns  (clk_freerun rise@0.000ns - clk_freerun rise@0.000ns)
  Data Path Delay:        0.148ns  (logic 0.064ns (43.243%)  route 0.084ns (56.757%))
  Logic Levels:           1  (LUT2=1)
  Clock Path Skew:        0.052ns (DCD - SCD - CPR)
    Destination Clock Delay (DCD):    2.356ns
    Source Clock Delay      (SCD):    1.815ns
    Clock Pessimism Removal (CPR):    0.489ns
  Clock Net Delay (Source):      1.224ns (routing 0.559ns, distribution 0.665ns)
  Clock Net Delay (Destination): 1.427ns (routing 0.619ns, distribution 0.808ns)

    Location             Delay type                Incr(ns)  Path(ns)    Netlist Resource(s)
  -------------------------------------------------------------------    -------------------
                         (clock clk_freerun rise edge)
                                                      0.000     0.000 r  
    D18                                               0.000     0.000 r  hb_gtwiz_reset_clk_freerun_p (IN)
                         net (fo=0)                   0.000     0.000    ibufds_clk_freerun_inst/I
    HPIOBDIFFINBUF_X0Y61 DIFFINBUF (Prop_DIFFINBUF_HPIOBDIFFINBUF_DIFF_IN_P_O)
                                                      0.187     0.187 r  ibufds_clk_freerun_inst/DIFFINBUF_INST/O
                         net (fo=1, routed)           0.028     0.215    ibufds_clk_freerun_inst/OUT
    D18                  IBUFCTRL (Prop_IBUFCTRL_HPIOB_I_O)
                                                      0.000     0.215 r  ibufds_clk_freerun_inst/IBUFCTRL_INST/O
                         net (fo=1, routed)           0.349     0.564    hb_gtwiz_reset_clk_freerun_ibuf
    BUFGCE_X0Y50         BUFGCE (Prop_BUFCE_BUFGCE_I_O)
                                                      0.027     0.591 r  bufg_clk_freerun_inst/O
    X2Y2 (CLOCK_ROOT)    net (fo=585, routed)         1.224     1.815    ila_inst/inst/ila_core_inst/u_trig/N_DDR_TC.N_DDR_TC_INST[0].U_TC/I_IS_TERMINATION_SLICE_W_OUTPUT_REG.DOUT_O_reg
    SLICE_X95Y144        FDRE                                         r  ila_inst/inst/ila_core_inst/u_trig/N_DDR_TC.N_DDR_TC_INST[0].U_TC/yes_output_reg.dout_reg_reg/C
  -------------------------------------------------------------------    -------------------
    SLICE_X95Y144        FDRE (Prop_AFF2_SLICEL_C_Q)
                                                      0.049     1.864 r  ila_inst/inst/ila_core_inst/u_trig/N_DDR_TC.N_DDR_TC_INST[0].U_TC/yes_output_reg.dout_reg_reg/Q
                         net (fo=1, routed)           0.068     1.932    ila_inst/inst/ila_core_inst/u_trig/N_DDR_TC.N_DDR_TC_INST[0].U_TC/yes_output_reg.dout_reg
    SLICE_X95Y143        LUT2 (Prop_D6LUT_SLICEL_I0_O)
                                                      0.015     1.947 r  ila_inst/inst/ila_core_inst/u_trig/N_DDR_TC.N_DDR_TC_INST[0].U_TC/TRIGGER_EQ[0]_i_1/O
                         net (fo=1, routed)           0.016     1.963    ila_inst/inst/ila_core_inst/u_trig/N_DDR_TC.N_DDR_TC_INST[0].U_TC_n_1
    SLICE_X95Y143        FDRE                                         r  ila_inst/inst/ila_core_inst/u_trig/TRIGGER_EQ_reg[0]/D
  -------------------------------------------------------------------    -------------------

                         (clock clk_freerun rise edge)
                                                      0.000     0.000 r  
    D18                                               0.000     0.000 r  hb_gtwiz_reset_clk_freerun_p (IN)
                         net (fo=0)                   0.000     0.000    ibufds_clk_freerun_inst/I
    HPIOBDIFFINBUF_X0Y61 DIFFINBUF (Prop_DIFFINBUF_HPIOBDIFFINBUF_DIFF_IN_P_O)
                                                      0.442     0.442 r  ibufds_clk_freerun_inst/DIFFINBUF_INST/O
                         net (fo=1, routed)           0.048     0.490    ibufds_clk_freerun_inst/OUT
    D18                  IBUFCTRL (Prop_IBUFCTRL_HPIOB_I_O)
                                                      0.000     0.490 r  ibufds_clk_freerun_inst/IBUFCTRL_INST/O
                         net (fo=1, routed)           0.408     0.898    hb_gtwiz_reset_clk_freerun_ibuf
    BUFGCE_X0Y50         BUFGCE (Prop_BUFCE_BUFGCE_I_O)
                                                      0.031     0.929 r  bufg_clk_freerun_inst/O
    X2Y2 (CLOCK_ROOT)    net (fo=585, routed)         1.427     2.356    ila_inst/inst/ila_core_inst/u_trig/I_IS_TERMINATION_SLICE_W_OUTPUT_REG.DOUT_O_reg
    SLICE_X95Y143        FDRE                                         r  ila_inst/inst/ila_core_inst/u_trig/TRIGGER_EQ_reg[0]/C
                         clock pessimism             -0.489     1.867    
    SLICE_X95Y143        FDRE (Hold_DFF_SLICEL_C_D)
                                                      0.056     1.923    ila_inst/inst/ila_core_inst/u_trig/TRIGGER_EQ_reg[0]
  -------------------------------------------------------------------
                         required time                         -1.923    
                         arrival time                           1.963    
  -------------------------------------------------------------------
                         slack                                  0.040    

Slack (MET) :             0.043ns  (arrival time - required time)
  Source:                 ila_inst/inst/ila_core_inst/u_ila_cap_ctrl/u_cap_addrgen/u_cap_window_counter/u_wcnt_hcmp_q/C
                            (rising edge-triggered cell FDRE clocked by clk_freerun  {rise@0.000ns fall@5.000ns period=10.000ns})
  Destination:            ila_inst/inst/ila_core_inst/u_ila_cap_ctrl/U_NS1/I_YESLUT6.I_YES_OREG.O_reg_reg/D
                            (rising edge-triggered cell FDRE clocked by clk_freerun  {rise@0.000ns fall@5.000ns period=10.000ns})
  Path Group:             clk_freerun
  Path Type:              Hold (Min at Fast Process Corner)
  Requirement:            0.000ns  (clk_freerun rise@0.000ns - clk_freerun rise@0.000ns)
  Data Path Delay:        0.178ns  (logic 0.079ns (44.382%)  route 0.099ns (55.618%))
  Logic Levels:           1  (LUT6=1)
  Clock Path Skew:        0.079ns (DCD - SCD - CPR)
    Destination Clock Delay (DCD):    2.338ns
    Source Clock Delay      (SCD):    1.808ns
    Clock Pessimism Removal (CPR):    0.451ns
  Clock Net Delay (Source):      1.217ns (routing 0.559ns, distribution 0.658ns)
  Clock Net Delay (Destination): 1.409ns (routing 0.619ns, distribution 0.790ns)

    Location             Delay type                Incr(ns)  Path(ns)    Netlist Resource(s)
  -------------------------------------------------------------------    -------------------
                         (clock clk_freerun rise edge)
                                                      0.000     0.000 r  
    D18                                               0.000     0.000 r  hb_gtwiz_reset_clk_freerun_p (IN)
                         net (fo=0)                   0.000     0.000    ibufds_clk_freerun_inst/I
    HPIOBDIFFINBUF_X0Y61 DIFFINBUF (Prop_DIFFINBUF_HPIOBDIFFINBUF_DIFF_IN_P_O)
                                                      0.187     0.187 r  ibufds_clk_freerun_inst/DIFFINBUF_INST/O
                         net (fo=1, routed)           0.028     0.215    ibufds_clk_freerun_inst/OUT
    D18                  IBUFCTRL (Prop_IBUFCTRL_HPIOB_I_O)
                                                      0.000     0.215 r  ibufds_clk_freerun_inst/IBUFCTRL_INST/O
                         net (fo=1, routed)           0.349     0.564    hb_gtwiz_reset_clk_freerun_ibuf
    BUFGCE_X0Y50         BUFGCE (Prop_BUFCE_BUFGCE_I_O)
                                                      0.027     0.591 r  bufg_clk_freerun_inst/O
    X2Y2 (CLOCK_ROOT)    net (fo=585, routed)         1.217     1.808    ila_inst/inst/ila_core_inst/u_ila_cap_ctrl/u_cap_addrgen/u_cap_window_counter/probeDelay1_reg[9]
    SLICE_X99Y140        FDRE                                         r  ila_inst/inst/ila_core_inst/u_ila_cap_ctrl/u_cap_addrgen/u_cap_window_counter/u_wcnt_hcmp_q/C
  -------------------------------------------------------------------    -------------------
    SLICE_X99Y140        FDRE (Prop_DFF2_SLICEL_C_Q)
                                                      0.049     1.857 r  ila_inst/inst/ila_core_inst/u_ila_cap_ctrl/u_cap_addrgen/u_cap_window_counter/u_wcnt_hcmp_q/Q
                         net (fo=4, routed)           0.083     1.940    ila_inst/inst/ila_core_inst/u_ila_cap_ctrl/U_NS1/wcnt_hcmp
    SLICE_X100Y140       LUT6 (Prop_C6LUT_SLICEM_I2_O)
                                                      0.030     1.970 r  ila_inst/inst/ila_core_inst/u_ila_cap_ctrl/U_NS1/I_YESLUT6.SRL_MUX8/O
                         net (fo=1, routed)           0.016     1.986    ila_inst/inst/ila_core_inst/u_ila_cap_ctrl/U_NS1/I_YESLUT6.SRL_MUX8__0
    SLICE_X100Y140       FDRE                                         r  ila_inst/inst/ila_core_inst/u_ila_cap_ctrl/U_NS1/I_YESLUT6.I_YES_OREG.O_reg_reg/D
  -------------------------------------------------------------------    -------------------

                         (clock clk_freerun rise edge)
                                                      0.000     0.000 r  
    D18                                               0.000     0.000 r  hb_gtwiz_reset_clk_freerun_p (IN)
                         net (fo=0)                   0.000     0.000    ibufds_clk_freerun_inst/I
    HPIOBDIFFINBUF_X0Y61 DIFFINBUF (Prop_DIFFINBUF_HPIOBDIFFINBUF_DIFF_IN_P_O)
                                                      0.442     0.442 r  ibufds_clk_freerun_inst/DIFFINBUF_INST/O
                         net (fo=1, routed)           0.048     0.490    ibufds_clk_freerun_inst/OUT
    D18                  IBUFCTRL (Prop_IBUFCTRL_HPIOB_I_O)
                                                      0.000     0.490 r  ibufds_clk_freerun_inst/IBUFCTRL_INST/O
                         net (fo=1, routed)           0.408     0.898    hb_gtwiz_reset_clk_freerun_ibuf
    BUFGCE_X0Y50         BUFGCE (Prop_BUFCE_BUFGCE_I_O)
                                                      0.031     0.929 r  bufg_clk_freerun_inst/O
    X2Y2 (CLOCK_ROOT)    net (fo=585, routed)         1.409     2.338    ila_inst/inst/ila_core_inst/u_ila_cap_ctrl/U_NS1/I_YESLUT6.I_YES_OREG.O_reg_reg_2
    SLICE_X100Y140       FDRE                                         r  ila_inst/inst/ila_core_inst/u_ila_cap_ctrl/U_NS1/I_YESLUT6.I_YES_OREG.O_reg_reg/C
                         clock pessimism             -0.451     1.887    
    SLICE_X100Y140       FDRE (Hold_CFF_SLICEM_C_D)
                                                      0.056     1.943    ila_inst/inst/ila_core_inst/u_ila_cap_ctrl/U_NS1/I_YESLUT6.I_YES_OREG.O_reg_reg
  -------------------------------------------------------------------
                         required time                         -1.943    
                         arrival time                           1.986    
  -------------------------------------------------------------------
                         slack                                  0.043    

Slack (MET) :             0.046ns  (arrival time - required time)
  Source:                 example_init_inst/tx_timer_sat_reg/C
                            (rising edge-triggered cell FDRE clocked by clk_freerun  {rise@0.000ns fall@5.000ns period=10.000ns})
  Destination:            example_init_inst/reset_all_out_reg/D
                            (rising edge-triggered cell FDRE clocked by clk_freerun  {rise@0.000ns fall@5.000ns period=10.000ns})
  Path Group:             clk_freerun
  Path Type:              Hold (Min at Fast Process Corner)
  Requirement:            0.000ns  (clk_freerun rise@0.000ns - clk_freerun rise@0.000ns)
  Data Path Delay:        0.193ns  (logic 0.063ns (32.642%)  route 0.130ns (67.357%))
  Logic Levels:           1  (LUT6=1)
  Clock Path Skew:        0.091ns (DCD - SCD - CPR)
    Destination Clock Delay (DCD):    2.339ns
    Source Clock Delay      (SCD):    1.797ns
    Clock Pessimism Removal (CPR):    0.452ns
  Clock Net Delay (Source):      1.206ns (routing 0.559ns, distribution 0.647ns)
  Clock Net Delay (Destination): 1.410ns (routing 0.619ns, distribution 0.791ns)

    Location             Delay type                Incr(ns)  Path(ns)    Netlist Resource(s)
  -------------------------------------------------------------------    -------------------
                         (clock clk_freerun rise edge)
                                                      0.000     0.000 r  
    D18                                               0.000     0.000 r  hb_gtwiz_reset_clk_freerun_p (IN)
                         net (fo=0)                   0.000     0.000    ibufds_clk_freerun_inst/I
    HPIOBDIFFINBUF_X0Y61 DIFFINBUF (Prop_DIFFINBUF_HPIOBDIFFINBUF_DIFF_IN_P_O)
                                                      0.187     0.187 r  ibufds_clk_freerun_inst/DIFFINBUF_INST/O
                         net (fo=1, routed)           0.028     0.215    ibufds_clk_freerun_inst/OUT
    D18                  IBUFCTRL (Prop_IBUFCTRL_HPIOB_I_O)
                                                      0.000     0.215 r  ibufds_clk_freerun_inst/IBUFCTRL_INST/O
                         net (fo=1, routed)           0.349     0.564    hb_gtwiz_reset_clk_freerun_ibuf
    BUFGCE_X0Y50         BUFGCE (Prop_BUFCE_BUFGCE_I_O)
                                                      0.027     0.591 r  bufg_clk_freerun_inst/O
    X2Y2 (CLOCK_ROOT)    net (fo=585, routed)         1.206     1.797    example_init_inst/clk_freerun_in
    SLICE_X96Y148        FDRE                                         r  example_init_inst/tx_timer_sat_reg/C
  -------------------------------------------------------------------    -------------------
    SLICE_X96Y148        FDRE (Prop_CFF_SLICEL_C_Q)
                                                      0.048     1.845 r  example_init_inst/tx_timer_sat_reg/Q
                         net (fo=4, routed)           0.114     1.959    example_init_inst/tx_timer_sat_reg_n_0
    SLICE_X94Y149        LUT6 (Prop_C6LUT_SLICEM_I3_O)
                                                      0.015     1.974 r  example_init_inst/reset_all_out_i_1/O
                         net (fo=1, routed)           0.016     1.990    example_init_inst/reset_all_out_i_1_n_0
    SLICE_X94Y149        FDRE                                         r  example_init_inst/reset_all_out_reg/D
  -------------------------------------------------------------------    -------------------

                         (clock clk_freerun rise edge)
                                                      0.000     0.000 r  
    D18                                               0.000     0.000 r  hb_gtwiz_reset_clk_freerun_p (IN)
                         net (fo=0)                   0.000     0.000    ibufds_clk_freerun_inst/I
    HPIOBDIFFINBUF_X0Y61 DIFFINBUF (Prop_DIFFINBUF_HPIOBDIFFINBUF_DIFF_IN_P_O)
                                                      0.442     0.442 r  ibufds_clk_freerun_inst/DIFFINBUF_INST/O
                         net (fo=1, routed)           0.048     0.490    ibufds_clk_freerun_inst/OUT
    D18                  IBUFCTRL (Prop_IBUFCTRL_HPIOB_I_O)
                                                      0.000     0.490 r  ibufds_clk_freerun_inst/IBUFCTRL_INST/O
                         net (fo=1, routed)           0.408     0.898    hb_gtwiz_reset_clk_freerun_ibuf
    BUFGCE_X0Y50         BUFGCE (Prop_BUFCE_BUFGCE_I_O)
                                                      0.031     0.929 r  bufg_clk_freerun_inst/O
    X2Y2 (CLOCK_ROOT)    net (fo=585, routed)         1.410     2.339    example_init_inst/clk_freerun_in
    SLICE_X94Y149        FDRE                                         r  example_init_inst/reset_all_out_reg/C
                         clock pessimism             -0.452     1.888    
    SLICE_X94Y149        FDRE (Hold_CFF_SLICEM_C_D)
                                                      0.056     1.944    example_init_inst/reset_all_out_reg
  -------------------------------------------------------------------
                         required time                         -1.944    
                         arrival time                           1.990    
  -------------------------------------------------------------------
                         slack                                  0.046    

Slack (MET) :             0.049ns  (arrival time - required time)
  Source:                 ila_inst/inst/ila_core_inst/debug_data_in_sync2_reg[7]/C
                            (rising edge-triggered cell FDRE clocked by clk_freerun  {rise@0.000ns fall@5.000ns period=10.000ns})
  Destination:            ila_inst/inst/ila_core_inst/u_trig/U_TM/N_DDR_MODE.G_NMU[7].U_M/allx_typeA_match_detection.ltlib_v1_0_0_allx_typeA_inst/probeDelay1_reg[0]/D
                            (rising edge-triggered cell FDRE clocked by clk_freerun  {rise@0.000ns fall@5.000ns period=10.000ns})
  Path Group:             clk_freerun
  Path Type:              Hold (Min at Fast Process Corner)
  Requirement:            0.000ns  (clk_freerun rise@0.000ns - clk_freerun rise@0.000ns)
  Data Path Delay:        0.110ns  (logic 0.063ns (57.273%)  route 0.047ns (42.727%))
  Logic Levels:           1  (LUT3=1)
  Clock Path Skew:        0.005ns (DCD - SCD - CPR)
    Destination Clock Delay (DCD):    2.326ns
    Source Clock Delay      (SCD):    1.799ns
    Clock Pessimism Removal (CPR):    0.522ns
  Clock Net Delay (Source):      1.208ns (routing 0.559ns, distribution 0.649ns)
  Clock Net Delay (Destination): 1.397ns (routing 0.619ns, distribution 0.778ns)

    Location             Delay type                Incr(ns)  Path(ns)    Netlist Resource(s)
  -------------------------------------------------------------------    -------------------
                         (clock clk_freerun rise edge)
                                                      0.000     0.000 r  
    D18                                               0.000     0.000 r  hb_gtwiz_reset_clk_freerun_p (IN)
                         net (fo=0)                   0.000     0.000    ibufds_clk_freerun_inst/I
    HPIOBDIFFINBUF_X0Y61 DIFFINBUF (Prop_DIFFINBUF_HPIOBDIFFINBUF_DIFF_IN_P_O)
                                                      0.187     0.187 r  ibufds_clk_freerun_inst/DIFFINBUF_INST/O
                         net (fo=1, routed)           0.028     0.215    ibufds_clk_freerun_inst/OUT
    D18                  IBUFCTRL (Prop_IBUFCTRL_HPIOB_I_O)
                                                      0.000     0.215 r  ibufds_clk_freerun_inst/IBUFCTRL_INST/O
                         net (fo=1, routed)           0.349     0.564    hb_gtwiz_reset_clk_freerun_ibuf
    BUFGCE_X0Y50         BUFGCE (Prop_BUFCE_BUFGCE_I_O)
                                                      0.027     0.591 r  bufg_clk_freerun_inst/O
    X2Y2 (CLOCK_ROOT)    net (fo=585, routed)         1.208     1.799    ila_inst/inst/ila_core_inst/I_IS_TERMINATION_SLICE_W_OUTPUT_REG.DOUT_O_reg
    SLICE_X91Y145        FDRE                                         r  ila_inst/inst/ila_core_inst/debug_data_in_sync2_reg[7]/C
  -------------------------------------------------------------------    -------------------
    SLICE_X91Y145        FDRE (Prop_BFF2_SLICEL_C_Q)
                                                      0.048     1.847 r  ila_inst/inst/ila_core_inst/debug_data_in_sync2_reg[7]/Q
                         net (fo=1, routed)           0.031     1.878    ila_inst/inst/ila_core_inst/debug_data_in_sync2[7]
    SLICE_X91Y145        LUT3 (Prop_C6LUT_SLICEL_I0_O)
                                                      0.015     1.893 r  ila_inst/inst/ila_core_inst/probeDelay1[0]_i_1__6/O
                         net (fo=1, routed)           0.016     1.909    ila_inst/inst/ila_core_inst/u_trig/U_TM/N_DDR_MODE.G_NMU[7].U_M/allx_typeA_match_detection.ltlib_v1_0_0_allx_typeA_inst/probe_data[0]
    SLICE_X91Y145        FDRE                                         r  ila_inst/inst/ila_core_inst/u_trig/U_TM/N_DDR_MODE.G_NMU[7].U_M/allx_typeA_match_detection.ltlib_v1_0_0_allx_typeA_inst/probeDelay1_reg[0]/D
  -------------------------------------------------------------------    -------------------

                         (clock clk_freerun rise edge)
                                                      0.000     0.000 r  
    D18                                               0.000     0.000 r  hb_gtwiz_reset_clk_freerun_p (IN)
                         net (fo=0)                   0.000     0.000    ibufds_clk_freerun_inst/I
    HPIOBDIFFINBUF_X0Y61 DIFFINBUF (Prop_DIFFINBUF_HPIOBDIFFINBUF_DIFF_IN_P_O)
                                                      0.442     0.442 r  ibufds_clk_freerun_inst/DIFFINBUF_INST/O
                         net (fo=1, routed)           0.048     0.490    ibufds_clk_freerun_inst/OUT
    D18                  IBUFCTRL (Prop_IBUFCTRL_HPIOB_I_O)
                                                      0.000     0.490 r  ibufds_clk_freerun_inst/IBUFCTRL_INST/O
                         net (fo=1, routed)           0.408     0.898    hb_gtwiz_reset_clk_freerun_ibuf
    BUFGCE_X0Y50         BUFGCE (Prop_BUFCE_BUFGCE_I_O)
                                                      0.031     0.929 r  bufg_clk_freerun_inst/O
    X2Y2 (CLOCK_ROOT)    net (fo=585, routed)         1.397     2.326    ila_inst/inst/ila_core_inst/u_trig/U_TM/N_DDR_MODE.G_NMU[7].U_M/allx_typeA_match_detection.ltlib_v1_0_0_allx_typeA_inst/I_IS_TERMINATION_SLICE_W_OUTPUT_REG.DOUT_O_reg_0
    SLICE_X91Y145        FDRE                                         r  ila_inst/inst/ila_core_inst/u_trig/U_TM/N_DDR_MODE.G_NMU[7].U_M/allx_typeA_match_detection.ltlib_v1_0_0_allx_typeA_inst/probeDelay1_reg[0]/C
                         clock pessimism             -0.522     1.804    
    SLICE_X91Y145        FDRE (Hold_CFF_SLICEL_C_D)
                                                      0.056     1.860    ila_inst/inst/ila_core_inst/u_trig/U_TM/N_DDR_MODE.G_NMU[7].U_M/allx_typeA_match_detection.ltlib_v1_0_0_allx_typeA_inst/probeDelay1_reg[0]
  -------------------------------------------------------------------
                         required time                         -1.860    
                         arrival time                           1.909    
  -------------------------------------------------------------------
                         slack                                  0.049    

Slack (MET) :             0.049ns  (arrival time - required time)
  Source:                 ila_inst/inst/ila_core_inst/u_ila_reset_ctrl/asyncrounous_transfer.arm_out_transfer_inst/temp_reg1_reg/C
                            (rising edge-triggered cell FDRE clocked by clk_freerun  {rise@0.000ns fall@5.000ns period=10.000ns})
  Destination:            ila_inst/inst/ila_core_inst/u_ila_reset_ctrl/asyncrounous_transfer.arm_out_transfer_inst/din_reg_reg/D
                            (rising edge-triggered cell FDRE clocked by clk_freerun  {rise@0.000ns fall@5.000ns period=10.000ns})
  Path Group:             clk_freerun
  Path Type:              Hold (Min at Fast Process Corner)
  Requirement:            0.000ns  (clk_freerun rise@0.000ns - clk_freerun rise@0.000ns)
  Data Path Delay:        0.110ns  (logic 0.063ns (57.273%)  route 0.047ns (42.727%))
  Logic Levels:           1  (LUT3=1)
  Clock Path Skew:        0.005ns (DCD - SCD - CPR)
    Destination Clock Delay (DCD):    2.348ns
    Source Clock Delay      (SCD):    1.812ns
    Clock Pessimism Removal (CPR):    0.531ns
  Clock Net Delay (Source):      1.221ns (routing 0.559ns, distribution 0.662ns)
  Clock Net Delay (Destination): 1.419ns (routing 0.619ns, distribution 0.800ns)

    Location             Delay type                Incr(ns)  Path(ns)    Netlist Resource(s)
  -------------------------------------------------------------------    -------------------
                         (clock clk_freerun rise edge)
                                                      0.000     0.000 r  
    D18                                               0.000     0.000 r  hb_gtwiz_reset_clk_freerun_p (IN)
                         net (fo=0)                   0.000     0.000    ibufds_clk_freerun_inst/I
    HPIOBDIFFINBUF_X0Y61 DIFFINBUF (Prop_DIFFINBUF_HPIOBDIFFINBUF_DIFF_IN_P_O)
                                                      0.187     0.187 r  ibufds_clk_freerun_inst/DIFFINBUF_INST/O
                         net (fo=1, routed)           0.028     0.215    ibufds_clk_freerun_inst/OUT
    D18                  IBUFCTRL (Prop_IBUFCTRL_HPIOB_I_O)
                                                      0.000     0.215 r  ibufds_clk_freerun_inst/IBUFCTRL_INST/O
                         net (fo=1, routed)           0.349     0.564    hb_gtwiz_reset_clk_freerun_ibuf
    BUFGCE_X0Y50         BUFGCE (Prop_BUFCE_BUFGCE_I_O)
                                                      0.027     0.591 r  bufg_clk_freerun_inst/O
    X2Y2 (CLOCK_ROOT)    net (fo=585, routed)         1.221     1.812    ila_inst/inst/ila_core_inst/u_ila_reset_ctrl/asyncrounous_transfer.arm_out_transfer_inst/temp_reg0_reg_0
    SLICE_X93Y142        FDRE                                         r  ila_inst/inst/ila_core_inst/u_ila_reset_ctrl/asyncrounous_transfer.arm_out_transfer_inst/temp_reg1_reg/C
  -------------------------------------------------------------------    -------------------
    SLICE_X93Y142        FDRE (Prop_BFF2_SLICEL_C_Q)
                                                      0.048     1.860 f  ila_inst/inst/ila_core_inst/u_ila_reset_ctrl/asyncrounous_transfer.arm_out_transfer_inst/temp_reg1_reg/Q
                         net (fo=1, routed)           0.031     1.891    ila_inst/inst/ila_core_inst/u_ila_reset_ctrl/asyncrounous_transfer.arm_out_transfer_inst/temp_reg1
    SLICE_X93Y142        LUT3 (Prop_C6LUT_SLICEL_I1_O)
                                                      0.015     1.906 r  ila_inst/inst/ila_core_inst/u_ila_reset_ctrl/asyncrounous_transfer.arm_out_transfer_inst/din_reg_i_1__1/O
                         net (fo=1, routed)           0.016     1.922    ila_inst/inst/ila_core_inst/u_ila_reset_ctrl/asyncrounous_transfer.arm_out_transfer_inst/din_reg_i_1__1_n_0
    SLICE_X93Y142        FDRE                                         r  ila_inst/inst/ila_core_inst/u_ila_reset_ctrl/asyncrounous_transfer.arm_out_transfer_inst/din_reg_reg/D
  -------------------------------------------------------------------    -------------------

                         (clock clk_freerun rise edge)
                                                      0.000     0.000 r  
    D18                                               0.000     0.000 r  hb_gtwiz_reset_clk_freerun_p (IN)
                         net (fo=0)                   0.000     0.000    ibufds_clk_freerun_inst/I
    HPIOBDIFFINBUF_X0Y61 DIFFINBUF (Prop_DIFFINBUF_HPIOBDIFFINBUF_DIFF_IN_P_O)
                                                      0.442     0.442 r  ibufds_clk_freerun_inst/DIFFINBUF_INST/O
                         net (fo=1, routed)           0.048     0.490    ibufds_clk_freerun_inst/OUT
    D18                  IBUFCTRL (Prop_IBUFCTRL_HPIOB_I_O)
                                                      0.000     0.490 r  ibufds_clk_freerun_inst/IBUFCTRL_INST/O
                         net (fo=1, routed)           0.408     0.898    hb_gtwiz_reset_clk_freerun_ibuf
    BUFGCE_X0Y50         BUFGCE (Prop_BUFCE_BUFGCE_I_O)
                                                      0.031     0.929 r  bufg_clk_freerun_inst/O
    X2Y2 (CLOCK_ROOT)    net (fo=585, routed)         1.419     2.348    ila_inst/inst/ila_core_inst/u_ila_reset_ctrl/asyncrounous_transfer.arm_out_transfer_inst/temp_reg0_reg_0
    SLICE_X93Y142        FDRE                                         r  ila_inst/inst/ila_core_inst/u_ila_reset_ctrl/asyncrounous_transfer.arm_out_transfer_inst/din_reg_reg/C
                         clock pessimism             -0.531     1.817    
    SLICE_X93Y142        FDRE (Hold_CFF_SLICEL_C_D)
                                                      0.056     1.873    ila_inst/inst/ila_core_inst/u_ila_reset_ctrl/asyncrounous_transfer.arm_out_transfer_inst/din_reg_reg
  -------------------------------------------------------------------
                         required time                         -1.873    
                         arrival time                           1.922    
  -------------------------------------------------------------------
                         slack                                  0.049    

Slack (MET) :             0.049ns  (arrival time - required time)
  Source:                 ila_inst/inst/ila_core_inst/u_ila_reset_ctrl/asyncrounous_transfer.halt_out_transfer_inst/temp_reg1_reg/C
                            (rising edge-triggered cell FDRE clocked by clk_freerun  {rise@0.000ns fall@5.000ns period=10.000ns})
  Destination:            ila_inst/inst/ila_core_inst/u_ila_reset_ctrl/asyncrounous_transfer.halt_out_transfer_inst/din_reg_reg/D
                            (rising edge-triggered cell FDRE clocked by clk_freerun  {rise@0.000ns fall@5.000ns period=10.000ns})
  Path Group:             clk_freerun
  Path Type:              Hold (Min at Fast Process Corner)
  Requirement:            0.000ns  (clk_freerun rise@0.000ns - clk_freerun rise@0.000ns)
  Data Path Delay:        0.110ns  (logic 0.063ns (57.273%)  route 0.047ns (42.727%))
  Logic Levels:           1  (LUT3=1)
  Clock Path Skew:        0.005ns (DCD - SCD - CPR)
    Destination Clock Delay (DCD):    2.349ns
    Source Clock Delay      (SCD):    1.813ns
    Clock Pessimism Removal (CPR):    0.531ns
  Clock Net Delay (Source):      1.222ns (routing 0.559ns, distribution 0.663ns)
  Clock Net Delay (Destination): 1.420ns (routing 0.619ns, distribution 0.801ns)

    Location             Delay type                Incr(ns)  Path(ns)    Netlist Resource(s)
  -------------------------------------------------------------------    -------------------
                         (clock clk_freerun rise edge)
                                                      0.000     0.000 r  
    D18                                               0.000     0.000 r  hb_gtwiz_reset_clk_freerun_p (IN)
                         net (fo=0)                   0.000     0.000    ibufds_clk_freerun_inst/I
    HPIOBDIFFINBUF_X0Y61 DIFFINBUF (Prop_DIFFINBUF_HPIOBDIFFINBUF_DIFF_IN_P_O)
                                                      0.187     0.187 r  ibufds_clk_freerun_inst/DIFFINBUF_INST/O
                         net (fo=1, routed)           0.028     0.215    ibufds_clk_freerun_inst/OUT
    D18                  IBUFCTRL (Prop_IBUFCTRL_HPIOB_I_O)
                                                      0.000     0.215 r  ibufds_clk_freerun_inst/IBUFCTRL_INST/O
                         net (fo=1, routed)           0.349     0.564    hb_gtwiz_reset_clk_freerun_ibuf
    BUFGCE_X0Y50         BUFGCE (Prop_BUFCE_BUFGCE_I_O)
                                                      0.027     0.591 r  bufg_clk_freerun_inst/O
    X2Y2 (CLOCK_ROOT)    net (fo=585, routed)         1.222     1.813    ila_inst/inst/ila_core_inst/u_ila_reset_ctrl/asyncrounous_transfer.halt_out_transfer_inst/temp_reg1_reg_0
    SLICE_X95Y142        FDRE                                         r  ila_inst/inst/ila_core_inst/u_ila_reset_ctrl/asyncrounous_transfer.halt_out_transfer_inst/temp_reg1_reg/C
  -------------------------------------------------------------------    -------------------
    SLICE_X95Y142        FDRE (Prop_BFF2_SLICEL_C_Q)
                                                      0.048     1.861 f  ila_inst/inst/ila_core_inst/u_ila_reset_ctrl/asyncrounous_transfer.halt_out_transfer_inst/temp_reg1_reg/Q
                         net (fo=1, routed)           0.031     1.892    ila_inst/inst/ila_core_inst/u_ila_reset_ctrl/asyncrounous_transfer.halt_out_transfer_inst/temp_reg1
    SLICE_X95Y142        LUT3 (Prop_C6LUT_SLICEL_I1_O)
                                                      0.015     1.907 r  ila_inst/inst/ila_core_inst/u_ila_reset_ctrl/asyncrounous_transfer.halt_out_transfer_inst/din_reg_i_1__2/O
                         net (fo=1, routed)           0.016     1.923    ila_inst/inst/ila_core_inst/u_ila_reset_ctrl/asyncrounous_transfer.halt_out_transfer_inst/din_reg_i_1__2_n_0
    SLICE_X95Y142        FDRE                                         r  ila_inst/inst/ila_core_inst/u_ila_reset_ctrl/asyncrounous_transfer.halt_out_transfer_inst/din_reg_reg/D
  -------------------------------------------------------------------    -------------------

                         (clock clk_freerun rise edge)
                                                      0.000     0.000 r  
    D18                                               0.000     0.000 r  hb_gtwiz_reset_clk_freerun_p (IN)
                         net (fo=0)                   0.000     0.000    ibufds_clk_freerun_inst/I
    HPIOBDIFFINBUF_X0Y61 DIFFINBUF (Prop_DIFFINBUF_HPIOBDIFFINBUF_DIFF_IN_P_O)
                                                      0.442     0.442 r  ibufds_clk_freerun_inst/DIFFINBUF_INST/O
                         net (fo=1, routed)           0.048     0.490    ibufds_clk_freerun_inst/OUT
    D18                  IBUFCTRL (Prop_IBUFCTRL_HPIOB_I_O)
                                                      0.000     0.490 r  ibufds_clk_freerun_inst/IBUFCTRL_INST/O
                         net (fo=1, routed)           0.408     0.898    hb_gtwiz_reset_clk_freerun_ibuf
    BUFGCE_X0Y50         BUFGCE (Prop_BUFCE_BUFGCE_I_O)
                                                      0.031     0.929 r  bufg_clk_freerun_inst/O
    X2Y2 (CLOCK_ROOT)    net (fo=585, routed)         1.420     2.349    ila_inst/inst/ila_core_inst/u_ila_reset_ctrl/asyncrounous_transfer.halt_out_transfer_inst/temp_reg1_reg_0
    SLICE_X95Y142        FDRE                                         r  ila_inst/inst/ila_core_inst/u_ila_reset_ctrl/asyncrounous_transfer.halt_out_transfer_inst/din_reg_reg/C
                         clock pessimism             -0.531     1.818    
    SLICE_X95Y142        FDRE (Hold_CFF_SLICEL_C_D)
                                                      0.056     1.874    ila_inst/inst/ila_core_inst/u_ila_reset_ctrl/asyncrounous_transfer.halt_out_transfer_inst/din_reg_reg
  -------------------------------------------------------------------
                         required time                         -1.874    
                         arrival time                           1.923    
  -------------------------------------------------------------------
                         slack                                  0.049    

Slack (MET) :             0.049ns  (arrival time - required time)
  Source:                 ila_inst/inst/ila_core_inst/debug_data_in_sync2_reg[1]/C
                            (rising edge-triggered cell FDRE clocked by clk_freerun  {rise@0.000ns fall@5.000ns period=10.000ns})
  Destination:            ila_inst/inst/ila_core_inst/u_trig/U_TM/N_DDR_MODE.G_NMU[1].U_M/allx_typeA_match_detection.ltlib_v1_0_0_allx_typeA_inst/probeDelay1_reg[0]/D
                            (rising edge-triggered cell FDRE clocked by clk_freerun  {rise@0.000ns fall@5.000ns period=10.000ns})
  Path Group:             clk_freerun
  Path Type:              Hold (Min at Fast Process Corner)
  Requirement:            0.000ns  (clk_freerun rise@0.000ns - clk_freerun rise@0.000ns)
  Data Path Delay:        0.110ns  (logic 0.063ns (57.273%)  route 0.047ns (42.727%))
  Logic Levels:           1  (LUT3=1)
  Clock Path Skew:        0.005ns (DCD - SCD - CPR)
    Destination Clock Delay (DCD):    2.332ns
    Source Clock Delay      (SCD):    1.801ns
    Clock Pessimism Removal (CPR):    0.526ns
  Clock Net Delay (Source):      1.210ns (routing 0.559ns, distribution 0.651ns)
  Clock Net Delay (Destination): 1.403ns (routing 0.619ns, distribution 0.784ns)

    Location             Delay type                Incr(ns)  Path(ns)    Netlist Resource(s)
  -------------------------------------------------------------------    -------------------
                         (clock clk_freerun rise edge)
                                                      0.000     0.000 r  
    D18                                               0.000     0.000 r  hb_gtwiz_reset_clk_freerun_p (IN)
                         net (fo=0)                   0.000     0.000    ibufds_clk_freerun_inst/I
    HPIOBDIFFINBUF_X0Y61 DIFFINBUF (Prop_DIFFINBUF_HPIOBDIFFINBUF_DIFF_IN_P_O)
                                                      0.187     0.187 r  ibufds_clk_freerun_inst/DIFFINBUF_INST/O
                         net (fo=1, routed)           0.028     0.215    ibufds_clk_freerun_inst/OUT
    D18                  IBUFCTRL (Prop_IBUFCTRL_HPIOB_I_O)
                                                      0.000     0.215 r  ibufds_clk_freerun_inst/IBUFCTRL_INST/O
                         net (fo=1, routed)           0.349     0.564    hb_gtwiz_reset_clk_freerun_ibuf
    BUFGCE_X0Y50         BUFGCE (Prop_BUFCE_BUFGCE_I_O)
                                                      0.027     0.591 r  bufg_clk_freerun_inst/O
    X2Y2 (CLOCK_ROOT)    net (fo=585, routed)         1.210     1.801    ila_inst/inst/ila_core_inst/I_IS_TERMINATION_SLICE_W_OUTPUT_REG.DOUT_O_reg
    SLICE_X91Y146        FDRE                                         r  ila_inst/inst/ila_core_inst/debug_data_in_sync2_reg[1]/C
  -------------------------------------------------------------------    -------------------
    SLICE_X91Y146        FDRE (Prop_BFF2_SLICEL_C_Q)
                                                      0.048     1.849 r  ila_inst/inst/ila_core_inst/debug_data_in_sync2_reg[1]/Q
                         net (fo=1, routed)           0.031     1.880    ila_inst/inst/ila_core_inst/debug_data_in_sync2[1]
    SLICE_X91Y146        LUT3 (Prop_C6LUT_SLICEL_I0_O)
                                                      0.015     1.895 r  ila_inst/inst/ila_core_inst/probeDelay1[0]_i_1__0/O
                         net (fo=1, routed)           0.016     1.911    ila_inst/inst/ila_core_inst/u_trig/U_TM/N_DDR_MODE.G_NMU[1].U_M/allx_typeA_match_detection.ltlib_v1_0_0_allx_typeA_inst/probe_data[0]
    SLICE_X91Y146        FDRE                                         r  ila_inst/inst/ila_core_inst/u_trig/U_TM/N_DDR_MODE.G_NMU[1].U_M/allx_typeA_match_detection.ltlib_v1_0_0_allx_typeA_inst/probeDelay1_reg[0]/D
  -------------------------------------------------------------------    -------------------

                         (clock clk_freerun rise edge)
                                                      0.000     0.000 r  
    D18                                               0.000     0.000 r  hb_gtwiz_reset_clk_freerun_p (IN)
                         net (fo=0)                   0.000     0.000    ibufds_clk_freerun_inst/I
    HPIOBDIFFINBUF_X0Y61 DIFFINBUF (Prop_DIFFINBUF_HPIOBDIFFINBUF_DIFF_IN_P_O)
                                                      0.442     0.442 r  ibufds_clk_freerun_inst/DIFFINBUF_INST/O
                         net (fo=1, routed)           0.048     0.490    ibufds_clk_freerun_inst/OUT
    D18                  IBUFCTRL (Prop_IBUFCTRL_HPIOB_I_O)
                                                      0.000     0.490 r  ibufds_clk_freerun_inst/IBUFCTRL_INST/O
                         net (fo=1, routed)           0.408     0.898    hb_gtwiz_reset_clk_freerun_ibuf
    BUFGCE_X0Y50         BUFGCE (Prop_BUFCE_BUFGCE_I_O)
                                                      0.031     0.929 r  bufg_clk_freerun_inst/O
    X2Y2 (CLOCK_ROOT)    net (fo=585, routed)         1.403     2.332    ila_inst/inst/ila_core_inst/u_trig/U_TM/N_DDR_MODE.G_NMU[1].U_M/allx_typeA_match_detection.ltlib_v1_0_0_allx_typeA_inst/I_IS_TERMINATION_SLICE_W_OUTPUT_REG.DOUT_O_reg_0
    SLICE_X91Y146        FDRE                                         r  ila_inst/inst/ila_core_inst/u_trig/U_TM/N_DDR_MODE.G_NMU[1].U_M/allx_typeA_match_detection.ltlib_v1_0_0_allx_typeA_inst/probeDelay1_reg[0]/C
                         clock pessimism             -0.526     1.806    
    SLICE_X91Y146        FDRE (Hold_CFF_SLICEL_C_D)
                                                      0.056     1.862    ila_inst/inst/ila_core_inst/u_trig/U_TM/N_DDR_MODE.G_NMU[1].U_M/allx_typeA_match_detection.ltlib_v1_0_0_allx_typeA_inst/probeDelay1_reg[0]
  -------------------------------------------------------------------
                         required time                         -1.862    
                         arrival time                           1.911    
  -------------------------------------------------------------------
                         slack                                  0.049    

Slack (MET) :             0.049ns  (arrival time - required time)
  Source:                 ila_inst/inst/ila_core_inst/debug_data_in_sync2_reg[15]/C
                            (rising edge-triggered cell FDRE clocked by clk_freerun  {rise@0.000ns fall@5.000ns period=10.000ns})
  Destination:            ila_inst/inst/ila_core_inst/u_trig/U_TM/N_DDR_MODE.G_NMU[12].U_M/allx_typeA_match_detection.ltlib_v1_0_0_allx_typeA_inst/probeDelay1_reg[0]/D
                            (rising edge-triggered cell FDRE clocked by clk_freerun  {rise@0.000ns fall@5.000ns period=10.000ns})
  Path Group:             clk_freerun
  Path Type:              Hold (Min at Fast Process Corner)
  Requirement:            0.000ns  (clk_freerun rise@0.000ns - clk_freerun rise@0.000ns)
  Data Path Delay:        0.110ns  (logic 0.063ns (57.273%)  route 0.047ns (42.727%))
  Logic Levels:           1  (LUT3=1)
  Clock Path Skew:        0.005ns (DCD - SCD - CPR)
    Destination Clock Delay (DCD):    2.328ns
    Source Clock Delay      (SCD):    1.800ns
    Clock Pessimism Removal (CPR):    0.523ns
  Clock Net Delay (Source):      1.209ns (routing 0.559ns, distribution 0.650ns)
  Clock Net Delay (Destination): 1.399ns (routing 0.619ns, distribution 0.780ns)

    Location             Delay type                Incr(ns)  Path(ns)    Netlist Resource(s)
  -------------------------------------------------------------------    -------------------
                         (clock clk_freerun rise edge)
                                                      0.000     0.000 r  
    D18                                               0.000     0.000 r  hb_gtwiz_reset_clk_freerun_p (IN)
                         net (fo=0)                   0.000     0.000    ibufds_clk_freerun_inst/I
    HPIOBDIFFINBUF_X0Y61 DIFFINBUF (Prop_DIFFINBUF_HPIOBDIFFINBUF_DIFF_IN_P_O)
                                                      0.187     0.187 r  ibufds_clk_freerun_inst/DIFFINBUF_INST/O
                         net (fo=1, routed)           0.028     0.215    ibufds_clk_freerun_inst/OUT
    D18                  IBUFCTRL (Prop_IBUFCTRL_HPIOB_I_O)
                                                      0.000     0.215 r  ibufds_clk_freerun_inst/IBUFCTRL_INST/O
                         net (fo=1, routed)           0.349     0.564    hb_gtwiz_reset_clk_freerun_ibuf
    BUFGCE_X0Y50         BUFGCE (Prop_BUFCE_BUFGCE_I_O)
                                                      0.027     0.591 r  bufg_clk_freerun_inst/O
    X2Y2 (CLOCK_ROOT)    net (fo=585, routed)         1.209     1.800    ila_inst/inst/ila_core_inst/I_IS_TERMINATION_SLICE_W_OUTPUT_REG.DOUT_O_reg
    SLICE_X91Y144        FDRE                                         r  ila_inst/inst/ila_core_inst/debug_data_in_sync2_reg[15]/C
  -------------------------------------------------------------------    -------------------
    SLICE_X91Y144        FDRE (Prop_BFF2_SLICEL_C_Q)
                                                      0.048     1.848 r  ila_inst/inst/ila_core_inst/debug_data_in_sync2_reg[15]/Q
                         net (fo=1, routed)           0.031     1.879    ila_inst/inst/ila_core_inst/debug_data_in_sync2[15]
    SLICE_X91Y144        LUT3 (Prop_C6LUT_SLICEL_I0_O)
                                                      0.015     1.894 r  ila_inst/inst/ila_core_inst/probeDelay1[0]_i_1__11/O
                         net (fo=1, routed)           0.016     1.910    ila_inst/inst/ila_core_inst/u_trig/U_TM/N_DDR_MODE.G_NMU[12].U_M/allx_typeA_match_detection.ltlib_v1_0_0_allx_typeA_inst/probe_data[0]
    SLICE_X91Y144        FDRE                                         r  ila_inst/inst/ila_core_inst/u_trig/U_TM/N_DDR_MODE.G_NMU[12].U_M/allx_typeA_match_detection.ltlib_v1_0_0_allx_typeA_inst/probeDelay1_reg[0]/D
  -------------------------------------------------------------------    -------------------

                         (clock clk_freerun rise edge)
                                                      0.000     0.000 r  
    D18                                               0.000     0.000 r  hb_gtwiz_reset_clk_freerun_p (IN)
                         net (fo=0)                   0.000     0.000    ibufds_clk_freerun_inst/I
    HPIOBDIFFINBUF_X0Y61 DIFFINBUF (Prop_DIFFINBUF_HPIOBDIFFINBUF_DIFF_IN_P_O)
                                                      0.442     0.442 r  ibufds_clk_freerun_inst/DIFFINBUF_INST/O
                         net (fo=1, routed)           0.048     0.490    ibufds_clk_freerun_inst/OUT
    D18                  IBUFCTRL (Prop_IBUFCTRL_HPIOB_I_O)
                                                      0.000     0.490 r  ibufds_clk_freerun_inst/IBUFCTRL_INST/O
                         net (fo=1, routed)           0.408     0.898    hb_gtwiz_reset_clk_freerun_ibuf
    BUFGCE_X0Y50         BUFGCE (Prop_BUFCE_BUFGCE_I_O)
                                                      0.031     0.929 r  bufg_clk_freerun_inst/O
    X2Y2 (CLOCK_ROOT)    net (fo=585, routed)         1.399     2.328    ila_inst/inst/ila_core_inst/u_trig/U_TM/N_DDR_MODE.G_NMU[12].U_M/allx_typeA_match_detection.ltlib_v1_0_0_allx_typeA_inst/I_IS_TERMINATION_SLICE_W_OUTPUT_REG.DOUT_O_reg_0
    SLICE_X91Y144        FDRE                                         r  ila_inst/inst/ila_core_inst/u_trig/U_TM/N_DDR_MODE.G_NMU[12].U_M/allx_typeA_match_detection.ltlib_v1_0_0_allx_typeA_inst/probeDelay1_reg[0]/C
                         clock pessimism             -0.523     1.805    
    SLICE_X91Y144        FDRE (Hold_CFF_SLICEL_C_D)
                                                      0.056     1.861    ila_inst/inst/ila_core_inst/u_trig/U_TM/N_DDR_MODE.G_NMU[12].U_M/allx_typeA_match_detection.ltlib_v1_0_0_allx_typeA_inst/probeDelay1_reg[0]
  -------------------------------------------------------------------
                         required time                         -1.861    
                         arrival time                           1.910    
  -------------------------------------------------------------------
                         slack                                  0.049    

Slack (MET) :             0.050ns  (arrival time - required time)
  Source:                 ila_inst/inst/ila_core_inst/u_ila_reset_ctrl/halt_detection_inst/last_din_reg/C
                            (rising edge-triggered cell FDRE clocked by clk_freerun  {rise@0.000ns fall@5.000ns period=10.000ns})
  Destination:            ila_inst/inst/ila_core_inst/u_ila_reset_ctrl/halt_detection_inst/dout_pulse_reg[1]/D
                            (rising edge-triggered cell FDRE clocked by clk_freerun  {rise@0.000ns fall@5.000ns period=10.000ns})
  Path Group:             clk_freerun
  Path Type:              Hold (Min at Fast Process Corner)
  Requirement:            0.000ns  (clk_freerun rise@0.000ns - clk_freerun rise@0.000ns)
  Data Path Delay:        0.110ns  (logic 0.063ns (57.273%)  route 0.047ns (42.727%))
  Logic Levels:           1  (LUT3=1)
  Clock Path Skew:        0.004ns (DCD - SCD - CPR)
    Destination Clock Delay (DCD):    2.335ns
    Source Clock Delay      (SCD):    1.808ns
    Clock Pessimism Removal (CPR):    0.523ns
  Clock Net Delay (Source):      1.217ns (routing 0.559ns, distribution 0.658ns)
  Clock Net Delay (Destination): 1.406ns (routing 0.619ns, distribution 0.787ns)

    Location             Delay type                Incr(ns)  Path(ns)    Netlist Resource(s)
  -------------------------------------------------------------------    -------------------
                         (clock clk_freerun rise edge)
                                                      0.000     0.000 r  
    D18                                               0.000     0.000 r  hb_gtwiz_reset_clk_freerun_p (IN)
                         net (fo=0)                   0.000     0.000    ibufds_clk_freerun_inst/I
    HPIOBDIFFINBUF_X0Y61 DIFFINBUF (Prop_DIFFINBUF_HPIOBDIFFINBUF_DIFF_IN_P_O)
                                                      0.187     0.187 r  ibufds_clk_freerun_inst/DIFFINBUF_INST/O
                         net (fo=1, routed)           0.028     0.215    ibufds_clk_freerun_inst/OUT
    D18                  IBUFCTRL (Prop_IBUFCTRL_HPIOB_I_O)
                                                      0.000     0.215 r  ibufds_clk_freerun_inst/IBUFCTRL_INST/O
                         net (fo=1, routed)           0.349     0.564    hb_gtwiz_reset_clk_freerun_ibuf
    BUFGCE_X0Y50         BUFGCE (Prop_BUFCE_BUFGCE_I_O)
                                                      0.027     0.591 r  bufg_clk_freerun_inst/O
    X2Y2 (CLOCK_ROOT)    net (fo=585, routed)         1.217     1.808    ila_inst/inst/ila_core_inst/u_ila_reset_ctrl/halt_detection_inst/dout_pulse_reg[1]_0
    SLICE_X94Y139        FDRE                                         r  ila_inst/inst/ila_core_inst/u_ila_reset_ctrl/halt_detection_inst/last_din_reg/C
  -------------------------------------------------------------------    -------------------
    SLICE_X94Y139        FDRE (Prop_EFF2_SLICEM_C_Q)
                                                      0.048     1.856 f  ila_inst/inst/ila_core_inst/u_ila_reset_ctrl/halt_detection_inst/last_din_reg/Q
                         net (fo=2, routed)           0.033     1.889    ila_inst/inst/ila_core_inst/u_ila_reset_ctrl/halt_detection_inst/last_din
    SLICE_X94Y139        LUT3 (Prop_G6LUT_SLICEM_I0_O)
                                                      0.015     1.904 r  ila_inst/inst/ila_core_inst/u_ila_reset_ctrl/halt_detection_inst/dout_pulse[1]_i_1/O
                         net (fo=1, routed)           0.014     1.918    ila_inst/inst/ila_core_inst/u_ila_reset_ctrl/halt_detection_inst/dout_pulse[1]_i_1_n_0
    SLICE_X94Y139        FDRE                                         r  ila_inst/inst/ila_core_inst/u_ila_reset_ctrl/halt_detection_inst/dout_pulse_reg[1]/D
  -------------------------------------------------------------------    -------------------

                         (clock clk_freerun rise edge)
                                                      0.000     0.000 r  
    D18                                               0.000     0.000 r  hb_gtwiz_reset_clk_freerun_p (IN)
                         net (fo=0)                   0.000     0.000    ibufds_clk_freerun_inst/I
    HPIOBDIFFINBUF_X0Y61 DIFFINBUF (Prop_DIFFINBUF_HPIOBDIFFINBUF_DIFF_IN_P_O)
                                                      0.442     0.442 r  ibufds_clk_freerun_inst/DIFFINBUF_INST/O
                         net (fo=1, routed)           0.048     0.490    ibufds_clk_freerun_inst/OUT
    D18                  IBUFCTRL (Prop_IBUFCTRL_HPIOB_I_O)
                                                      0.000     0.490 r  ibufds_clk_freerun_inst/IBUFCTRL_INST/O
                         net (fo=1, routed)           0.408     0.898    hb_gtwiz_reset_clk_freerun_ibuf
    BUFGCE_X0Y50         BUFGCE (Prop_BUFCE_BUFGCE_I_O)
                                                      0.031     0.929 r  bufg_clk_freerun_inst/O
    X2Y2 (CLOCK_ROOT)    net (fo=585, routed)         1.406     2.335    ila_inst/inst/ila_core_inst/u_ila_reset_ctrl/halt_detection_inst/dout_pulse_reg[1]_0
    SLICE_X94Y139        FDRE                                         r  ila_inst/inst/ila_core_inst/u_ila_reset_ctrl/halt_detection_inst/dout_pulse_reg[1]/C
                         clock pessimism             -0.523     1.812    
    SLICE_X94Y139        FDRE (Hold_GFF_SLICEM_C_D)
                                                      0.056     1.868    ila_inst/inst/ila_core_inst/u_ila_reset_ctrl/halt_detection_inst/dout_pulse_reg[1]
  -------------------------------------------------------------------
                         required time                         -1.868    
                         arrival time                           1.918    
  -------------------------------------------------------------------
                         slack                                  0.050    

Slack (MET) :             0.050ns  (arrival time - required time)
  Source:                 ila_inst/inst/ila_core_inst/debug_data_in_sync2_reg[8]/C
                            (rising edge-triggered cell FDRE clocked by clk_freerun  {rise@0.000ns fall@5.000ns period=10.000ns})
  Destination:            ila_inst/inst/ila_core_inst/u_trig/U_TM/N_DDR_MODE.G_NMU[8].U_M/allx_typeA_match_detection.ltlib_v1_0_0_allx_typeA_inst/probeDelay1_reg[0]/D
                            (rising edge-triggered cell FDRE clocked by clk_freerun  {rise@0.000ns fall@5.000ns period=10.000ns})
  Path Group:             clk_freerun
  Path Type:              Hold (Min at Fast Process Corner)
  Requirement:            0.000ns  (clk_freerun rise@0.000ns - clk_freerun rise@0.000ns)
  Data Path Delay:        0.111ns  (logic 0.063ns (56.757%)  route 0.048ns (43.243%))
  Logic Levels:           1  (LUT3=1)
  Clock Path Skew:        0.005ns (DCD - SCD - CPR)
    Destination Clock Delay (DCD):    2.339ns
    Source Clock Delay      (SCD):    1.804ns
    Clock Pessimism Removal (CPR):    0.530ns
  Clock Net Delay (Source):      1.213ns (routing 0.559ns, distribution 0.654ns)
  Clock Net Delay (Destination): 1.410ns (routing 0.619ns, distribution 0.791ns)

    Location             Delay type                Incr(ns)  Path(ns)    Netlist Resource(s)
  -------------------------------------------------------------------    -------------------
                         (clock clk_freerun rise edge)
                                                      0.000     0.000 r  
    D18                                               0.000     0.000 r  hb_gtwiz_reset_clk_freerun_p (IN)
                         net (fo=0)                   0.000     0.000    ibufds_clk_freerun_inst/I
    HPIOBDIFFINBUF_X0Y61 DIFFINBUF (Prop_DIFFINBUF_HPIOBDIFFINBUF_DIFF_IN_P_O)
                                                      0.187     0.187 r  ibufds_clk_freerun_inst/DIFFINBUF_INST/O
                         net (fo=1, routed)           0.028     0.215    ibufds_clk_freerun_inst/OUT
    D18                  IBUFCTRL (Prop_IBUFCTRL_HPIOB_I_O)
                                                      0.000     0.215 r  ibufds_clk_freerun_inst/IBUFCTRL_INST/O
                         net (fo=1, routed)           0.349     0.564    hb_gtwiz_reset_clk_freerun_ibuf
    BUFGCE_X0Y50         BUFGCE (Prop_BUFCE_BUFGCE_I_O)
                                                      0.027     0.591 r  bufg_clk_freerun_inst/O
    X2Y2 (CLOCK_ROOT)    net (fo=585, routed)         1.213     1.804    ila_inst/inst/ila_core_inst/I_IS_TERMINATION_SLICE_W_OUTPUT_REG.DOUT_O_reg
    SLICE_X90Y144        FDRE                                         r  ila_inst/inst/ila_core_inst/debug_data_in_sync2_reg[8]/C
  -------------------------------------------------------------------    -------------------
    SLICE_X90Y144        FDRE (Prop_BFF2_SLICEL_C_Q)
                                                      0.048     1.852 r  ila_inst/inst/ila_core_inst/debug_data_in_sync2_reg[8]/Q
                         net (fo=1, routed)           0.032     1.884    ila_inst/inst/ila_core_inst/debug_data_in_sync2[8]
    SLICE_X90Y144        LUT3 (Prop_D6LUT_SLICEL_I0_O)
                                                      0.015     1.899 r  ila_inst/inst/ila_core_inst/probeDelay1[0]_i_1__7/O
                         net (fo=1, routed)           0.016     1.915    ila_inst/inst/ila_core_inst/u_trig/U_TM/N_DDR_MODE.G_NMU[8].U_M/allx_typeA_match_detection.ltlib_v1_0_0_allx_typeA_inst/probe_data[0]
    SLICE_X90Y144        FDRE                                         r  ila_inst/inst/ila_core_inst/u_trig/U_TM/N_DDR_MODE.G_NMU[8].U_M/allx_typeA_match_detection.ltlib_v1_0_0_allx_typeA_inst/probeDelay1_reg[0]/D
  -------------------------------------------------------------------    -------------------

                         (clock clk_freerun rise edge)
                                                      0.000     0.000 r  
    D18                                               0.000     0.000 r  hb_gtwiz_reset_clk_freerun_p (IN)
                         net (fo=0)                   0.000     0.000    ibufds_clk_freerun_inst/I
    HPIOBDIFFINBUF_X0Y61 DIFFINBUF (Prop_DIFFINBUF_HPIOBDIFFINBUF_DIFF_IN_P_O)
                                                      0.442     0.442 r  ibufds_clk_freerun_inst/DIFFINBUF_INST/O
                         net (fo=1, routed)           0.048     0.490    ibufds_clk_freerun_inst/OUT
    D18                  IBUFCTRL (Prop_IBUFCTRL_HPIOB_I_O)
                                                      0.000     0.490 r  ibufds_clk_freerun_inst/IBUFCTRL_INST/O
                         net (fo=1, routed)           0.408     0.898    hb_gtwiz_reset_clk_freerun_ibuf
    BUFGCE_X0Y50         BUFGCE (Prop_BUFCE_BUFGCE_I_O)
                                                      0.031     0.929 r  bufg_clk_freerun_inst/O
    X2Y2 (CLOCK_ROOT)    net (fo=585, routed)         1.410     2.339    ila_inst/inst/ila_core_inst/u_trig/U_TM/N_DDR_MODE.G_NMU[8].U_M/allx_typeA_match_detection.ltlib_v1_0_0_allx_typeA_inst/I_IS_TERMINATION_SLICE_W_OUTPUT_REG.DOUT_O_reg_0
    SLICE_X90Y144        FDRE                                         r  ila_inst/inst/ila_core_inst/u_trig/U_TM/N_DDR_MODE.G_NMU[8].U_M/allx_typeA_match_detection.ltlib_v1_0_0_allx_typeA_inst/probeDelay1_reg[0]/C
                         clock pessimism             -0.530     1.809    
    SLICE_X90Y144        FDRE (Hold_DFF_SLICEL_C_D)
                                                      0.056     1.865    ila_inst/inst/ila_core_inst/u_trig/U_TM/N_DDR_MODE.G_NMU[8].U_M/allx_typeA_match_detection.ltlib_v1_0_0_allx_typeA_inst/probeDelay1_reg[0]
  -------------------------------------------------------------------
                         required time                         -1.865    
                         arrival time                           1.915    
  -------------------------------------------------------------------
                         slack                                  0.050    





Pulse Width Checks
--------------------------------------------------------------------------------------
Clock Name:         clk_freerun
Waveform(ns):       { 0.000 5.000 }
Period(ns):         10.000
Sources:            { hb_gtwiz_reset_clk_freerun_p }

Check Type        Corner  Lib Pin             Reference Pin  Required(ns)  Actual(ns)  Slack(ns)  Location       Pin
Min Period        n/a     RAMB18E2/CLKARDCLK  n/a            1.709         10.000      8.291      RAMB18_X9Y56   ila_inst/inst/ila_core_inst/ila_trace_memory_inst/SUBCORE_RAM_BLK_MEM_1.trace_block_memory/inst_blk_mem_gen/gnbram.gnativebmg.native_blk_mem_gen/valid.cstr/ramloop[0].ram.r/prim_noinit.ram/DEVICE_8SERIES.NO_BMM_INFO.SDP.SIMPLE_PRIM18.ram/CLKARDCLK
Min Period        n/a     BUFGCE/I            n/a            1.379         10.000      8.621      BUFGCE_X0Y50   bufg_clk_freerun_inst/I
Min Period        n/a     SRL16E/CLK          n/a            1.116         10.000      8.884      SLICE_X94Y144  ila_inst/inst/ila_core_inst/shifted_data_in_reg[7][0]_srl8/CLK
Min Period        n/a     SRL16E/CLK          n/a            1.116         10.000      8.884      SLICE_X94Y144  ila_inst/inst/ila_core_inst/shifted_data_in_reg[7][10]_srl8/CLK
Min Period        n/a     SRL16E/CLK          n/a            1.116         10.000      8.884      SLICE_X94Y144  ila_inst/inst/ila_core_inst/shifted_data_in_reg[7][11]_srl8/CLK
Min Period        n/a     SRL16E/CLK          n/a            1.116         10.000      8.884      SLICE_X94Y144  ila_inst/inst/ila_core_inst/shifted_data_in_reg[7][12]_srl8/CLK
Min Period        n/a     SRL16E/CLK          n/a            1.116         10.000      8.884      SLICE_X94Y144  ila_inst/inst/ila_core_inst/shifted_data_in_reg[7][13]_srl8/CLK
Min Period        n/a     SRL16E/CLK          n/a            1.116         10.000      8.884      SLICE_X94Y144  ila_inst/inst/ila_core_inst/shifted_data_in_reg[7][14]_srl8/CLK
Min Period        n/a     SRL16E/CLK          n/a            1.116         10.000      8.884      SLICE_X94Y144  ila_inst/inst/ila_core_inst/shifted_data_in_reg[7][15]_srl8/CLK
Min Period        n/a     SRL16E/CLK          n/a            1.116         10.000      8.884      SLICE_X94Y144  ila_inst/inst/ila_core_inst/shifted_data_in_reg[7][1]_srl8/CLK
Low Pulse Width   Fast    RAMB18E2/CLKARDCLK  n/a            0.854         5.000       4.146      RAMB18_X9Y56   ila_inst/inst/ila_core_inst/ila_trace_memory_inst/SUBCORE_RAM_BLK_MEM_1.trace_block_memory/inst_blk_mem_gen/gnbram.gnativebmg.native_blk_mem_gen/valid.cstr/ramloop[0].ram.r/prim_noinit.ram/DEVICE_8SERIES.NO_BMM_INFO.SDP.SIMPLE_PRIM18.ram/CLKARDCLK
Low Pulse Width   Slow    RAMB18E2/CLKARDCLK  n/a            0.854         5.000       4.146      RAMB18_X9Y56   ila_inst/inst/ila_core_inst/ila_trace_memory_inst/SUBCORE_RAM_BLK_MEM_1.trace_block_memory/inst_blk_mem_gen/gnbram.gnativebmg.native_blk_mem_gen/valid.cstr/ramloop[0].ram.r/prim_noinit.ram/DEVICE_8SERIES.NO_BMM_INFO.SDP.SIMPLE_PRIM18.ram/CLKARDCLK
Low Pulse Width   Slow    SRL16E/CLK          n/a            0.558         5.000       4.442      SLICE_X94Y144  ila_inst/inst/ila_core_inst/shifted_data_in_reg[7][0]_srl8/CLK
Low Pulse Width   Fast    SRL16E/CLK          n/a            0.558         5.000       4.442      SLICE_X94Y144  ila_inst/inst/ila_core_inst/shifted_data_in_reg[7][0]_srl8/CLK
Low Pulse Width   Slow    SRL16E/CLK          n/a            0.558         5.000       4.442      SLICE_X94Y144  ila_inst/inst/ila_core_inst/shifted_data_in_reg[7][10]_srl8/CLK
Low Pulse Width   Fast    SRL16E/CLK          n/a            0.558         5.000       4.442      SLICE_X94Y144  ila_inst/inst/ila_core_inst/shifted_data_in_reg[7][10]_srl8/CLK
Low Pulse Width   Slow    SRL16E/CLK          n/a            0.558         5.000       4.442      SLICE_X94Y144  ila_inst/inst/ila_core_inst/shifted_data_in_reg[7][11]_srl8/CLK
Low Pulse Width   Fast    SRL16E/CLK          n/a            0.558         5.000       4.442      SLICE_X94Y144  ila_inst/inst/ila_core_inst/shifted_data_in_reg[7][11]_srl8/CLK
Low Pulse Width   Slow    SRL16E/CLK          n/a            0.558         5.000       4.442      SLICE_X94Y144  ila_inst/inst/ila_core_inst/shifted_data_in_reg[7][12]_srl8/CLK
Low Pulse Width   Fast    SRL16E/CLK          n/a            0.558         5.000       4.442      SLICE_X94Y144  ila_inst/inst/ila_core_inst/shifted_data_in_reg[7][12]_srl8/CLK
High Pulse Width  Slow    RAMB18E2/CLKARDCLK  n/a            0.854         5.000       4.146      RAMB18_X9Y56   ila_inst/inst/ila_core_inst/ila_trace_memory_inst/SUBCORE_RAM_BLK_MEM_1.trace_block_memory/inst_blk_mem_gen/gnbram.gnativebmg.native_blk_mem_gen/valid.cstr/ramloop[0].ram.r/prim_noinit.ram/DEVICE_8SERIES.NO_BMM_INFO.SDP.SIMPLE_PRIM18.ram/CLKARDCLK
High Pulse Width  Fast    RAMB18E2/CLKARDCLK  n/a            0.854         5.000       4.146      RAMB18_X9Y56   ila_inst/inst/ila_core_inst/ila_trace_memory_inst/SUBCORE_RAM_BLK_MEM_1.trace_block_memory/inst_blk_mem_gen/gnbram.gnativebmg.native_blk_mem_gen/valid.cstr/ramloop[0].ram.r/prim_noinit.ram/DEVICE_8SERIES.NO_BMM_INFO.SDP.SIMPLE_PRIM18.ram/CLKARDCLK
High Pulse Width  Slow    SRL16E/CLK          n/a            0.558         5.000       4.442      SLICE_X94Y144  ila_inst/inst/ila_core_inst/shifted_data_in_reg[7][0]_srl8/CLK
High Pulse Width  Fast    SRL16E/CLK          n/a            0.558         5.000       4.442      SLICE_X94Y144  ila_inst/inst/ila_core_inst/shifted_data_in_reg[7][0]_srl8/CLK
High Pulse Width  Slow    SRL16E/CLK          n/a            0.558         5.000       4.442      SLICE_X94Y144  ila_inst/inst/ila_core_inst/shifted_data_in_reg[7][10]_srl8/CLK
High Pulse Width  Fast    SRL16E/CLK          n/a            0.558         5.000       4.442      SLICE_X94Y144  ila_inst/inst/ila_core_inst/shifted_data_in_reg[7][10]_srl8/CLK
High Pulse Width  Slow    SRL16E/CLK          n/a            0.558         5.000       4.442      SLICE_X94Y144  ila_inst/inst/ila_core_inst/shifted_data_in_reg[7][11]_srl8/CLK
High Pulse Width  Fast    SRL16E/CLK          n/a            0.558         5.000       4.442      SLICE_X94Y144  ila_inst/inst/ila_core_inst/shifted_data_in_reg[7][11]_srl8/CLK
High Pulse Width  Slow    SRL16E/CLK          n/a            0.558         5.000       4.442      SLICE_X94Y144  ila_inst/inst/ila_core_inst/shifted_data_in_reg[7][12]_srl8/CLK
High Pulse Width  Fast    SRL16E/CLK          n/a            0.558         5.000       4.442      SLICE_X94Y144  ila_inst/inst/ila_core_inst/shifted_data_in_reg[7][12]_srl8/CLK



---------------------------------------------------------------------------------------------------
From Clock:  rxoutclk_out[0]
  To Clock:  rxoutclk_out[0]

Setup :           NA  Failing Endpoints,  Worst Slack           NA  ,  Total Violation           NA
Hold  :           NA  Failing Endpoints,  Worst Slack           NA  ,  Total Violation           NA
PW    :            0  Failing Endpoints,  Worst Slack        0.404ns,  Total Violation        0.000ns
---------------------------------------------------------------------------------------------------


Pulse Width Checks
--------------------------------------------------------------------------------------
Clock Name:         rxoutclk_out[0]
Waveform(ns):       { 0.000 1.600 }
Period(ns):         3.200
Sources:            { example_wrapper_inst/eth_xcvr_gth_full_inst/inst/gen_gtwizard_gthe3_top.eth_xcvr_gth_full_gtwizard_gthe3_inst/gen_gtwizard_gthe3.gen_channel_container[0].gen_enabled_channel.gthe3_channel_wrapper_inst/channel_inst/gthe3_channel_gen.gen_gthe3_channel_inst[0].GTHE3_CHANNEL_PRIM_INST/RXOUTCLK }

Check Type  Corner  Lib Pin                 Reference Pin            Required(ns)  Actual(ns)  Slack(ns)  Location             Pin
Min Period  n/a     BUFG_GT/I               n/a                      1.379         3.200       1.821      BUFG_GT_X0Y86        example_wrapper_inst/eth_xcvr_gth_full_inst/inst/gen_gtwizard_gthe3_top.eth_xcvr_gth_full_gtwizard_gthe3_inst/gen_gtwizard_gthe3.gen_rx_user_clocking_internal.gen_single_instance.gtwiz_userclk_rx_inst/gen_gtwiz_userclk_rx_main.bufg_gt_usrclk2_inst/I
Min Period  n/a     BUFG_GT/I               n/a                      1.379         3.200       1.821      BUFG_GT_X0Y92        example_wrapper_inst/eth_xcvr_gth_full_inst/inst/gen_gtwizard_gthe3_top.eth_xcvr_gth_full_gtwizard_gthe3_inst/gen_gtwizard_gthe3.gen_rx_user_clocking_internal.gen_single_instance.gtwiz_userclk_rx_inst/gen_gtwiz_userclk_rx_main.bufg_gt_usrclk_inst/I
Max Skew    Fast    GTHE3_CHANNEL/RXUSRCLK  GTHE3_CHANNEL/RXUSRCLK2  0.519         0.115       0.404      GTHE3_CHANNEL_X0Y12  example_wrapper_inst/eth_xcvr_gth_full_inst/inst/gen_gtwizard_gthe3_top.eth_xcvr_gth_full_gtwizard_gthe3_inst/gen_gtwizard_gthe3.gen_channel_container[0].gen_enabled_channel.gthe3_channel_wrapper_inst/channel_inst/gthe3_channel_gen.gen_gthe3_channel_inst[0].GTHE3_CHANNEL_PRIM_INST/RXUSRCLK
Max Skew    Slow    GTHE3_CHANNEL/RXUSRCLK  GTHE3_CHANNEL/RXUSRCLK2  0.516         0.107       0.409      GTHE3_CHANNEL_X0Y12  example_wrapper_inst/eth_xcvr_gth_full_inst/inst/gen_gtwizard_gthe3_top.eth_xcvr_gth_full_gtwizard_gthe3_inst/gen_gtwizard_gthe3.gen_channel_container[0].gen_enabled_channel.gthe3_channel_wrapper_inst/channel_inst/gthe3_channel_gen.gen_gthe3_channel_inst[0].GTHE3_CHANNEL_PRIM_INST/RXUSRCLK



---------------------------------------------------------------------------------------------------
From Clock:  gtwiz_userclk_rx_usrclk2_int
  To Clock:  gtwiz_userclk_rx_usrclk2_int

Setup :            0  Failing Endpoints,  Worst Slack        2.803ns,  Total Violation        0.000ns
Hold  :            0  Failing Endpoints,  Worst Slack        0.004ns,  Total Violation        0.000ns
PW    :            0  Failing Endpoints,  Worst Slack        0.559ns,  Total Violation        0.000ns
---------------------------------------------------------------------------------------------------


Max Delay Paths
--------------------------------------------------------------------------------------
Slack (MET) :             2.803ns  (required time - arrival time)
  Source:                 ila_inst/inst/ila_core_inst/u_ila_regs/U_XSDB_SLAVE/G_1PIPE_IFACE.s_daddr_r_reg[0]/C
                            (rising edge-triggered cell FDRE clocked by gtwiz_userclk_rx_usrclk2_int  {rise@0.000ns fall@3.200ns period=6.400ns})
  Destination:            ila_inst/inst/ila_core_inst/u_ila_regs/slaveRegDo_mux_4_reg[10]/D
                            (rising edge-triggered cell FDRE clocked by gtwiz_userclk_rx_usrclk2_int  {rise@0.000ns fall@3.200ns period=6.400ns})
  Path Group:             gtwiz_userclk_rx_usrclk2_int
  Path Type:              Setup (Max at Slow Process Corner)
  Requirement:            6.400ns  (gtwiz_userclk_rx_usrclk2_int rise@6.400ns - gtwiz_userclk_rx_usrclk2_int rise@0.000ns)
  Data Path Delay:        3.492ns  (logic 0.405ns (11.598%)  route 3.087ns (88.402%))
  Logic Levels:           2  (LUT6=2)
  Clock Path Skew:        -0.129ns (DCD - SCD + CPR)
    Destination Clock Delay (DCD):    2.021ns = ( 8.421 - 6.400 ) 
    Source Clock Delay      (SCD):    2.325ns
    Clock Pessimism Removal (CPR):    0.175ns
  Clock Uncertainty:      0.035ns  ((TSJ^2 + TIJ^2)^1/2 + DJ) / 2 + PE
    Total System Jitter     (TSJ):    0.071ns
    Total Input Jitter      (TIJ):    0.000ns
    Discrete Jitter          (DJ):    0.000ns
    Phase Error              (PE):    0.000ns
  Clock Net Delay (Source):      1.928ns (routing 0.316ns, distribution 1.612ns)
  Clock Net Delay (Destination): 1.692ns (routing 0.283ns, distribution 1.409ns)

    Location             Delay type                Incr(ns)  Path(ns)    Netlist Resource(s)
  -------------------------------------------------------------------    -------------------
                         (clock gtwiz_userclk_rx_usrclk2_int rise edge)
                                                      0.000     0.000 r  
    GTHE3_CHANNEL_X0Y12  GTHE3_CHANNEL                0.000     0.000 r  example_wrapper_inst/eth_xcvr_gth_full_inst/inst/gen_gtwizard_gthe3_top.eth_xcvr_gth_full_gtwizard_gthe3_inst/gen_gtwizard_gthe3.gen_channel_container[0].gen_enabled_channel.gthe3_channel_wrapper_inst/channel_inst/gthe3_channel_gen.gen_gthe3_channel_inst[0].GTHE3_CHANNEL_PRIM_INST/RXOUTCLK
                         net (fo=3, routed)           0.082     0.082    example_wrapper_inst/eth_xcvr_gth_full_inst/inst/gen_gtwizard_gthe3_top.eth_xcvr_gth_full_gtwizard_gthe3_inst/gen_gtwizard_gthe3.gen_rx_user_clocking_internal.gen_single_instance.gtwiz_userclk_rx_inst/rxoutclk_out[0]
    BUFG_GT_X0Y86        BUFG_GT (Prop_BUFG_GT_I_O)
                                                      0.315     0.397 r  example_wrapper_inst/eth_xcvr_gth_full_inst/inst/gen_gtwizard_gthe3_top.eth_xcvr_gth_full_gtwizard_gthe3_inst/gen_gtwizard_gthe3.gen_rx_user_clocking_internal.gen_single_instance.gtwiz_userclk_rx_inst/gen_gtwiz_userclk_rx_main.bufg_gt_usrclk2_inst/O
    X3Y3 (CLOCK_ROOT)    net (fo=3729, routed)        1.928     2.325    ila_inst/inst/ila_core_inst/u_ila_regs/U_XSDB_SLAVE/sl_iport_i[1]
    SLICE_X90Y132        FDRE                                         r  ila_inst/inst/ila_core_inst/u_ila_regs/U_XSDB_SLAVE/G_1PIPE_IFACE.s_daddr_r_reg[0]/C
  -------------------------------------------------------------------    -------------------
    SLICE_X90Y132        FDRE (Prop_EFF_SLICEL_C_Q)
                                                      0.114     2.439 r  ila_inst/inst/ila_core_inst/u_ila_regs/U_XSDB_SLAVE/G_1PIPE_IFACE.s_daddr_r_reg[0]/Q
                         net (fo=201, routed)         2.739     5.178    ila_inst/inst/ila_core_inst/u_ila_regs/MU_SRL[9].mu_srl_reg/s_daddr_o[0]
    SLICE_X89Y156        LUT6 (Prop_H6LUT_SLICEL_I4_O)
                                                      0.116     5.294 r  ila_inst/inst/ila_core_inst/u_ila_regs/MU_SRL[9].mu_srl_reg/slaveRegDo_mux_4[10]_i_4/O
                         net (fo=1, routed)           0.321     5.615    ila_inst/inst/ila_core_inst/u_ila_regs/MU_SRL[5].mu_srl_reg/slaveRegDo_mux_4_reg[10]_0
    SLICE_X88Y156        LUT6 (Prop_D6LUT_SLICEL_I5_O)
                                                      0.175     5.790 r  ila_inst/inst/ila_core_inst/u_ila_regs/MU_SRL[5].mu_srl_reg/slaveRegDo_mux_4[10]_i_1/O
                         net (fo=1, routed)           0.027     5.817    ila_inst/inst/ila_core_inst/u_ila_regs/MU_SRL[5].mu_srl_reg_n_8
    SLICE_X88Y156        FDRE                                         r  ila_inst/inst/ila_core_inst/u_ila_regs/slaveRegDo_mux_4_reg[10]/D
  -------------------------------------------------------------------    -------------------

                         (clock gtwiz_userclk_rx_usrclk2_int rise edge)
                                                      6.400     6.400 r  
    GTHE3_CHANNEL_X0Y12  GTHE3_CHANNEL                0.000     6.400 r  example_wrapper_inst/eth_xcvr_gth_full_inst/inst/gen_gtwizard_gthe3_top.eth_xcvr_gth_full_gtwizard_gthe3_inst/gen_gtwizard_gthe3.gen_channel_container[0].gen_enabled_channel.gthe3_channel_wrapper_inst/channel_inst/gthe3_channel_gen.gen_gthe3_channel_inst[0].GTHE3_CHANNEL_PRIM_INST/RXOUTCLK
                         net (fo=3, routed)           0.046     6.446    example_wrapper_inst/eth_xcvr_gth_full_inst/inst/gen_gtwizard_gthe3_top.eth_xcvr_gth_full_gtwizard_gthe3_inst/gen_gtwizard_gthe3.gen_rx_user_clocking_internal.gen_single_instance.gtwiz_userclk_rx_inst/rxoutclk_out[0]
    BUFG_GT_X0Y86        BUFG_GT (Prop_BUFG_GT_I_O)
                                                      0.283     6.729 r  example_wrapper_inst/eth_xcvr_gth_full_inst/inst/gen_gtwizard_gthe3_top.eth_xcvr_gth_full_gtwizard_gthe3_inst/gen_gtwizard_gthe3.gen_rx_user_clocking_internal.gen_single_instance.gtwiz_userclk_rx_inst/gen_gtwiz_userclk_rx_main.bufg_gt_usrclk2_inst/O
    X3Y3 (CLOCK_ROOT)    net (fo=3729, routed)        1.692     8.421    ila_inst/inst/ila_core_inst/u_ila_regs/U_XSDB_SLAVE_n_1
    SLICE_X88Y156        FDRE                                         r  ila_inst/inst/ila_core_inst/u_ila_regs/slaveRegDo_mux_4_reg[10]/C
                         clock pessimism              0.175     8.596    
                         clock uncertainty           -0.035     8.561    
    SLICE_X88Y156        FDRE (Setup_DFF_SLICEL_C_D)
                                                      0.059     8.620    ila_inst/inst/ila_core_inst/u_ila_regs/slaveRegDo_mux_4_reg[10]
  -------------------------------------------------------------------
                         required time                          8.620    
                         arrival time                          -5.817    
  -------------------------------------------------------------------
                         slack                                  2.803    

Slack (MET) :             3.078ns  (required time - arrival time)
  Source:                 phy_inst/eth_phy_10g_rx_inst/eth_phy_10g_rx_if_inst/eth_phy_10g_rx_frame_sync_inst/rx_block_lock_reg_reg/C
                            (rising edge-triggered cell FDRE clocked by gtwiz_userclk_rx_usrclk2_int  {rise@0.000ns fall@3.200ns period=6.400ns})
  Destination:            phy_inst/eth_phy_10g_rx_inst/eth_phy_10g_rx_if_inst/eth_phy_10g_rx_watchdog_inst/saw_ctrl_sh_reg_reg/D
                            (rising edge-triggered cell FDRE clocked by gtwiz_userclk_rx_usrclk2_int  {rise@0.000ns fall@3.200ns period=6.400ns})
  Path Group:             gtwiz_userclk_rx_usrclk2_int
  Path Type:              Setup (Max at Slow Process Corner)
  Requirement:            6.400ns  (gtwiz_userclk_rx_usrclk2_int rise@6.400ns - gtwiz_userclk_rx_usrclk2_int rise@0.000ns)
  Data Path Delay:        3.262ns  (logic 0.289ns (8.860%)  route 2.973ns (91.140%))
  Logic Levels:           1  (LUT6=1)
  Clock Path Skew:        -0.084ns (DCD - SCD + CPR)
    Destination Clock Delay (DCD):    2.038ns = ( 8.438 - 6.400 ) 
    Source Clock Delay      (SCD):    2.363ns
    Clock Pessimism Removal (CPR):    0.241ns
  Clock Uncertainty:      0.035ns  ((TSJ^2 + TIJ^2)^1/2 + DJ) / 2 + PE
    Total System Jitter     (TSJ):    0.071ns
    Total Input Jitter      (TIJ):    0.000ns
    Discrete Jitter          (DJ):    0.000ns
    Phase Error              (PE):    0.000ns
  Clock Net Delay (Source):      1.966ns (routing 0.316ns, distribution 1.650ns)
  Clock Net Delay (Destination): 1.709ns (routing 0.283ns, distribution 1.426ns)

    Location             Delay type                Incr(ns)  Path(ns)    Netlist Resource(s)
  -------------------------------------------------------------------    -------------------
                         (clock gtwiz_userclk_rx_usrclk2_int rise edge)
                                                      0.000     0.000 r  
    GTHE3_CHANNEL_X0Y12  GTHE3_CHANNEL                0.000     0.000 r  example_wrapper_inst/eth_xcvr_gth_full_inst/inst/gen_gtwizard_gthe3_top.eth_xcvr_gth_full_gtwizard_gthe3_inst/gen_gtwizard_gthe3.gen_channel_container[0].gen_enabled_channel.gthe3_channel_wrapper_inst/channel_inst/gthe3_channel_gen.gen_gthe3_channel_inst[0].GTHE3_CHANNEL_PRIM_INST/RXOUTCLK
                         net (fo=3, routed)           0.082     0.082    example_wrapper_inst/eth_xcvr_gth_full_inst/inst/gen_gtwizard_gthe3_top.eth_xcvr_gth_full_gtwizard_gthe3_inst/gen_gtwizard_gthe3.gen_rx_user_clocking_internal.gen_single_instance.gtwiz_userclk_rx_inst/rxoutclk_out[0]
    BUFG_GT_X0Y86        BUFG_GT (Prop_BUFG_GT_I_O)
                                                      0.315     0.397 r  example_wrapper_inst/eth_xcvr_gth_full_inst/inst/gen_gtwizard_gthe3_top.eth_xcvr_gth_full_gtwizard_gthe3_inst/gen_gtwizard_gthe3.gen_rx_user_clocking_internal.gen_single_instance.gtwiz_userclk_rx_inst/gen_gtwiz_userclk_rx_main.bufg_gt_usrclk2_inst/O
    X3Y3 (CLOCK_ROOT)    net (fo=3729, routed)        1.966     2.363    phy_inst/eth_phy_10g_rx_inst/eth_phy_10g_rx_if_inst/eth_phy_10g_rx_frame_sync_inst/rx_clk
    SLICE_X97Y184        FDRE                                         r  phy_inst/eth_phy_10g_rx_inst/eth_phy_10g_rx_if_inst/eth_phy_10g_rx_frame_sync_inst/rx_block_lock_reg_reg/C
  -------------------------------------------------------------------    -------------------
    SLICE_X97Y184        FDRE (Prop_HFF_SLICEL_C_Q)
                                                      0.114     2.477 r  phy_inst/eth_phy_10g_rx_inst/eth_phy_10g_rx_if_inst/eth_phy_10g_rx_frame_sync_inst/rx_block_lock_reg_reg/Q
                         net (fo=9, routed)           2.946     5.423    phy_inst/eth_phy_10g_rx_inst/eth_phy_10g_rx_if_inst/eth_phy_10g_rx_watchdog_inst/saw_ctrl_sh_reg_reg_0
    SLICE_X96Y185        LUT6 (Prop_D6LUT_SLICEL_I2_O)
                                                      0.175     5.598 r  phy_inst/eth_phy_10g_rx_inst/eth_phy_10g_rx_if_inst/eth_phy_10g_rx_watchdog_inst/saw_ctrl_sh_reg_i_1/O
                         net (fo=1, routed)           0.027     5.625    phy_inst/eth_phy_10g_rx_inst/eth_phy_10g_rx_if_inst/eth_phy_10g_rx_watchdog_inst/saw_ctrl_sh_reg_i_1_n_0
    SLICE_X96Y185        FDRE                                         r  phy_inst/eth_phy_10g_rx_inst/eth_phy_10g_rx_if_inst/eth_phy_10g_rx_watchdog_inst/saw_ctrl_sh_reg_reg/D
  -------------------------------------------------------------------    -------------------

                         (clock gtwiz_userclk_rx_usrclk2_int rise edge)
                                                      6.400     6.400 r  
    GTHE3_CHANNEL_X0Y12  GTHE3_CHANNEL                0.000     6.400 r  example_wrapper_inst/eth_xcvr_gth_full_inst/inst/gen_gtwizard_gthe3_top.eth_xcvr_gth_full_gtwizard_gthe3_inst/gen_gtwizard_gthe3.gen_channel_container[0].gen_enabled_channel.gthe3_channel_wrapper_inst/channel_inst/gthe3_channel_gen.gen_gthe3_channel_inst[0].GTHE3_CHANNEL_PRIM_INST/RXOUTCLK
                         net (fo=3, routed)           0.046     6.446    example_wrapper_inst/eth_xcvr_gth_full_inst/inst/gen_gtwizard_gthe3_top.eth_xcvr_gth_full_gtwizard_gthe3_inst/gen_gtwizard_gthe3.gen_rx_user_clocking_internal.gen_single_instance.gtwiz_userclk_rx_inst/rxoutclk_out[0]
    BUFG_GT_X0Y86        BUFG_GT (Prop_BUFG_GT_I_O)
                                                      0.283     6.729 r  example_wrapper_inst/eth_xcvr_gth_full_inst/inst/gen_gtwizard_gthe3_top.eth_xcvr_gth_full_gtwizard_gthe3_inst/gen_gtwizard_gthe3.gen_rx_user_clocking_internal.gen_single_instance.gtwiz_userclk_rx_inst/gen_gtwiz_userclk_rx_main.bufg_gt_usrclk2_inst/O
    X3Y3 (CLOCK_ROOT)    net (fo=3729, routed)        1.709     8.438    phy_inst/eth_phy_10g_rx_inst/eth_phy_10g_rx_if_inst/eth_phy_10g_rx_watchdog_inst/rx_clk
    SLICE_X96Y185        FDRE                                         r  phy_inst/eth_phy_10g_rx_inst/eth_phy_10g_rx_if_inst/eth_phy_10g_rx_watchdog_inst/saw_ctrl_sh_reg_reg/C
                         clock pessimism              0.241     8.679    
                         clock uncertainty           -0.035     8.644    
    SLICE_X96Y185        FDRE (Setup_DFF_SLICEL_C_D)
                                                      0.059     8.703    phy_inst/eth_phy_10g_rx_inst/eth_phy_10g_rx_if_inst/eth_phy_10g_rx_watchdog_inst/saw_ctrl_sh_reg_reg
  -------------------------------------------------------------------
                         required time                          8.703    
                         arrival time                          -5.625    
  -------------------------------------------------------------------
                         slack                                  3.078    

Slack (MET) :             3.096ns  (required time - arrival time)
  Source:                 ila_inst/inst/ila_core_inst/u_ila_regs/U_XSDB_SLAVE/G_1PIPE_IFACE.s_daddr_r_reg[0]/C
                            (rising edge-triggered cell FDRE clocked by gtwiz_userclk_rx_usrclk2_int  {rise@0.000ns fall@3.200ns period=6.400ns})
  Destination:            ila_inst/inst/ila_core_inst/u_ila_regs/slaveRegDo_mux_4_reg[11]/D
                            (rising edge-triggered cell FDRE clocked by gtwiz_userclk_rx_usrclk2_int  {rise@0.000ns fall@3.200ns period=6.400ns})
  Path Group:             gtwiz_userclk_rx_usrclk2_int
  Path Type:              Setup (Max at Slow Process Corner)
  Requirement:            6.400ns  (gtwiz_userclk_rx_usrclk2_int rise@6.400ns - gtwiz_userclk_rx_usrclk2_int rise@0.000ns)
  Data Path Delay:        3.198ns  (logic 0.327ns (10.225%)  route 2.871ns (89.775%))
  Logic Levels:           2  (LUT6=2)
  Clock Path Skew:        -0.130ns (DCD - SCD + CPR)
    Destination Clock Delay (DCD):    2.020ns = ( 8.420 - 6.400 ) 
    Source Clock Delay      (SCD):    2.325ns
    Clock Pessimism Removal (CPR):    0.175ns
  Clock Uncertainty:      0.035ns  ((TSJ^2 + TIJ^2)^1/2 + DJ) / 2 + PE
    Total System Jitter     (TSJ):    0.071ns
    Total Input Jitter      (TIJ):    0.000ns
    Discrete Jitter          (DJ):    0.000ns
    Phase Error              (PE):    0.000ns
  Clock Net Delay (Source):      1.928ns (routing 0.316ns, distribution 1.612ns)
  Clock Net Delay (Destination): 1.691ns (routing 0.283ns, distribution 1.408ns)

    Location             Delay type                Incr(ns)  Path(ns)    Netlist Resource(s)
  -------------------------------------------------------------------    -------------------
                         (clock gtwiz_userclk_rx_usrclk2_int rise edge)
                                                      0.000     0.000 r  
    GTHE3_CHANNEL_X0Y12  GTHE3_CHANNEL                0.000     0.000 r  example_wrapper_inst/eth_xcvr_gth_full_inst/inst/gen_gtwizard_gthe3_top.eth_xcvr_gth_full_gtwizard_gthe3_inst/gen_gtwizard_gthe3.gen_channel_container[0].gen_enabled_channel.gthe3_channel_wrapper_inst/channel_inst/gthe3_channel_gen.gen_gthe3_channel_inst[0].GTHE3_CHANNEL_PRIM_INST/RXOUTCLK
                         net (fo=3, routed)           0.082     0.082    example_wrapper_inst/eth_xcvr_gth_full_inst/inst/gen_gtwizard_gthe3_top.eth_xcvr_gth_full_gtwizard_gthe3_inst/gen_gtwizard_gthe3.gen_rx_user_clocking_internal.gen_single_instance.gtwiz_userclk_rx_inst/rxoutclk_out[0]
    BUFG_GT_X0Y86        BUFG_GT (Prop_BUFG_GT_I_O)
                                                      0.315     0.397 r  example_wrapper_inst/eth_xcvr_gth_full_inst/inst/gen_gtwizard_gthe3_top.eth_xcvr_gth_full_gtwizard_gthe3_inst/gen_gtwizard_gthe3.gen_rx_user_clocking_internal.gen_single_instance.gtwiz_userclk_rx_inst/gen_gtwiz_userclk_rx_main.bufg_gt_usrclk2_inst/O
    X3Y3 (CLOCK_ROOT)    net (fo=3729, routed)        1.928     2.325    ila_inst/inst/ila_core_inst/u_ila_regs/U_XSDB_SLAVE/sl_iport_i[1]
    SLICE_X90Y132        FDRE                                         r  ila_inst/inst/ila_core_inst/u_ila_regs/U_XSDB_SLAVE/G_1PIPE_IFACE.s_daddr_r_reg[0]/C
  -------------------------------------------------------------------    -------------------
    SLICE_X90Y132        FDRE (Prop_EFF_SLICEL_C_Q)
                                                      0.114     2.439 r  ila_inst/inst/ila_core_inst/u_ila_regs/U_XSDB_SLAVE/G_1PIPE_IFACE.s_daddr_r_reg[0]/Q
                         net (fo=201, routed)         2.643     5.082    ila_inst/inst/ila_core_inst/u_ila_regs/MU_SRL[9].mu_srl_reg/s_daddr_o[0]
    SLICE_X89Y155        LUT6 (Prop_H6LUT_SLICEL_I4_O)
                                                      0.172     5.254 r  ila_inst/inst/ila_core_inst/u_ila_regs/MU_SRL[9].mu_srl_reg/slaveRegDo_mux_4[11]_i_4/O
                         net (fo=1, routed)           0.201     5.455    ila_inst/inst/ila_core_inst/u_ila_regs/MU_SRL[5].mu_srl_reg/slaveRegDo_mux_4_reg[11]_0
    SLICE_X88Y155        LUT6 (Prop_D6LUT_SLICEL_I5_O)
                                                      0.041     5.496 r  ila_inst/inst/ila_core_inst/u_ila_regs/MU_SRL[5].mu_srl_reg/slaveRegDo_mux_4[11]_i_1/O
                         net (fo=1, routed)           0.027     5.523    ila_inst/inst/ila_core_inst/u_ila_regs/MU_SRL[5].mu_srl_reg_n_7
    SLICE_X88Y155        FDRE                                         r  ila_inst/inst/ila_core_inst/u_ila_regs/slaveRegDo_mux_4_reg[11]/D
  -------------------------------------------------------------------    -------------------

                         (clock gtwiz_userclk_rx_usrclk2_int rise edge)
                                                      6.400     6.400 r  
    GTHE3_CHANNEL_X0Y12  GTHE3_CHANNEL                0.000     6.400 r  example_wrapper_inst/eth_xcvr_gth_full_inst/inst/gen_gtwizard_gthe3_top.eth_xcvr_gth_full_gtwizard_gthe3_inst/gen_gtwizard_gthe3.gen_channel_container[0].gen_enabled_channel.gthe3_channel_wrapper_inst/channel_inst/gthe3_channel_gen.gen_gthe3_channel_inst[0].GTHE3_CHANNEL_PRIM_INST/RXOUTCLK
                         net (fo=3, routed)           0.046     6.446    example_wrapper_inst/eth_xcvr_gth_full_inst/inst/gen_gtwizard_gthe3_top.eth_xcvr_gth_full_gtwizard_gthe3_inst/gen_gtwizard_gthe3.gen_rx_user_clocking_internal.gen_single_instance.gtwiz_userclk_rx_inst/rxoutclk_out[0]
    BUFG_GT_X0Y86        BUFG_GT (Prop_BUFG_GT_I_O)
                                                      0.283     6.729 r  example_wrapper_inst/eth_xcvr_gth_full_inst/inst/gen_gtwizard_gthe3_top.eth_xcvr_gth_full_gtwizard_gthe3_inst/gen_gtwizard_gthe3.gen_rx_user_clocking_internal.gen_single_instance.gtwiz_userclk_rx_inst/gen_gtwiz_userclk_rx_main.bufg_gt_usrclk2_inst/O
    X3Y3 (CLOCK_ROOT)    net (fo=3729, routed)        1.691     8.420    ila_inst/inst/ila_core_inst/u_ila_regs/U_XSDB_SLAVE_n_1
    SLICE_X88Y155        FDRE                                         r  ila_inst/inst/ila_core_inst/u_ila_regs/slaveRegDo_mux_4_reg[11]/C
                         clock pessimism              0.175     8.595    
                         clock uncertainty           -0.035     8.560    
    SLICE_X88Y155        FDRE (Setup_DFF_SLICEL_C_D)
                                                      0.059     8.619    ila_inst/inst/ila_core_inst/u_ila_regs/slaveRegDo_mux_4_reg[11]
  -------------------------------------------------------------------
                         required time                          8.619    
                         arrival time                          -5.523    
  -------------------------------------------------------------------
                         slack                                  3.096    

Slack (MET) :             3.101ns  (required time - arrival time)
  Source:                 ila_inst/inst/ila_core_inst/u_ila_regs/U_XSDB_SLAVE/G_1PIPE_IFACE.s_daddr_r_reg[0]/C
                            (rising edge-triggered cell FDRE clocked by gtwiz_userclk_rx_usrclk2_int  {rise@0.000ns fall@3.200ns period=6.400ns})
  Destination:            ila_inst/inst/ila_core_inst/u_ila_regs/slaveRegDo_mux_4_reg[8]/D
                            (rising edge-triggered cell FDRE clocked by gtwiz_userclk_rx_usrclk2_int  {rise@0.000ns fall@3.200ns period=6.400ns})
  Path Group:             gtwiz_userclk_rx_usrclk2_int
  Path Type:              Setup (Max at Slow Process Corner)
  Requirement:            6.400ns  (gtwiz_userclk_rx_usrclk2_int rise@6.400ns - gtwiz_userclk_rx_usrclk2_int rise@0.000ns)
  Data Path Delay:        3.197ns  (logic 0.418ns (13.075%)  route 2.779ns (86.925%))
  Logic Levels:           2  (LUT6=2)
  Clock Path Skew:        -0.126ns (DCD - SCD + CPR)
    Destination Clock Delay (DCD):    2.024ns = ( 8.424 - 6.400 ) 
    Source Clock Delay      (SCD):    2.325ns
    Clock Pessimism Removal (CPR):    0.175ns
  Clock Uncertainty:      0.035ns  ((TSJ^2 + TIJ^2)^1/2 + DJ) / 2 + PE
    Total System Jitter     (TSJ):    0.071ns
    Total Input Jitter      (TIJ):    0.000ns
    Discrete Jitter          (DJ):    0.000ns
    Phase Error              (PE):    0.000ns
  Clock Net Delay (Source):      1.928ns (routing 0.316ns, distribution 1.612ns)
  Clock Net Delay (Destination): 1.695ns (routing 0.283ns, distribution 1.412ns)

    Location             Delay type                Incr(ns)  Path(ns)    Netlist Resource(s)
  -------------------------------------------------------------------    -------------------
                         (clock gtwiz_userclk_rx_usrclk2_int rise edge)
                                                      0.000     0.000 r  
    GTHE3_CHANNEL_X0Y12  GTHE3_CHANNEL                0.000     0.000 r  example_wrapper_inst/eth_xcvr_gth_full_inst/inst/gen_gtwizard_gthe3_top.eth_xcvr_gth_full_gtwizard_gthe3_inst/gen_gtwizard_gthe3.gen_channel_container[0].gen_enabled_channel.gthe3_channel_wrapper_inst/channel_inst/gthe3_channel_gen.gen_gthe3_channel_inst[0].GTHE3_CHANNEL_PRIM_INST/RXOUTCLK
                         net (fo=3, routed)           0.082     0.082    example_wrapper_inst/eth_xcvr_gth_full_inst/inst/gen_gtwizard_gthe3_top.eth_xcvr_gth_full_gtwizard_gthe3_inst/gen_gtwizard_gthe3.gen_rx_user_clocking_internal.gen_single_instance.gtwiz_userclk_rx_inst/rxoutclk_out[0]
    BUFG_GT_X0Y86        BUFG_GT (Prop_BUFG_GT_I_O)
                                                      0.315     0.397 r  example_wrapper_inst/eth_xcvr_gth_full_inst/inst/gen_gtwizard_gthe3_top.eth_xcvr_gth_full_gtwizard_gthe3_inst/gen_gtwizard_gthe3.gen_rx_user_clocking_internal.gen_single_instance.gtwiz_userclk_rx_inst/gen_gtwiz_userclk_rx_main.bufg_gt_usrclk2_inst/O
    X3Y3 (CLOCK_ROOT)    net (fo=3729, routed)        1.928     2.325    ila_inst/inst/ila_core_inst/u_ila_regs/U_XSDB_SLAVE/sl_iport_i[1]
    SLICE_X90Y132        FDRE                                         r  ila_inst/inst/ila_core_inst/u_ila_regs/U_XSDB_SLAVE/G_1PIPE_IFACE.s_daddr_r_reg[0]/C
  -------------------------------------------------------------------    -------------------
    SLICE_X90Y132        FDRE (Prop_EFF_SLICEL_C_Q)
                                                      0.114     2.439 r  ila_inst/inst/ila_core_inst/u_ila_regs/U_XSDB_SLAVE/G_1PIPE_IFACE.s_daddr_r_reg[0]/Q
                         net (fo=201, routed)         2.615     5.054    ila_inst/inst/ila_core_inst/u_ila_regs/MU_SRL[1].mu_srl_reg/s_daddr_o[0]
    SLICE_X88Y159        LUT6 (Prop_G6LUT_SLICEL_I4_O)
                                                      0.189     5.243 r  ila_inst/inst/ila_core_inst/u_ila_regs/MU_SRL[1].mu_srl_reg/slaveRegDo_mux_4[8]_i_3/O
                         net (fo=1, routed)           0.135     5.378    ila_inst/inst/ila_core_inst/u_ila_regs/MU_SRL[5].mu_srl_reg/slaveRegDo_mux_4_reg[8]
    SLICE_X88Y158        LUT6 (Prop_C6LUT_SLICEL_I4_O)
                                                      0.115     5.493 r  ila_inst/inst/ila_core_inst/u_ila_regs/MU_SRL[5].mu_srl_reg/slaveRegDo_mux_4[8]_i_1/O
                         net (fo=1, routed)           0.029     5.522    ila_inst/inst/ila_core_inst/u_ila_regs/MU_SRL[5].mu_srl_reg_n_10
    SLICE_X88Y158        FDRE                                         r  ila_inst/inst/ila_core_inst/u_ila_regs/slaveRegDo_mux_4_reg[8]/D
  -------------------------------------------------------------------    -------------------

                         (clock gtwiz_userclk_rx_usrclk2_int rise edge)
                                                      6.400     6.400 r  
    GTHE3_CHANNEL_X0Y12  GTHE3_CHANNEL                0.000     6.400 r  example_wrapper_inst/eth_xcvr_gth_full_inst/inst/gen_gtwizard_gthe3_top.eth_xcvr_gth_full_gtwizard_gthe3_inst/gen_gtwizard_gthe3.gen_channel_container[0].gen_enabled_channel.gthe3_channel_wrapper_inst/channel_inst/gthe3_channel_gen.gen_gthe3_channel_inst[0].GTHE3_CHANNEL_PRIM_INST/RXOUTCLK
                         net (fo=3, routed)           0.046     6.446    example_wrapper_inst/eth_xcvr_gth_full_inst/inst/gen_gtwizard_gthe3_top.eth_xcvr_gth_full_gtwizard_gthe3_inst/gen_gtwizard_gthe3.gen_rx_user_clocking_internal.gen_single_instance.gtwiz_userclk_rx_inst/rxoutclk_out[0]
    BUFG_GT_X0Y86        BUFG_GT (Prop_BUFG_GT_I_O)
                                                      0.283     6.729 r  example_wrapper_inst/eth_xcvr_gth_full_inst/inst/gen_gtwizard_gthe3_top.eth_xcvr_gth_full_gtwizard_gthe3_inst/gen_gtwizard_gthe3.gen_rx_user_clocking_internal.gen_single_instance.gtwiz_userclk_rx_inst/gen_gtwiz_userclk_rx_main.bufg_gt_usrclk2_inst/O
    X3Y3 (CLOCK_ROOT)    net (fo=3729, routed)        1.695     8.424    ila_inst/inst/ila_core_inst/u_ila_regs/U_XSDB_SLAVE_n_1
    SLICE_X88Y158        FDRE                                         r  ila_inst/inst/ila_core_inst/u_ila_regs/slaveRegDo_mux_4_reg[8]/C
                         clock pessimism              0.175     8.599    
                         clock uncertainty           -0.035     8.564    
    SLICE_X88Y158        FDRE (Setup_CFF_SLICEL_C_D)
                                                      0.059     8.623    ila_inst/inst/ila_core_inst/u_ila_regs/slaveRegDo_mux_4_reg[8]
  -------------------------------------------------------------------
                         required time                          8.623    
                         arrival time                          -5.522    
  -------------------------------------------------------------------
                         slack                                  3.101    

Slack (MET) :             3.120ns  (required time - arrival time)
  Source:                 ila_inst/inst/ila_core_inst/u_ila_regs/U_XSDB_SLAVE/G_1PIPE_IFACE.s_daddr_r_reg[9]/C
                            (rising edge-triggered cell FDRE clocked by gtwiz_userclk_rx_usrclk2_int  {rise@0.000ns fall@3.200ns period=6.400ns})
  Destination:            ila_inst/inst/ila_core_inst/u_ila_regs/slaveRegDo_mux_2_reg[8]/R
                            (rising edge-triggered cell FDRE clocked by gtwiz_userclk_rx_usrclk2_int  {rise@0.000ns fall@3.200ns period=6.400ns})
  Path Group:             gtwiz_userclk_rx_usrclk2_int
  Path Type:              Setup (Max at Slow Process Corner)
  Requirement:            6.400ns  (gtwiz_userclk_rx_usrclk2_int rise@6.400ns - gtwiz_userclk_rx_usrclk2_int rise@0.000ns)
  Data Path Delay:        3.017ns  (logic 0.669ns (22.174%)  route 2.348ns (77.826%))
  Logic Levels:           4  (LUT2=1 LUT6=3)
  Clock Path Skew:        -0.145ns (DCD - SCD + CPR)
    Destination Clock Delay (DCD):    2.032ns = ( 8.432 - 6.400 ) 
    Source Clock Delay      (SCD):    2.352ns
    Clock Pessimism Removal (CPR):    0.175ns
  Clock Uncertainty:      0.035ns  ((TSJ^2 + TIJ^2)^1/2 + DJ) / 2 + PE
    Total System Jitter     (TSJ):    0.071ns
    Total Input Jitter      (TIJ):    0.000ns
    Discrete Jitter          (DJ):    0.000ns
    Phase Error              (PE):    0.000ns
  Clock Net Delay (Source):      1.955ns (routing 0.316ns, distribution 1.639ns)
  Clock Net Delay (Destination): 1.703ns (routing 0.283ns, distribution 1.420ns)

    Location             Delay type                Incr(ns)  Path(ns)    Netlist Resource(s)
  -------------------------------------------------------------------    -------------------
                         (clock gtwiz_userclk_rx_usrclk2_int rise edge)
                                                      0.000     0.000 r  
    GTHE3_CHANNEL_X0Y12  GTHE3_CHANNEL                0.000     0.000 r  example_wrapper_inst/eth_xcvr_gth_full_inst/inst/gen_gtwizard_gthe3_top.eth_xcvr_gth_full_gtwizard_gthe3_inst/gen_gtwizard_gthe3.gen_channel_container[0].gen_enabled_channel.gthe3_channel_wrapper_inst/channel_inst/gthe3_channel_gen.gen_gthe3_channel_inst[0].GTHE3_CHANNEL_PRIM_INST/RXOUTCLK
                         net (fo=3, routed)           0.082     0.082    example_wrapper_inst/eth_xcvr_gth_full_inst/inst/gen_gtwizard_gthe3_top.eth_xcvr_gth_full_gtwizard_gthe3_inst/gen_gtwizard_gthe3.gen_rx_user_clocking_internal.gen_single_instance.gtwiz_userclk_rx_inst/rxoutclk_out[0]
    BUFG_GT_X0Y86        BUFG_GT (Prop_BUFG_GT_I_O)
                                                      0.315     0.397 r  example_wrapper_inst/eth_xcvr_gth_full_inst/inst/gen_gtwizard_gthe3_top.eth_xcvr_gth_full_gtwizard_gthe3_inst/gen_gtwizard_gthe3.gen_rx_user_clocking_internal.gen_single_instance.gtwiz_userclk_rx_inst/gen_gtwiz_userclk_rx_main.bufg_gt_usrclk2_inst/O
    X3Y3 (CLOCK_ROOT)    net (fo=3729, routed)        1.955     2.352    ila_inst/inst/ila_core_inst/u_ila_regs/U_XSDB_SLAVE/sl_iport_i[1]
    SLICE_X87Y133        FDRE                                         r  ila_inst/inst/ila_core_inst/u_ila_regs/U_XSDB_SLAVE/G_1PIPE_IFACE.s_daddr_r_reg[9]/C
  -------------------------------------------------------------------    -------------------
    SLICE_X87Y133        FDRE (Prop_DFF_SLICEL_C_Q)
                                                      0.114     2.466 f  ila_inst/inst/ila_core_inst/u_ila_regs/U_XSDB_SLAVE/G_1PIPE_IFACE.s_daddr_r_reg[9]/Q
                         net (fo=14, routed)          0.605     3.071    ila_inst/inst/ila_core_inst/u_ila_regs/s_daddr[9]
    SLICE_X88Y138        LUT2 (Prop_D6LUT_SLICEL_I1_O)
                                                      0.115     3.186 f  ila_inst/inst/ila_core_inst/u_ila_regs/slaveRegDo_mux_0[3]_i_11/O
                         net (fo=4, routed)           0.492     3.678    ila_inst/inst/ila_core_inst/u_ila_regs/slaveRegDo_mux_0[3]_i_11_n_0
    SLICE_X87Y139        LUT6 (Prop_F6LUT_SLICEL_I5_O)
                                                      0.185     3.863 r  ila_inst/inst/ila_core_inst/u_ila_regs/slaveRegDo_mux_2[3]_i_5/O
                         net (fo=5, routed)           0.182     4.045    ila_inst/inst/ila_core_inst/u_ila_regs/slaveRegDo_mux_211_in
    SLICE_X86Y139        LUT6 (Prop_F6LUT_SLICEL_I5_O)
                                                      0.185     4.230 f  ila_inst/inst/ila_core_inst/u_ila_regs/slaveRegDo_mux_2[3]_i_2/O
                         net (fo=5, routed)           0.277     4.507    ila_inst/inst/ila_core_inst/u_ila_regs/slaveRegDo_mux_2[3]_i_2_n_0
    SLICE_X87Y140        LUT6 (Prop_H6LUT_SLICEL_I0_O)
                                                      0.070     4.577 r  ila_inst/inst/ila_core_inst/u_ila_regs/slaveRegDo_mux_2[15]_i_1/O
                         net (fo=12, routed)          0.792     5.369    ila_inst/inst/ila_core_inst/u_ila_regs/slaveRegDo_mux_2[15]_i_1_n_0
    SLICE_X89Y137        FDRE                                         r  ila_inst/inst/ila_core_inst/u_ila_regs/slaveRegDo_mux_2_reg[8]/R
  -------------------------------------------------------------------    -------------------

                         (clock gtwiz_userclk_rx_usrclk2_int rise edge)
                                                      6.400     6.400 r  
    GTHE3_CHANNEL_X0Y12  GTHE3_CHANNEL                0.000     6.400 r  example_wrapper_inst/eth_xcvr_gth_full_inst/inst/gen_gtwizard_gthe3_top.eth_xcvr_gth_full_gtwizard_gthe3_inst/gen_gtwizard_gthe3.gen_channel_container[0].gen_enabled_channel.gthe3_channel_wrapper_inst/channel_inst/gthe3_channel_gen.gen_gthe3_channel_inst[0].GTHE3_CHANNEL_PRIM_INST/RXOUTCLK
                         net (fo=3, routed)           0.046     6.446    example_wrapper_inst/eth_xcvr_gth_full_inst/inst/gen_gtwizard_gthe3_top.eth_xcvr_gth_full_gtwizard_gthe3_inst/gen_gtwizard_gthe3.gen_rx_user_clocking_internal.gen_single_instance.gtwiz_userclk_rx_inst/rxoutclk_out[0]
    BUFG_GT_X0Y86        BUFG_GT (Prop_BUFG_GT_I_O)
                                                      0.283     6.729 r  example_wrapper_inst/eth_xcvr_gth_full_inst/inst/gen_gtwizard_gthe3_top.eth_xcvr_gth_full_gtwizard_gthe3_inst/gen_gtwizard_gthe3.gen_rx_user_clocking_internal.gen_single_instance.gtwiz_userclk_rx_inst/gen_gtwiz_userclk_rx_main.bufg_gt_usrclk2_inst/O
    X3Y3 (CLOCK_ROOT)    net (fo=3729, routed)        1.703     8.432    ila_inst/inst/ila_core_inst/u_ila_regs/U_XSDB_SLAVE_n_1
    SLICE_X89Y137        FDRE                                         r  ila_inst/inst/ila_core_inst/u_ila_regs/slaveRegDo_mux_2_reg[8]/C
                         clock pessimism              0.175     8.607    
                         clock uncertainty           -0.035     8.572    
    SLICE_X89Y137        FDRE (Setup_EFF_SLICEL_C_R)
                                                     -0.083     8.489    ila_inst/inst/ila_core_inst/u_ila_regs/slaveRegDo_mux_2_reg[8]
  -------------------------------------------------------------------
                         required time                          8.489    
                         arrival time                          -5.369    
  -------------------------------------------------------------------
                         slack                                  3.120    

Slack (MET) :             3.153ns  (required time - arrival time)
  Source:                 dbg_hub/inst/BSCANID.u_xsdbm_id/CORE_XSDB.UUT_MASTER/U_ICON_INTERFACE/U_CMD6_RD/U_RD_FIFO/SUBCORE_FIFO.xsdbm_v3_0_0_rdfifo_inst/inst_fifo_gen/gconvfifo.rf/grf.rf/gntv_or_sync_fifo.gl0.wr/gwas.wsts/ram_full_i_reg/C
                            (rising edge-triggered cell FDCE clocked by gtwiz_userclk_rx_usrclk2_int  {rise@0.000ns fall@3.200ns period=6.400ns})
  Destination:            dbg_hub/inst/BSCANID.u_xsdbm_id/CORE_XSDB.UUT_MASTER/U_XSDB_BUS_CONTROLLER/sl_den_r_reg[0]/CE
                            (rising edge-triggered cell FDCE clocked by gtwiz_userclk_rx_usrclk2_int  {rise@0.000ns fall@3.200ns period=6.400ns})
  Path Group:             gtwiz_userclk_rx_usrclk2_int
  Path Type:              Setup (Max at Slow Process Corner)
  Requirement:            6.400ns  (gtwiz_userclk_rx_usrclk2_int rise@6.400ns - gtwiz_userclk_rx_usrclk2_int rise@0.000ns)
  Data Path Delay:        2.971ns  (logic 0.777ns (26.153%)  route 2.194ns (73.847%))
  Logic Levels:           4  (LUT5=3 LUT6=1)
  Clock Path Skew:        -0.194ns (DCD - SCD + CPR)
    Destination Clock Delay (DCD):    2.032ns = ( 8.432 - 6.400 ) 
    Source Clock Delay      (SCD):    2.342ns
    Clock Pessimism Removal (CPR):    0.116ns
  Clock Uncertainty:      0.035ns  ((TSJ^2 + TIJ^2)^1/2 + DJ) / 2 + PE
    Total System Jitter     (TSJ):    0.071ns
    Total Input Jitter      (TIJ):    0.000ns
    Discrete Jitter          (DJ):    0.000ns
    Phase Error              (PE):    0.000ns
  Clock Net Delay (Source):      1.945ns (routing 0.316ns, distribution 1.629ns)
  Clock Net Delay (Destination): 1.703ns (routing 0.283ns, distribution 1.420ns)

    Location             Delay type                Incr(ns)  Path(ns)    Netlist Resource(s)
  -------------------------------------------------------------------    -------------------
                         (clock gtwiz_userclk_rx_usrclk2_int rise edge)
                                                      0.000     0.000 r  
    GTHE3_CHANNEL_X0Y12  GTHE3_CHANNEL                0.000     0.000 r  example_wrapper_inst/eth_xcvr_gth_full_inst/inst/gen_gtwizard_gthe3_top.eth_xcvr_gth_full_gtwizard_gthe3_inst/gen_gtwizard_gthe3.gen_channel_container[0].gen_enabled_channel.gthe3_channel_wrapper_inst/channel_inst/gthe3_channel_gen.gen_gthe3_channel_inst[0].GTHE3_CHANNEL_PRIM_INST/RXOUTCLK
                         net (fo=3, routed)           0.082     0.082    example_wrapper_inst/eth_xcvr_gth_full_inst/inst/gen_gtwizard_gthe3_top.eth_xcvr_gth_full_gtwizard_gthe3_inst/gen_gtwizard_gthe3.gen_rx_user_clocking_internal.gen_single_instance.gtwiz_userclk_rx_inst/rxoutclk_out[0]
    BUFG_GT_X0Y86        BUFG_GT (Prop_BUFG_GT_I_O)
                                                      0.315     0.397 r  example_wrapper_inst/eth_xcvr_gth_full_inst/inst/gen_gtwizard_gthe3_top.eth_xcvr_gth_full_gtwizard_gthe3_inst/gen_gtwizard_gthe3.gen_rx_user_clocking_internal.gen_single_instance.gtwiz_userclk_rx_inst/gen_gtwiz_userclk_rx_main.bufg_gt_usrclk2_inst/O
    X3Y3 (CLOCK_ROOT)    net (fo=3729, routed)        1.945     2.342    dbg_hub/inst/BSCANID.u_xsdbm_id/CORE_XSDB.UUT_MASTER/U_ICON_INTERFACE/U_CMD6_RD/U_RD_FIFO/SUBCORE_FIFO.xsdbm_v3_0_0_rdfifo_inst/inst_fifo_gen/gconvfifo.rf/grf.rf/gntv_or_sync_fifo.gl0.wr/gwas.wsts/wr_clk
    SLICE_X89Y119        FDCE                                         r  dbg_hub/inst/BSCANID.u_xsdbm_id/CORE_XSDB.UUT_MASTER/U_ICON_INTERFACE/U_CMD6_RD/U_RD_FIFO/SUBCORE_FIFO.xsdbm_v3_0_0_rdfifo_inst/inst_fifo_gen/gconvfifo.rf/grf.rf/gntv_or_sync_fifo.gl0.wr/gwas.wsts/ram_full_i_reg/C
  -------------------------------------------------------------------    -------------------
    SLICE_X89Y119        FDCE (Prop_GFF_SLICEL_C_Q)
                                                      0.114     2.456 r  dbg_hub/inst/BSCANID.u_xsdbm_id/CORE_XSDB.UUT_MASTER/U_ICON_INTERFACE/U_CMD6_RD/U_RD_FIFO/SUBCORE_FIFO.xsdbm_v3_0_0_rdfifo_inst/inst_fifo_gen/gconvfifo.rf/grf.rf/gntv_or_sync_fifo.gl0.wr/gwas.wsts/ram_full_i_reg/Q
                         net (fo=4, routed)           0.832     3.288    dbg_hub/inst/BSCANID.u_xsdbm_id/CORE_XSDB.UUT_MASTER/U_XSDB_BUS_CONTROLLER/U_RD_ABORT_FLAG/FULL_O
    SLICE_X86Y124        LUT5 (Prop_G6LUT_SLICEL_I2_O)
                                                      0.172     3.460 r  dbg_hub/inst/BSCANID.u_xsdbm_id/CORE_XSDB.UUT_MASTER/U_XSDB_BUS_CONTROLLER/U_RD_ABORT_FLAG/current_state[2]_i_5/O
                         net (fo=1, routed)           0.207     3.667    dbg_hub/inst/BSCANID.u_xsdbm_id/CORE_XSDB.UUT_MASTER/U_XSDB_BUS_CONTROLLER/U_RD_ABORT_FLAG/current_state[2]_i_5_n_0
    SLICE_X86Y124        LUT6 (Prop_H6LUT_SLICEL_I0_O)
                                                      0.188     3.855 r  dbg_hub/inst/BSCANID.u_xsdbm_id/CORE_XSDB.UUT_MASTER/U_XSDB_BUS_CONTROLLER/U_RD_ABORT_FLAG/current_state[2]_i_3/O
                         net (fo=1, routed)           0.203     4.058    dbg_hub/inst/BSCANID.u_xsdbm_id/CORE_XSDB.UUT_MASTER/U_XSDB_BUS_CONTROLLER/U_RD_REQ_FLAG/current_state_reg[2]
    SLICE_X87Y124        LUT5 (Prop_F6LUT_SLICEL_I1_O)
                                                      0.115     4.173 r  dbg_hub/inst/BSCANID.u_xsdbm_id/CORE_XSDB.UUT_MASTER/U_XSDB_BUS_CONTROLLER/U_RD_REQ_FLAG/current_state[2]_i_1/O
                         net (fo=25, routed)          0.522     4.695    dbg_hub/inst/BSCANID.u_xsdbm_id/CORE_XSDB.UUT_MASTER/U_XSDB_BUS_CONTROLLER/U_TIMER/sl_berr_r_reg[0][0]
    SLICE_X88Y126        LUT5 (Prop_D6LUT_SLICEL_I2_O)
                                                      0.188     4.883 r  dbg_hub/inst/BSCANID.u_xsdbm_id/CORE_XSDB.UUT_MASTER/U_XSDB_BUS_CONTROLLER/U_TIMER/g0_b0__6/O
                         net (fo=2, routed)           0.430     5.313    dbg_hub/inst/BSCANID.u_xsdbm_id/CORE_XSDB.UUT_MASTER/U_XSDB_BUS_CONTROLLER/U_TIMER_n_5
    SLICE_X88Y126        FDCE                                         r  dbg_hub/inst/BSCANID.u_xsdbm_id/CORE_XSDB.UUT_MASTER/U_XSDB_BUS_CONTROLLER/sl_den_r_reg[0]/CE
  -------------------------------------------------------------------    -------------------

                         (clock gtwiz_userclk_rx_usrclk2_int rise edge)
                                                      6.400     6.400 r  
    GTHE3_CHANNEL_X0Y12  GTHE3_CHANNEL                0.000     6.400 r  example_wrapper_inst/eth_xcvr_gth_full_inst/inst/gen_gtwizard_gthe3_top.eth_xcvr_gth_full_gtwizard_gthe3_inst/gen_gtwizard_gthe3.gen_channel_container[0].gen_enabled_channel.gthe3_channel_wrapper_inst/channel_inst/gthe3_channel_gen.gen_gthe3_channel_inst[0].GTHE3_CHANNEL_PRIM_INST/RXOUTCLK
                         net (fo=3, routed)           0.046     6.446    example_wrapper_inst/eth_xcvr_gth_full_inst/inst/gen_gtwizard_gthe3_top.eth_xcvr_gth_full_gtwizard_gthe3_inst/gen_gtwizard_gthe3.gen_rx_user_clocking_internal.gen_single_instance.gtwiz_userclk_rx_inst/rxoutclk_out[0]
    BUFG_GT_X0Y86        BUFG_GT (Prop_BUFG_GT_I_O)
                                                      0.283     6.729 r  example_wrapper_inst/eth_xcvr_gth_full_inst/inst/gen_gtwizard_gthe3_top.eth_xcvr_gth_full_gtwizard_gthe3_inst/gen_gtwizard_gthe3.gen_rx_user_clocking_internal.gen_single_instance.gtwiz_userclk_rx_inst/gen_gtwiz_userclk_rx_main.bufg_gt_usrclk2_inst/O
    X3Y3 (CLOCK_ROOT)    net (fo=3729, routed)        1.703     8.432    dbg_hub/inst/BSCANID.u_xsdbm_id/CORE_XSDB.UUT_MASTER/U_XSDB_BUS_CONTROLLER/clk
    SLICE_X88Y126        FDCE                                         r  dbg_hub/inst/BSCANID.u_xsdbm_id/CORE_XSDB.UUT_MASTER/U_XSDB_BUS_CONTROLLER/sl_den_r_reg[0]/C
                         clock pessimism              0.116     8.548    
                         clock uncertainty           -0.035     8.513    
    SLICE_X88Y126        FDCE (Setup_GFF_SLICEL_C_CE)
                                                     -0.047     8.466    dbg_hub/inst/BSCANID.u_xsdbm_id/CORE_XSDB.UUT_MASTER/U_XSDB_BUS_CONTROLLER/sl_den_r_reg[0]
  -------------------------------------------------------------------
                         required time                          8.466    
                         arrival time                          -5.313    
  -------------------------------------------------------------------
                         slack                                  3.153    

Slack (MET) :             3.153ns  (required time - arrival time)
  Source:                 dbg_hub/inst/BSCANID.u_xsdbm_id/CORE_XSDB.UUT_MASTER/U_ICON_INTERFACE/U_CMD6_RD/U_RD_FIFO/SUBCORE_FIFO.xsdbm_v3_0_0_rdfifo_inst/inst_fifo_gen/gconvfifo.rf/grf.rf/gntv_or_sync_fifo.gl0.wr/gwas.wsts/ram_full_i_reg/C
                            (rising edge-triggered cell FDCE clocked by gtwiz_userclk_rx_usrclk2_int  {rise@0.000ns fall@3.200ns period=6.400ns})
  Destination:            dbg_hub/inst/BSCANID.u_xsdbm_id/CORE_XSDB.UUT_MASTER/U_XSDB_BUS_CONTROLLER/sl_den_r_reg[1]/CE
                            (rising edge-triggered cell FDCE clocked by gtwiz_userclk_rx_usrclk2_int  {rise@0.000ns fall@3.200ns period=6.400ns})
  Path Group:             gtwiz_userclk_rx_usrclk2_int
  Path Type:              Setup (Max at Slow Process Corner)
  Requirement:            6.400ns  (gtwiz_userclk_rx_usrclk2_int rise@6.400ns - gtwiz_userclk_rx_usrclk2_int rise@0.000ns)
  Data Path Delay:        2.971ns  (logic 0.777ns (26.153%)  route 2.194ns (73.847%))
  Logic Levels:           4  (LUT5=3 LUT6=1)
  Clock Path Skew:        -0.194ns (DCD - SCD + CPR)
    Destination Clock Delay (DCD):    2.032ns = ( 8.432 - 6.400 ) 
    Source Clock Delay      (SCD):    2.342ns
    Clock Pessimism Removal (CPR):    0.116ns
  Clock Uncertainty:      0.035ns  ((TSJ^2 + TIJ^2)^1/2 + DJ) / 2 + PE
    Total System Jitter     (TSJ):    0.071ns
    Total Input Jitter      (TIJ):    0.000ns
    Discrete Jitter          (DJ):    0.000ns
    Phase Error              (PE):    0.000ns
  Clock Net Delay (Source):      1.945ns (routing 0.316ns, distribution 1.629ns)
  Clock Net Delay (Destination): 1.703ns (routing 0.283ns, distribution 1.420ns)

    Location             Delay type                Incr(ns)  Path(ns)    Netlist Resource(s)
  -------------------------------------------------------------------    -------------------
                         (clock gtwiz_userclk_rx_usrclk2_int rise edge)
                                                      0.000     0.000 r  
    GTHE3_CHANNEL_X0Y12  GTHE3_CHANNEL                0.000     0.000 r  example_wrapper_inst/eth_xcvr_gth_full_inst/inst/gen_gtwizard_gthe3_top.eth_xcvr_gth_full_gtwizard_gthe3_inst/gen_gtwizard_gthe3.gen_channel_container[0].gen_enabled_channel.gthe3_channel_wrapper_inst/channel_inst/gthe3_channel_gen.gen_gthe3_channel_inst[0].GTHE3_CHANNEL_PRIM_INST/RXOUTCLK
                         net (fo=3, routed)           0.082     0.082    example_wrapper_inst/eth_xcvr_gth_full_inst/inst/gen_gtwizard_gthe3_top.eth_xcvr_gth_full_gtwizard_gthe3_inst/gen_gtwizard_gthe3.gen_rx_user_clocking_internal.gen_single_instance.gtwiz_userclk_rx_inst/rxoutclk_out[0]
    BUFG_GT_X0Y86        BUFG_GT (Prop_BUFG_GT_I_O)
                                                      0.315     0.397 r  example_wrapper_inst/eth_xcvr_gth_full_inst/inst/gen_gtwizard_gthe3_top.eth_xcvr_gth_full_gtwizard_gthe3_inst/gen_gtwizard_gthe3.gen_rx_user_clocking_internal.gen_single_instance.gtwiz_userclk_rx_inst/gen_gtwiz_userclk_rx_main.bufg_gt_usrclk2_inst/O
    X3Y3 (CLOCK_ROOT)    net (fo=3729, routed)        1.945     2.342    dbg_hub/inst/BSCANID.u_xsdbm_id/CORE_XSDB.UUT_MASTER/U_ICON_INTERFACE/U_CMD6_RD/U_RD_FIFO/SUBCORE_FIFO.xsdbm_v3_0_0_rdfifo_inst/inst_fifo_gen/gconvfifo.rf/grf.rf/gntv_or_sync_fifo.gl0.wr/gwas.wsts/wr_clk
    SLICE_X89Y119        FDCE                                         r  dbg_hub/inst/BSCANID.u_xsdbm_id/CORE_XSDB.UUT_MASTER/U_ICON_INTERFACE/U_CMD6_RD/U_RD_FIFO/SUBCORE_FIFO.xsdbm_v3_0_0_rdfifo_inst/inst_fifo_gen/gconvfifo.rf/grf.rf/gntv_or_sync_fifo.gl0.wr/gwas.wsts/ram_full_i_reg/C
  -------------------------------------------------------------------    -------------------
    SLICE_X89Y119        FDCE (Prop_GFF_SLICEL_C_Q)
                                                      0.114     2.456 r  dbg_hub/inst/BSCANID.u_xsdbm_id/CORE_XSDB.UUT_MASTER/U_ICON_INTERFACE/U_CMD6_RD/U_RD_FIFO/SUBCORE_FIFO.xsdbm_v3_0_0_rdfifo_inst/inst_fifo_gen/gconvfifo.rf/grf.rf/gntv_or_sync_fifo.gl0.wr/gwas.wsts/ram_full_i_reg/Q
                         net (fo=4, routed)           0.832     3.288    dbg_hub/inst/BSCANID.u_xsdbm_id/CORE_XSDB.UUT_MASTER/U_XSDB_BUS_CONTROLLER/U_RD_ABORT_FLAG/FULL_O
    SLICE_X86Y124        LUT5 (Prop_G6LUT_SLICEL_I2_O)
                                                      0.172     3.460 r  dbg_hub/inst/BSCANID.u_xsdbm_id/CORE_XSDB.UUT_MASTER/U_XSDB_BUS_CONTROLLER/U_RD_ABORT_FLAG/current_state[2]_i_5/O
                         net (fo=1, routed)           0.207     3.667    dbg_hub/inst/BSCANID.u_xsdbm_id/CORE_XSDB.UUT_MASTER/U_XSDB_BUS_CONTROLLER/U_RD_ABORT_FLAG/current_state[2]_i_5_n_0
    SLICE_X86Y124        LUT6 (Prop_H6LUT_SLICEL_I0_O)
                                                      0.188     3.855 r  dbg_hub/inst/BSCANID.u_xsdbm_id/CORE_XSDB.UUT_MASTER/U_XSDB_BUS_CONTROLLER/U_RD_ABORT_FLAG/current_state[2]_i_3/O
                         net (fo=1, routed)           0.203     4.058    dbg_hub/inst/BSCANID.u_xsdbm_id/CORE_XSDB.UUT_MASTER/U_XSDB_BUS_CONTROLLER/U_RD_REQ_FLAG/current_state_reg[2]
    SLICE_X87Y124        LUT5 (Prop_F6LUT_SLICEL_I1_O)
                                                      0.115     4.173 r  dbg_hub/inst/BSCANID.u_xsdbm_id/CORE_XSDB.UUT_MASTER/U_XSDB_BUS_CONTROLLER/U_RD_REQ_FLAG/current_state[2]_i_1/O
                         net (fo=25, routed)          0.522     4.695    dbg_hub/inst/BSCANID.u_xsdbm_id/CORE_XSDB.UUT_MASTER/U_XSDB_BUS_CONTROLLER/U_TIMER/sl_berr_r_reg[0][0]
    SLICE_X88Y126        LUT5 (Prop_D6LUT_SLICEL_I2_O)
                                                      0.188     4.883 r  dbg_hub/inst/BSCANID.u_xsdbm_id/CORE_XSDB.UUT_MASTER/U_XSDB_BUS_CONTROLLER/U_TIMER/g0_b0__6/O
                         net (fo=2, routed)           0.430     5.313    dbg_hub/inst/BSCANID.u_xsdbm_id/CORE_XSDB.UUT_MASTER/U_XSDB_BUS_CONTROLLER/U_TIMER_n_5
    SLICE_X88Y126        FDCE                                         r  dbg_hub/inst/BSCANID.u_xsdbm_id/CORE_XSDB.UUT_MASTER/U_XSDB_BUS_CONTROLLER/sl_den_r_reg[1]/CE
  -------------------------------------------------------------------    -------------------

                         (clock gtwiz_userclk_rx_usrclk2_int rise edge)
                                                      6.400     6.400 r  
    GTHE3_CHANNEL_X0Y12  GTHE3_CHANNEL                0.000     6.400 r  example_wrapper_inst/eth_xcvr_gth_full_inst/inst/gen_gtwizard_gthe3_top.eth_xcvr_gth_full_gtwizard_gthe3_inst/gen_gtwizard_gthe3.gen_channel_container[0].gen_enabled_channel.gthe3_channel_wrapper_inst/channel_inst/gthe3_channel_gen.gen_gthe3_channel_inst[0].GTHE3_CHANNEL_PRIM_INST/RXOUTCLK
                         net (fo=3, routed)           0.046     6.446    example_wrapper_inst/eth_xcvr_gth_full_inst/inst/gen_gtwizard_gthe3_top.eth_xcvr_gth_full_gtwizard_gthe3_inst/gen_gtwizard_gthe3.gen_rx_user_clocking_internal.gen_single_instance.gtwiz_userclk_rx_inst/rxoutclk_out[0]
    BUFG_GT_X0Y86        BUFG_GT (Prop_BUFG_GT_I_O)
                                                      0.283     6.729 r  example_wrapper_inst/eth_xcvr_gth_full_inst/inst/gen_gtwizard_gthe3_top.eth_xcvr_gth_full_gtwizard_gthe3_inst/gen_gtwizard_gthe3.gen_rx_user_clocking_internal.gen_single_instance.gtwiz_userclk_rx_inst/gen_gtwiz_userclk_rx_main.bufg_gt_usrclk2_inst/O
    X3Y3 (CLOCK_ROOT)    net (fo=3729, routed)        1.703     8.432    dbg_hub/inst/BSCANID.u_xsdbm_id/CORE_XSDB.UUT_MASTER/U_XSDB_BUS_CONTROLLER/clk
    SLICE_X88Y126        FDCE                                         r  dbg_hub/inst/BSCANID.u_xsdbm_id/CORE_XSDB.UUT_MASTER/U_XSDB_BUS_CONTROLLER/sl_den_r_reg[1]/C
                         clock pessimism              0.116     8.548    
                         clock uncertainty           -0.035     8.513    
    SLICE_X88Y126        FDCE (Setup_HFF_SLICEL_C_CE)
                                                     -0.047     8.466    dbg_hub/inst/BSCANID.u_xsdbm_id/CORE_XSDB.UUT_MASTER/U_XSDB_BUS_CONTROLLER/sl_den_r_reg[1]
  -------------------------------------------------------------------
                         required time                          8.466    
                         arrival time                          -5.313    
  -------------------------------------------------------------------
                         slack                                  3.153    

Slack (MET) :             3.153ns  (required time - arrival time)
  Source:                 ila_inst/inst/ila_core_inst/u_ila_regs/U_XSDB_SLAVE/G_1PIPE_IFACE.s_daddr_r_reg[0]/C
                            (rising edge-triggered cell FDRE clocked by gtwiz_userclk_rx_usrclk2_int  {rise@0.000ns fall@3.200ns period=6.400ns})
  Destination:            ila_inst/inst/ila_core_inst/u_ila_regs/slaveRegDo_mux_4_reg[9]/D
                            (rising edge-triggered cell FDRE clocked by gtwiz_userclk_rx_usrclk2_int  {rise@0.000ns fall@3.200ns period=6.400ns})
  Path Group:             gtwiz_userclk_rx_usrclk2_int
  Path Type:              Setup (Max at Slow Process Corner)
  Requirement:            6.400ns  (gtwiz_userclk_rx_usrclk2_int rise@6.400ns - gtwiz_userclk_rx_usrclk2_int rise@0.000ns)
  Data Path Delay:        3.144ns  (logic 0.417ns (13.263%)  route 2.727ns (86.737%))
  Logic Levels:           2  (LUT6=2)
  Clock Path Skew:        -0.127ns (DCD - SCD + CPR)
    Destination Clock Delay (DCD):    2.023ns = ( 8.423 - 6.400 ) 
    Source Clock Delay      (SCD):    2.325ns
    Clock Pessimism Removal (CPR):    0.175ns
  Clock Uncertainty:      0.035ns  ((TSJ^2 + TIJ^2)^1/2 + DJ) / 2 + PE
    Total System Jitter     (TSJ):    0.071ns
    Total Input Jitter      (TIJ):    0.000ns
    Discrete Jitter          (DJ):    0.000ns
    Phase Error              (PE):    0.000ns
  Clock Net Delay (Source):      1.928ns (routing 0.316ns, distribution 1.612ns)
  Clock Net Delay (Destination): 1.694ns (routing 0.283ns, distribution 1.411ns)

    Location             Delay type                Incr(ns)  Path(ns)    Netlist Resource(s)
  -------------------------------------------------------------------    -------------------
                         (clock gtwiz_userclk_rx_usrclk2_int rise edge)
                                                      0.000     0.000 r  
    GTHE3_CHANNEL_X0Y12  GTHE3_CHANNEL                0.000     0.000 r  example_wrapper_inst/eth_xcvr_gth_full_inst/inst/gen_gtwizard_gthe3_top.eth_xcvr_gth_full_gtwizard_gthe3_inst/gen_gtwizard_gthe3.gen_channel_container[0].gen_enabled_channel.gthe3_channel_wrapper_inst/channel_inst/gthe3_channel_gen.gen_gthe3_channel_inst[0].GTHE3_CHANNEL_PRIM_INST/RXOUTCLK
                         net (fo=3, routed)           0.082     0.082    example_wrapper_inst/eth_xcvr_gth_full_inst/inst/gen_gtwizard_gthe3_top.eth_xcvr_gth_full_gtwizard_gthe3_inst/gen_gtwizard_gthe3.gen_rx_user_clocking_internal.gen_single_instance.gtwiz_userclk_rx_inst/rxoutclk_out[0]
    BUFG_GT_X0Y86        BUFG_GT (Prop_BUFG_GT_I_O)
                                                      0.315     0.397 r  example_wrapper_inst/eth_xcvr_gth_full_inst/inst/gen_gtwizard_gthe3_top.eth_xcvr_gth_full_gtwizard_gthe3_inst/gen_gtwizard_gthe3.gen_rx_user_clocking_internal.gen_single_instance.gtwiz_userclk_rx_inst/gen_gtwiz_userclk_rx_main.bufg_gt_usrclk2_inst/O
    X3Y3 (CLOCK_ROOT)    net (fo=3729, routed)        1.928     2.325    ila_inst/inst/ila_core_inst/u_ila_regs/U_XSDB_SLAVE/sl_iport_i[1]
    SLICE_X90Y132        FDRE                                         r  ila_inst/inst/ila_core_inst/u_ila_regs/U_XSDB_SLAVE/G_1PIPE_IFACE.s_daddr_r_reg[0]/C
  -------------------------------------------------------------------    -------------------
    SLICE_X90Y132        FDRE (Prop_EFF_SLICEL_C_Q)
                                                      0.114     2.439 r  ila_inst/inst/ila_core_inst/u_ila_regs/U_XSDB_SLAVE/G_1PIPE_IFACE.s_daddr_r_reg[0]/Q
                         net (fo=201, routed)         2.464     4.903    ila_inst/inst/ila_core_inst/u_ila_regs/MU_SRL[1].mu_srl_reg/s_daddr_o[0]
    SLICE_X88Y159        LUT6 (Prop_D6LUT_SLICEL_I4_O)
                                                      0.115     5.018 r  ila_inst/inst/ila_core_inst/u_ila_regs/MU_SRL[1].mu_srl_reg/slaveRegDo_mux_4[9]_i_3/O
                         net (fo=1, routed)           0.236     5.254    ila_inst/inst/ila_core_inst/u_ila_regs/MU_SRL[5].mu_srl_reg/slaveRegDo_mux_4_reg[9]
    SLICE_X89Y157        LUT6 (Prop_D6LUT_SLICEL_I4_O)
                                                      0.188     5.442 r  ila_inst/inst/ila_core_inst/u_ila_regs/MU_SRL[5].mu_srl_reg/slaveRegDo_mux_4[9]_i_1/O
                         net (fo=1, routed)           0.027     5.469    ila_inst/inst/ila_core_inst/u_ila_regs/MU_SRL[5].mu_srl_reg_n_9
    SLICE_X89Y157        FDRE                                         r  ila_inst/inst/ila_core_inst/u_ila_regs/slaveRegDo_mux_4_reg[9]/D
  -------------------------------------------------------------------    -------------------

                         (clock gtwiz_userclk_rx_usrclk2_int rise edge)
                                                      6.400     6.400 r  
    GTHE3_CHANNEL_X0Y12  GTHE3_CHANNEL                0.000     6.400 r  example_wrapper_inst/eth_xcvr_gth_full_inst/inst/gen_gtwizard_gthe3_top.eth_xcvr_gth_full_gtwizard_gthe3_inst/gen_gtwizard_gthe3.gen_channel_container[0].gen_enabled_channel.gthe3_channel_wrapper_inst/channel_inst/gthe3_channel_gen.gen_gthe3_channel_inst[0].GTHE3_CHANNEL_PRIM_INST/RXOUTCLK
                         net (fo=3, routed)           0.046     6.446    example_wrapper_inst/eth_xcvr_gth_full_inst/inst/gen_gtwizard_gthe3_top.eth_xcvr_gth_full_gtwizard_gthe3_inst/gen_gtwizard_gthe3.gen_rx_user_clocking_internal.gen_single_instance.gtwiz_userclk_rx_inst/rxoutclk_out[0]
    BUFG_GT_X0Y86        BUFG_GT (Prop_BUFG_GT_I_O)
                                                      0.283     6.729 r  example_wrapper_inst/eth_xcvr_gth_full_inst/inst/gen_gtwizard_gthe3_top.eth_xcvr_gth_full_gtwizard_gthe3_inst/gen_gtwizard_gthe3.gen_rx_user_clocking_internal.gen_single_instance.gtwiz_userclk_rx_inst/gen_gtwiz_userclk_rx_main.bufg_gt_usrclk2_inst/O
    X3Y3 (CLOCK_ROOT)    net (fo=3729, routed)        1.694     8.423    ila_inst/inst/ila_core_inst/u_ila_regs/U_XSDB_SLAVE_n_1
    SLICE_X89Y157        FDRE                                         r  ila_inst/inst/ila_core_inst/u_ila_regs/slaveRegDo_mux_4_reg[9]/C
                         clock pessimism              0.175     8.598    
                         clock uncertainty           -0.035     8.563    
    SLICE_X89Y157        FDRE (Setup_DFF_SLICEL_C_D)
                                                      0.059     8.622    ila_inst/inst/ila_core_inst/u_ila_regs/slaveRegDo_mux_4_reg[9]
  -------------------------------------------------------------------
                         required time                          8.622    
                         arrival time                          -5.469    
  -------------------------------------------------------------------
                         slack                                  3.153    

Slack (MET) :             3.163ns  (required time - arrival time)
  Source:                 ila_inst/inst/ila_core_inst/u_ila_regs/U_XSDB_SLAVE/G_1PIPE_IFACE.s_daddr_r_reg[9]/C
                            (rising edge-triggered cell FDRE clocked by gtwiz_userclk_rx_usrclk2_int  {rise@0.000ns fall@3.200ns period=6.400ns})
  Destination:            ila_inst/inst/ila_core_inst/u_ila_regs/slaveRegDo_mux_2_reg[6]/R
                            (rising edge-triggered cell FDRE clocked by gtwiz_userclk_rx_usrclk2_int  {rise@0.000ns fall@3.200ns period=6.400ns})
  Path Group:             gtwiz_userclk_rx_usrclk2_int
  Path Type:              Setup (Max at Slow Process Corner)
  Requirement:            6.400ns  (gtwiz_userclk_rx_usrclk2_int rise@6.400ns - gtwiz_userclk_rx_usrclk2_int rise@0.000ns)
  Data Path Delay:        2.975ns  (logic 0.669ns (22.487%)  route 2.306ns (77.513%))
  Logic Levels:           4  (LUT2=1 LUT6=3)
  Clock Path Skew:        -0.144ns (DCD - SCD + CPR)
    Destination Clock Delay (DCD):    2.033ns = ( 8.433 - 6.400 ) 
    Source Clock Delay      (SCD):    2.352ns
    Clock Pessimism Removal (CPR):    0.175ns
  Clock Uncertainty:      0.035ns  ((TSJ^2 + TIJ^2)^1/2 + DJ) / 2 + PE
    Total System Jitter     (TSJ):    0.071ns
    Total Input Jitter      (TIJ):    0.000ns
    Discrete Jitter          (DJ):    0.000ns
    Phase Error              (PE):    0.000ns
  Clock Net Delay (Source):      1.955ns (routing 0.316ns, distribution 1.639ns)
  Clock Net Delay (Destination): 1.704ns (routing 0.283ns, distribution 1.421ns)

    Location             Delay type                Incr(ns)  Path(ns)    Netlist Resource(s)
  -------------------------------------------------------------------    -------------------
                         (clock gtwiz_userclk_rx_usrclk2_int rise edge)
                                                      0.000     0.000 r  
    GTHE3_CHANNEL_X0Y12  GTHE3_CHANNEL                0.000     0.000 r  example_wrapper_inst/eth_xcvr_gth_full_inst/inst/gen_gtwizard_gthe3_top.eth_xcvr_gth_full_gtwizard_gthe3_inst/gen_gtwizard_gthe3.gen_channel_container[0].gen_enabled_channel.gthe3_channel_wrapper_inst/channel_inst/gthe3_channel_gen.gen_gthe3_channel_inst[0].GTHE3_CHANNEL_PRIM_INST/RXOUTCLK
                         net (fo=3, routed)           0.082     0.082    example_wrapper_inst/eth_xcvr_gth_full_inst/inst/gen_gtwizard_gthe3_top.eth_xcvr_gth_full_gtwizard_gthe3_inst/gen_gtwizard_gthe3.gen_rx_user_clocking_internal.gen_single_instance.gtwiz_userclk_rx_inst/rxoutclk_out[0]
    BUFG_GT_X0Y86        BUFG_GT (Prop_BUFG_GT_I_O)
                                                      0.315     0.397 r  example_wrapper_inst/eth_xcvr_gth_full_inst/inst/gen_gtwizard_gthe3_top.eth_xcvr_gth_full_gtwizard_gthe3_inst/gen_gtwizard_gthe3.gen_rx_user_clocking_internal.gen_single_instance.gtwiz_userclk_rx_inst/gen_gtwiz_userclk_rx_main.bufg_gt_usrclk2_inst/O
    X3Y3 (CLOCK_ROOT)    net (fo=3729, routed)        1.955     2.352    ila_inst/inst/ila_core_inst/u_ila_regs/U_XSDB_SLAVE/sl_iport_i[1]
    SLICE_X87Y133        FDRE                                         r  ila_inst/inst/ila_core_inst/u_ila_regs/U_XSDB_SLAVE/G_1PIPE_IFACE.s_daddr_r_reg[9]/C
  -------------------------------------------------------------------    -------------------
    SLICE_X87Y133        FDRE (Prop_DFF_SLICEL_C_Q)
                                                      0.114     2.466 f  ila_inst/inst/ila_core_inst/u_ila_regs/U_XSDB_SLAVE/G_1PIPE_IFACE.s_daddr_r_reg[9]/Q
                         net (fo=14, routed)          0.605     3.071    ila_inst/inst/ila_core_inst/u_ila_regs/s_daddr[9]
    SLICE_X88Y138        LUT2 (Prop_D6LUT_SLICEL_I1_O)
                                                      0.115     3.186 f  ila_inst/inst/ila_core_inst/u_ila_regs/slaveRegDo_mux_0[3]_i_11/O
                         net (fo=4, routed)           0.492     3.678    ila_inst/inst/ila_core_inst/u_ila_regs/slaveRegDo_mux_0[3]_i_11_n_0
    SLICE_X87Y139        LUT6 (Prop_F6LUT_SLICEL_I5_O)
                                                      0.185     3.863 r  ila_inst/inst/ila_core_inst/u_ila_regs/slaveRegDo_mux_2[3]_i_5/O
                         net (fo=5, routed)           0.182     4.045    ila_inst/inst/ila_core_inst/u_ila_regs/slaveRegDo_mux_211_in
    SLICE_X86Y139        LUT6 (Prop_F6LUT_SLICEL_I5_O)
                                                      0.185     4.230 f  ila_inst/inst/ila_core_inst/u_ila_regs/slaveRegDo_mux_2[3]_i_2/O
                         net (fo=5, routed)           0.277     4.507    ila_inst/inst/ila_core_inst/u_ila_regs/slaveRegDo_mux_2[3]_i_2_n_0
    SLICE_X87Y140        LUT6 (Prop_H6LUT_SLICEL_I0_O)
                                                      0.070     4.577 r  ila_inst/inst/ila_core_inst/u_ila_regs/slaveRegDo_mux_2[15]_i_1/O
                         net (fo=12, routed)          0.750     5.327    ila_inst/inst/ila_core_inst/u_ila_regs/slaveRegDo_mux_2[15]_i_1_n_0
    SLICE_X89Y136        FDRE                                         r  ila_inst/inst/ila_core_inst/u_ila_regs/slaveRegDo_mux_2_reg[6]/R
  -------------------------------------------------------------------    -------------------

                         (clock gtwiz_userclk_rx_usrclk2_int rise edge)
                                                      6.400     6.400 r  
    GTHE3_CHANNEL_X0Y12  GTHE3_CHANNEL                0.000     6.400 r  example_wrapper_inst/eth_xcvr_gth_full_inst/inst/gen_gtwizard_gthe3_top.eth_xcvr_gth_full_gtwizard_gthe3_inst/gen_gtwizard_gthe3.gen_channel_container[0].gen_enabled_channel.gthe3_channel_wrapper_inst/channel_inst/gthe3_channel_gen.gen_gthe3_channel_inst[0].GTHE3_CHANNEL_PRIM_INST/RXOUTCLK
                         net (fo=3, routed)           0.046     6.446    example_wrapper_inst/eth_xcvr_gth_full_inst/inst/gen_gtwizard_gthe3_top.eth_xcvr_gth_full_gtwizard_gthe3_inst/gen_gtwizard_gthe3.gen_rx_user_clocking_internal.gen_single_instance.gtwiz_userclk_rx_inst/rxoutclk_out[0]
    BUFG_GT_X0Y86        BUFG_GT (Prop_BUFG_GT_I_O)
                                                      0.283     6.729 r  example_wrapper_inst/eth_xcvr_gth_full_inst/inst/gen_gtwizard_gthe3_top.eth_xcvr_gth_full_gtwizard_gthe3_inst/gen_gtwizard_gthe3.gen_rx_user_clocking_internal.gen_single_instance.gtwiz_userclk_rx_inst/gen_gtwiz_userclk_rx_main.bufg_gt_usrclk2_inst/O
    X3Y3 (CLOCK_ROOT)    net (fo=3729, routed)        1.704     8.433    ila_inst/inst/ila_core_inst/u_ila_regs/U_XSDB_SLAVE_n_1
    SLICE_X89Y136        FDRE                                         r  ila_inst/inst/ila_core_inst/u_ila_regs/slaveRegDo_mux_2_reg[6]/C
                         clock pessimism              0.175     8.608    
                         clock uncertainty           -0.035     8.573    
    SLICE_X89Y136        FDRE (Setup_EFF_SLICEL_C_R)
                                                     -0.083     8.490    ila_inst/inst/ila_core_inst/u_ila_regs/slaveRegDo_mux_2_reg[6]
  -------------------------------------------------------------------
                         required time                          8.490    
                         arrival time                          -5.327    
  -------------------------------------------------------------------
                         slack                                  3.163    

Slack (MET) :             3.165ns  (required time - arrival time)
  Source:                 ila_inst/inst/ila_core_inst/u_ila_regs/U_XSDB_SLAVE/G_1PIPE_IFACE.s_daddr_r_reg[0]/C
                            (rising edge-triggered cell FDRE clocked by gtwiz_userclk_rx_usrclk2_int  {rise@0.000ns fall@3.200ns period=6.400ns})
  Destination:            ila_inst/inst/ila_core_inst/u_ila_regs/slaveRegDo_mux_4_reg[7]/D
                            (rising edge-triggered cell FDRE clocked by gtwiz_userclk_rx_usrclk2_int  {rise@0.000ns fall@3.200ns period=6.400ns})
  Path Group:             gtwiz_userclk_rx_usrclk2_int
  Path Type:              Setup (Max at Slow Process Corner)
  Requirement:            6.400ns  (gtwiz_userclk_rx_usrclk2_int rise@6.400ns - gtwiz_userclk_rx_usrclk2_int rise@0.000ns)
  Data Path Delay:        3.133ns  (logic 0.345ns (11.012%)  route 2.788ns (88.988%))
  Logic Levels:           2  (LUT6=2)
  Clock Path Skew:        -0.126ns (DCD - SCD + CPR)
    Destination Clock Delay (DCD):    2.024ns = ( 8.424 - 6.400 ) 
    Source Clock Delay      (SCD):    2.325ns
    Clock Pessimism Removal (CPR):    0.175ns
  Clock Uncertainty:      0.035ns  ((TSJ^2 + TIJ^2)^1/2 + DJ) / 2 + PE
    Total System Jitter     (TSJ):    0.071ns
    Total Input Jitter      (TIJ):    0.000ns
    Discrete Jitter          (DJ):    0.000ns
    Phase Error              (PE):    0.000ns
  Clock Net Delay (Source):      1.928ns (routing 0.316ns, distribution 1.612ns)
  Clock Net Delay (Destination): 1.695ns (routing 0.283ns, distribution 1.412ns)

    Location             Delay type                Incr(ns)  Path(ns)    Netlist Resource(s)
  -------------------------------------------------------------------    -------------------
                         (clock gtwiz_userclk_rx_usrclk2_int rise edge)
                                                      0.000     0.000 r  
    GTHE3_CHANNEL_X0Y12  GTHE3_CHANNEL                0.000     0.000 r  example_wrapper_inst/eth_xcvr_gth_full_inst/inst/gen_gtwizard_gthe3_top.eth_xcvr_gth_full_gtwizard_gthe3_inst/gen_gtwizard_gthe3.gen_channel_container[0].gen_enabled_channel.gthe3_channel_wrapper_inst/channel_inst/gthe3_channel_gen.gen_gthe3_channel_inst[0].GTHE3_CHANNEL_PRIM_INST/RXOUTCLK
                         net (fo=3, routed)           0.082     0.082    example_wrapper_inst/eth_xcvr_gth_full_inst/inst/gen_gtwizard_gthe3_top.eth_xcvr_gth_full_gtwizard_gthe3_inst/gen_gtwizard_gthe3.gen_rx_user_clocking_internal.gen_single_instance.gtwiz_userclk_rx_inst/rxoutclk_out[0]
    BUFG_GT_X0Y86        BUFG_GT (Prop_BUFG_GT_I_O)
                                                      0.315     0.397 r  example_wrapper_inst/eth_xcvr_gth_full_inst/inst/gen_gtwizard_gthe3_top.eth_xcvr_gth_full_gtwizard_gthe3_inst/gen_gtwizard_gthe3.gen_rx_user_clocking_internal.gen_single_instance.gtwiz_userclk_rx_inst/gen_gtwiz_userclk_rx_main.bufg_gt_usrclk2_inst/O
    X3Y3 (CLOCK_ROOT)    net (fo=3729, routed)        1.928     2.325    ila_inst/inst/ila_core_inst/u_ila_regs/U_XSDB_SLAVE/sl_iport_i[1]
    SLICE_X90Y132        FDRE                                         r  ila_inst/inst/ila_core_inst/u_ila_regs/U_XSDB_SLAVE/G_1PIPE_IFACE.s_daddr_r_reg[0]/C
  -------------------------------------------------------------------    -------------------
    SLICE_X90Y132        FDRE (Prop_EFF_SLICEL_C_Q)
                                                      0.114     2.439 r  ila_inst/inst/ila_core_inst/u_ila_regs/U_XSDB_SLAVE/G_1PIPE_IFACE.s_daddr_r_reg[0]/Q
                         net (fo=201, routed)         2.625     5.064    ila_inst/inst/ila_core_inst/u_ila_regs/MU_SRL[9].mu_srl_reg/s_daddr_o[0]
    SLICE_X88Y157        LUT6 (Prop_G6LUT_SLICEL_I4_O)
                                                      0.116     5.180 r  ila_inst/inst/ila_core_inst/u_ila_regs/MU_SRL[9].mu_srl_reg/slaveRegDo_mux_4[7]_i_4/O
                         net (fo=1, routed)           0.136     5.316    ila_inst/inst/ila_core_inst/u_ila_regs/MU_SRL[5].mu_srl_reg/slaveRegDo_mux_4_reg[7]_0
    SLICE_X88Y158        LUT6 (Prop_D6LUT_SLICEL_I5_O)
                                                      0.115     5.431 r  ila_inst/inst/ila_core_inst/u_ila_regs/MU_SRL[5].mu_srl_reg/slaveRegDo_mux_4[7]_i_1/O
                         net (fo=1, routed)           0.027     5.458    ila_inst/inst/ila_core_inst/u_ila_regs/MU_SRL[5].mu_srl_reg_n_11
    SLICE_X88Y158        FDRE                                         r  ila_inst/inst/ila_core_inst/u_ila_regs/slaveRegDo_mux_4_reg[7]/D
  -------------------------------------------------------------------    -------------------

                         (clock gtwiz_userclk_rx_usrclk2_int rise edge)
                                                      6.400     6.400 r  
    GTHE3_CHANNEL_X0Y12  GTHE3_CHANNEL                0.000     6.400 r  example_wrapper_inst/eth_xcvr_gth_full_inst/inst/gen_gtwizard_gthe3_top.eth_xcvr_gth_full_gtwizard_gthe3_inst/gen_gtwizard_gthe3.gen_channel_container[0].gen_enabled_channel.gthe3_channel_wrapper_inst/channel_inst/gthe3_channel_gen.gen_gthe3_channel_inst[0].GTHE3_CHANNEL_PRIM_INST/RXOUTCLK
                         net (fo=3, routed)           0.046     6.446    example_wrapper_inst/eth_xcvr_gth_full_inst/inst/gen_gtwizard_gthe3_top.eth_xcvr_gth_full_gtwizard_gthe3_inst/gen_gtwizard_gthe3.gen_rx_user_clocking_internal.gen_single_instance.gtwiz_userclk_rx_inst/rxoutclk_out[0]
    BUFG_GT_X0Y86        BUFG_GT (Prop_BUFG_GT_I_O)
                                                      0.283     6.729 r  example_wrapper_inst/eth_xcvr_gth_full_inst/inst/gen_gtwizard_gthe3_top.eth_xcvr_gth_full_gtwizard_gthe3_inst/gen_gtwizard_gthe3.gen_rx_user_clocking_internal.gen_single_instance.gtwiz_userclk_rx_inst/gen_gtwiz_userclk_rx_main.bufg_gt_usrclk2_inst/O
    X3Y3 (CLOCK_ROOT)    net (fo=3729, routed)        1.695     8.424    ila_inst/inst/ila_core_inst/u_ila_regs/U_XSDB_SLAVE_n_1
    SLICE_X88Y158        FDRE                                         r  ila_inst/inst/ila_core_inst/u_ila_regs/slaveRegDo_mux_4_reg[7]/C
                         clock pessimism              0.175     8.599    
                         clock uncertainty           -0.035     8.564    
    SLICE_X88Y158        FDRE (Setup_DFF_SLICEL_C_D)
                                                      0.059     8.623    ila_inst/inst/ila_core_inst/u_ila_regs/slaveRegDo_mux_4_reg[7]
  -------------------------------------------------------------------
                         required time                          8.623    
                         arrival time                          -5.458    
  -------------------------------------------------------------------
                         slack                                  3.165    





Min Delay Paths
--------------------------------------------------------------------------------------
Slack (MET) :             0.004ns  (arrival time - required time)
  Source:                 ila_xgmii_rx_inst/inst/ila_core_inst/u_trig/U_TM/N_DDR_MODE.G_NMU[0].U_M/allx_typeA_match_detection.ltlib_v1_0_0_allx_typeA_inst/DUT/I_WHOLE_SLICE.G_SLICE_IDX[2].U_ALL_SRL_SLICE/u_srlA/S1/CLK
                            (rising edge-triggered cell SRLC32E clocked by gtwiz_userclk_rx_usrclk2_int  {rise@0.000ns fall@3.200ns period=6.400ns})
  Destination:            ila_xgmii_rx_inst/inst/ila_core_inst/u_trig/U_TM/N_DDR_MODE.G_NMU[0].U_M/allx_typeA_match_detection.ltlib_v1_0_0_allx_typeA_inst/DUT/I_WHOLE_SLICE.G_SLICE_IDX[1].U_ALL_SRL_SLICE/u_srlD/S2/D
                            (rising edge-triggered cell SRL16E clocked by gtwiz_userclk_rx_usrclk2_int  {rise@0.000ns fall@3.200ns period=6.400ns})
  Path Group:             gtwiz_userclk_rx_usrclk2_int
  Path Type:              Hold (Min at Slow Process Corner)
  Requirement:            0.000ns  (gtwiz_userclk_rx_usrclk2_int rise@0.000ns - gtwiz_userclk_rx_usrclk2_int rise@0.000ns)
  Data Path Delay:        0.255ns  (logic 0.255ns (100.000%)  route 0.000ns (0.000%))
  Logic Levels:           0  
  Clock Path Skew:        0.007ns (DCD - SCD - CPR)
    Destination Clock Delay (DCD):    2.331ns
    Source Clock Delay      (SCD):    2.025ns
    Clock Pessimism Removal (CPR):    0.299ns
  Clock Net Delay (Source):      1.696ns (routing 0.283ns, distribution 1.413ns)
  Clock Net Delay (Destination): 1.934ns (routing 0.316ns, distribution 1.618ns)

    Location             Delay type                Incr(ns)  Path(ns)    Netlist Resource(s)
  -------------------------------------------------------------------    -------------------
                         (clock gtwiz_userclk_rx_usrclk2_int rise edge)
                                                      0.000     0.000 r  
    GTHE3_CHANNEL_X0Y12  GTHE3_CHANNEL                0.000     0.000 r  example_wrapper_inst/eth_xcvr_gth_full_inst/inst/gen_gtwizard_gthe3_top.eth_xcvr_gth_full_gtwizard_gthe3_inst/gen_gtwizard_gthe3.gen_channel_container[0].gen_enabled_channel.gthe3_channel_wrapper_inst/channel_inst/gthe3_channel_gen.gen_gthe3_channel_inst[0].GTHE3_CHANNEL_PRIM_INST/RXOUTCLK
                         net (fo=3, routed)           0.046     0.046    example_wrapper_inst/eth_xcvr_gth_full_inst/inst/gen_gtwizard_gthe3_top.eth_xcvr_gth_full_gtwizard_gthe3_inst/gen_gtwizard_gthe3.gen_rx_user_clocking_internal.gen_single_instance.gtwiz_userclk_rx_inst/rxoutclk_out[0]
    BUFG_GT_X0Y86        BUFG_GT (Prop_BUFG_GT_I_O)
                                                      0.283     0.329 r  example_wrapper_inst/eth_xcvr_gth_full_inst/inst/gen_gtwizard_gthe3_top.eth_xcvr_gth_full_gtwizard_gthe3_inst/gen_gtwizard_gthe3.gen_rx_user_clocking_internal.gen_single_instance.gtwiz_userclk_rx_inst/gen_gtwiz_userclk_rx_main.bufg_gt_usrclk2_inst/O
    X3Y3 (CLOCK_ROOT)    net (fo=3729, routed)        1.696     2.025    ila_xgmii_rx_inst/inst/ila_core_inst/u_trig/U_TM/N_DDR_MODE.G_NMU[0].U_M/allx_typeA_match_detection.ltlib_v1_0_0_allx_typeA_inst/DUT/I_WHOLE_SLICE.G_SLICE_IDX[2].U_ALL_SRL_SLICE/u_srlA/CLK
    SLICE_X100Y157       SRLC32E                                      r  ila_xgmii_rx_inst/inst/ila_core_inst/u_trig/U_TM/N_DDR_MODE.G_NMU[0].U_M/allx_typeA_match_detection.ltlib_v1_0_0_allx_typeA_inst/DUT/I_WHOLE_SLICE.G_SLICE_IDX[2].U_ALL_SRL_SLICE/u_srlA/S1/CLK
  -------------------------------------------------------------------    -------------------
    SLICE_X100Y157       SRLC32E (Prop_E6LUT_SLICEM_CLK_Q31)
                                                      0.255     2.280 r  ila_xgmii_rx_inst/inst/ila_core_inst/u_trig/U_TM/N_DDR_MODE.G_NMU[0].U_M/allx_typeA_match_detection.ltlib_v1_0_0_allx_typeA_inst/DUT/I_WHOLE_SLICE.G_SLICE_IDX[2].U_ALL_SRL_SLICE/u_srlA/S1/Q31
                         net (fo=2, unplaced)         0.000     2.280    ila_xgmii_rx_inst/inst/ila_core_inst/u_trig/U_TM/N_DDR_MODE.G_NMU[0].U_M/allx_typeA_match_detection.ltlib_v1_0_0_allx_typeA_inst/DUT/I_WHOLE_SLICE.G_SLICE_IDX[1].U_ALL_SRL_SLICE/u_srlD/CDI
    SLICE_X100Y157       SRL16E                                       r  ila_xgmii_rx_inst/inst/ila_core_inst/u_trig/U_TM/N_DDR_MODE.G_NMU[0].U_M/allx_typeA_match_detection.ltlib_v1_0_0_allx_typeA_inst/DUT/I_WHOLE_SLICE.G_SLICE_IDX[1].U_ALL_SRL_SLICE/u_srlD/S2/D
  -------------------------------------------------------------------    -------------------

                         (clock gtwiz_userclk_rx_usrclk2_int rise edge)
                                                      0.000     0.000 r  
    GTHE3_CHANNEL_X0Y12  GTHE3_CHANNEL                0.000     0.000 r  example_wrapper_inst/eth_xcvr_gth_full_inst/inst/gen_gtwizard_gthe3_top.eth_xcvr_gth_full_gtwizard_gthe3_inst/gen_gtwizard_gthe3.gen_channel_container[0].gen_enabled_channel.gthe3_channel_wrapper_inst/channel_inst/gthe3_channel_gen.gen_gthe3_channel_inst[0].GTHE3_CHANNEL_PRIM_INST/RXOUTCLK
                         net (fo=3, routed)           0.082     0.082    example_wrapper_inst/eth_xcvr_gth_full_inst/inst/gen_gtwizard_gthe3_top.eth_xcvr_gth_full_gtwizard_gthe3_inst/gen_gtwizard_gthe3.gen_rx_user_clocking_internal.gen_single_instance.gtwiz_userclk_rx_inst/rxoutclk_out[0]
    BUFG_GT_X0Y86        BUFG_GT (Prop_BUFG_GT_I_O)
                                                      0.315     0.397 r  example_wrapper_inst/eth_xcvr_gth_full_inst/inst/gen_gtwizard_gthe3_top.eth_xcvr_gth_full_gtwizard_gthe3_inst/gen_gtwizard_gthe3.gen_rx_user_clocking_internal.gen_single_instance.gtwiz_userclk_rx_inst/gen_gtwiz_userclk_rx_main.bufg_gt_usrclk2_inst/O
    X3Y3 (CLOCK_ROOT)    net (fo=3729, routed)        1.934     2.331    ila_xgmii_rx_inst/inst/ila_core_inst/u_trig/U_TM/N_DDR_MODE.G_NMU[0].U_M/allx_typeA_match_detection.ltlib_v1_0_0_allx_typeA_inst/DUT/I_WHOLE_SLICE.G_SLICE_IDX[1].U_ALL_SRL_SLICE/u_srlD/CLK
    SLICE_X100Y157       SRL16E                                       r  ila_xgmii_rx_inst/inst/ila_core_inst/u_trig/U_TM/N_DDR_MODE.G_NMU[0].U_M/allx_typeA_match_detection.ltlib_v1_0_0_allx_typeA_inst/DUT/I_WHOLE_SLICE.G_SLICE_IDX[1].U_ALL_SRL_SLICE/u_srlD/S2/CLK
                         clock pessimism             -0.299     2.032    
    SLICE_X100Y157       SRL16E (Hold_D5LUT_SLICEM_CLK_D)
                                                      0.244     2.276    ila_xgmii_rx_inst/inst/ila_core_inst/u_trig/U_TM/N_DDR_MODE.G_NMU[0].U_M/allx_typeA_match_detection.ltlib_v1_0_0_allx_typeA_inst/DUT/I_WHOLE_SLICE.G_SLICE_IDX[1].U_ALL_SRL_SLICE/u_srlD/S2
  -------------------------------------------------------------------
                         required time                         -2.276    
                         arrival time                           2.280    
  -------------------------------------------------------------------
                         slack                                  0.004    

Slack (MET) :             0.004ns  (arrival time - required time)
  Source:                 ila_xgmii_rx_inst/inst/ila_core_inst/u_trig/U_TM/N_DDR_MODE.G_NMU[0].U_M/allx_typeA_match_detection.ltlib_v1_0_0_allx_typeA_inst/DUT/I_WHOLE_SLICE.G_SLICE_IDX[6].U_ALL_SRL_SLICE/u_srlA/S1/CLK
                            (rising edge-triggered cell SRLC32E clocked by gtwiz_userclk_rx_usrclk2_int  {rise@0.000ns fall@3.200ns period=6.400ns})
  Destination:            ila_xgmii_rx_inst/inst/ila_core_inst/u_trig/U_TM/N_DDR_MODE.G_NMU[0].U_M/allx_typeA_match_detection.ltlib_v1_0_0_allx_typeA_inst/DUT/I_WHOLE_SLICE.G_SLICE_IDX[5].U_ALL_SRL_SLICE/u_srlD/S2/D
                            (rising edge-triggered cell SRL16E clocked by gtwiz_userclk_rx_usrclk2_int  {rise@0.000ns fall@3.200ns period=6.400ns})
  Path Group:             gtwiz_userclk_rx_usrclk2_int
  Path Type:              Hold (Min at Slow Process Corner)
  Requirement:            0.000ns  (gtwiz_userclk_rx_usrclk2_int rise@0.000ns - gtwiz_userclk_rx_usrclk2_int rise@0.000ns)
  Data Path Delay:        0.255ns  (logic 0.255ns (100.000%)  route 0.000ns (0.000%))
  Logic Levels:           0  
  Clock Path Skew:        0.007ns (DCD - SCD - CPR)
    Destination Clock Delay (DCD):    2.333ns
    Source Clock Delay      (SCD):    2.027ns
    Clock Pessimism Removal (CPR):    0.299ns
  Clock Net Delay (Source):      1.698ns (routing 0.283ns, distribution 1.415ns)
  Clock Net Delay (Destination): 1.936ns (routing 0.316ns, distribution 1.620ns)

    Location             Delay type                Incr(ns)  Path(ns)    Netlist Resource(s)
  -------------------------------------------------------------------    -------------------
                         (clock gtwiz_userclk_rx_usrclk2_int rise edge)
                                                      0.000     0.000 r  
    GTHE3_CHANNEL_X0Y12  GTHE3_CHANNEL                0.000     0.000 r  example_wrapper_inst/eth_xcvr_gth_full_inst/inst/gen_gtwizard_gthe3_top.eth_xcvr_gth_full_gtwizard_gthe3_inst/gen_gtwizard_gthe3.gen_channel_container[0].gen_enabled_channel.gthe3_channel_wrapper_inst/channel_inst/gthe3_channel_gen.gen_gthe3_channel_inst[0].GTHE3_CHANNEL_PRIM_INST/RXOUTCLK
                         net (fo=3, routed)           0.046     0.046    example_wrapper_inst/eth_xcvr_gth_full_inst/inst/gen_gtwizard_gthe3_top.eth_xcvr_gth_full_gtwizard_gthe3_inst/gen_gtwizard_gthe3.gen_rx_user_clocking_internal.gen_single_instance.gtwiz_userclk_rx_inst/rxoutclk_out[0]
    BUFG_GT_X0Y86        BUFG_GT (Prop_BUFG_GT_I_O)
                                                      0.283     0.329 r  example_wrapper_inst/eth_xcvr_gth_full_inst/inst/gen_gtwizard_gthe3_top.eth_xcvr_gth_full_gtwizard_gthe3_inst/gen_gtwizard_gthe3.gen_rx_user_clocking_internal.gen_single_instance.gtwiz_userclk_rx_inst/gen_gtwiz_userclk_rx_main.bufg_gt_usrclk2_inst/O
    X3Y3 (CLOCK_ROOT)    net (fo=3729, routed)        1.698     2.027    ila_xgmii_rx_inst/inst/ila_core_inst/u_trig/U_TM/N_DDR_MODE.G_NMU[0].U_M/allx_typeA_match_detection.ltlib_v1_0_0_allx_typeA_inst/DUT/I_WHOLE_SLICE.G_SLICE_IDX[6].U_ALL_SRL_SLICE/u_srlA/CLK
    SLICE_X100Y159       SRLC32E                                      r  ila_xgmii_rx_inst/inst/ila_core_inst/u_trig/U_TM/N_DDR_MODE.G_NMU[0].U_M/allx_typeA_match_detection.ltlib_v1_0_0_allx_typeA_inst/DUT/I_WHOLE_SLICE.G_SLICE_IDX[6].U_ALL_SRL_SLICE/u_srlA/S1/CLK
  -------------------------------------------------------------------    -------------------
    SLICE_X100Y159       SRLC32E (Prop_E6LUT_SLICEM_CLK_Q31)
                                                      0.255     2.282 r  ila_xgmii_rx_inst/inst/ila_core_inst/u_trig/U_TM/N_DDR_MODE.G_NMU[0].U_M/allx_typeA_match_detection.ltlib_v1_0_0_allx_typeA_inst/DUT/I_WHOLE_SLICE.G_SLICE_IDX[6].U_ALL_SRL_SLICE/u_srlA/S1/Q31
                         net (fo=2, unplaced)         0.000     2.282    ila_xgmii_rx_inst/inst/ila_core_inst/u_trig/U_TM/N_DDR_MODE.G_NMU[0].U_M/allx_typeA_match_detection.ltlib_v1_0_0_allx_typeA_inst/DUT/I_WHOLE_SLICE.G_SLICE_IDX[5].U_ALL_SRL_SLICE/u_srlD/CDI
    SLICE_X100Y159       SRL16E                                       r  ila_xgmii_rx_inst/inst/ila_core_inst/u_trig/U_TM/N_DDR_MODE.G_NMU[0].U_M/allx_typeA_match_detection.ltlib_v1_0_0_allx_typeA_inst/DUT/I_WHOLE_SLICE.G_SLICE_IDX[5].U_ALL_SRL_SLICE/u_srlD/S2/D
  -------------------------------------------------------------------    -------------------

                         (clock gtwiz_userclk_rx_usrclk2_int rise edge)
                                                      0.000     0.000 r  
    GTHE3_CHANNEL_X0Y12  GTHE3_CHANNEL                0.000     0.000 r  example_wrapper_inst/eth_xcvr_gth_full_inst/inst/gen_gtwizard_gthe3_top.eth_xcvr_gth_full_gtwizard_gthe3_inst/gen_gtwizard_gthe3.gen_channel_container[0].gen_enabled_channel.gthe3_channel_wrapper_inst/channel_inst/gthe3_channel_gen.gen_gthe3_channel_inst[0].GTHE3_CHANNEL_PRIM_INST/RXOUTCLK
                         net (fo=3, routed)           0.082     0.082    example_wrapper_inst/eth_xcvr_gth_full_inst/inst/gen_gtwizard_gthe3_top.eth_xcvr_gth_full_gtwizard_gthe3_inst/gen_gtwizard_gthe3.gen_rx_user_clocking_internal.gen_single_instance.gtwiz_userclk_rx_inst/rxoutclk_out[0]
    BUFG_GT_X0Y86        BUFG_GT (Prop_BUFG_GT_I_O)
                                                      0.315     0.397 r  example_wrapper_inst/eth_xcvr_gth_full_inst/inst/gen_gtwizard_gthe3_top.eth_xcvr_gth_full_gtwizard_gthe3_inst/gen_gtwizard_gthe3.gen_rx_user_clocking_internal.gen_single_instance.gtwiz_userclk_rx_inst/gen_gtwiz_userclk_rx_main.bufg_gt_usrclk2_inst/O
    X3Y3 (CLOCK_ROOT)    net (fo=3729, routed)        1.936     2.333    ila_xgmii_rx_inst/inst/ila_core_inst/u_trig/U_TM/N_DDR_MODE.G_NMU[0].U_M/allx_typeA_match_detection.ltlib_v1_0_0_allx_typeA_inst/DUT/I_WHOLE_SLICE.G_SLICE_IDX[5].U_ALL_SRL_SLICE/u_srlD/CLK
    SLICE_X100Y159       SRL16E                                       r  ila_xgmii_rx_inst/inst/ila_core_inst/u_trig/U_TM/N_DDR_MODE.G_NMU[0].U_M/allx_typeA_match_detection.ltlib_v1_0_0_allx_typeA_inst/DUT/I_WHOLE_SLICE.G_SLICE_IDX[5].U_ALL_SRL_SLICE/u_srlD/S2/CLK
                         clock pessimism             -0.299     2.034    
    SLICE_X100Y159       SRL16E (Hold_D5LUT_SLICEM_CLK_D)
                                                      0.244     2.278    ila_xgmii_rx_inst/inst/ila_core_inst/u_trig/U_TM/N_DDR_MODE.G_NMU[0].U_M/allx_typeA_match_detection.ltlib_v1_0_0_allx_typeA_inst/DUT/I_WHOLE_SLICE.G_SLICE_IDX[5].U_ALL_SRL_SLICE/u_srlD/S2
  -------------------------------------------------------------------
                         required time                         -2.278    
                         arrival time                           2.282    
  -------------------------------------------------------------------
                         slack                                  0.004    

Slack (MET) :             0.004ns  (arrival time - required time)
  Source:                 ila_xgmii_rx_inst/inst/ila_core_inst/u_trig/U_TM/N_DDR_MODE.G_NMU[0].U_M/allx_typeA_match_detection.ltlib_v1_0_0_allx_typeA_inst/DUT/I_WHOLE_SLICE.G_SLICE_IDX[4].U_ALL_SRL_SLICE/u_srlA/S1/CLK
                            (rising edge-triggered cell SRLC32E clocked by gtwiz_userclk_rx_usrclk2_int  {rise@0.000ns fall@3.200ns period=6.400ns})
  Destination:            ila_xgmii_rx_inst/inst/ila_core_inst/u_trig/U_TM/N_DDR_MODE.G_NMU[0].U_M/allx_typeA_match_detection.ltlib_v1_0_0_allx_typeA_inst/DUT/I_WHOLE_SLICE.G_SLICE_IDX[3].U_ALL_SRL_SLICE/u_srlD/S2/D
                            (rising edge-triggered cell SRL16E clocked by gtwiz_userclk_rx_usrclk2_int  {rise@0.000ns fall@3.200ns period=6.400ns})
  Path Group:             gtwiz_userclk_rx_usrclk2_int
  Path Type:              Hold (Min at Slow Process Corner)
  Requirement:            0.000ns  (gtwiz_userclk_rx_usrclk2_int rise@0.000ns - gtwiz_userclk_rx_usrclk2_int rise@0.000ns)
  Data Path Delay:        0.255ns  (logic 0.255ns (100.000%)  route 0.000ns (0.000%))
  Logic Levels:           0  
  Clock Path Skew:        0.007ns (DCD - SCD - CPR)
    Destination Clock Delay (DCD):    2.319ns
    Source Clock Delay      (SCD):    2.020ns
    Clock Pessimism Removal (CPR):    0.292ns
  Clock Net Delay (Source):      1.691ns (routing 0.283ns, distribution 1.408ns)
  Clock Net Delay (Destination): 1.922ns (routing 0.316ns, distribution 1.606ns)

    Location             Delay type                Incr(ns)  Path(ns)    Netlist Resource(s)
  -------------------------------------------------------------------    -------------------
                         (clock gtwiz_userclk_rx_usrclk2_int rise edge)
                                                      0.000     0.000 r  
    GTHE3_CHANNEL_X0Y12  GTHE3_CHANNEL                0.000     0.000 r  example_wrapper_inst/eth_xcvr_gth_full_inst/inst/gen_gtwizard_gthe3_top.eth_xcvr_gth_full_gtwizard_gthe3_inst/gen_gtwizard_gthe3.gen_channel_container[0].gen_enabled_channel.gthe3_channel_wrapper_inst/channel_inst/gthe3_channel_gen.gen_gthe3_channel_inst[0].GTHE3_CHANNEL_PRIM_INST/RXOUTCLK
                         net (fo=3, routed)           0.046     0.046    example_wrapper_inst/eth_xcvr_gth_full_inst/inst/gen_gtwizard_gthe3_top.eth_xcvr_gth_full_gtwizard_gthe3_inst/gen_gtwizard_gthe3.gen_rx_user_clocking_internal.gen_single_instance.gtwiz_userclk_rx_inst/rxoutclk_out[0]
    BUFG_GT_X0Y86        BUFG_GT (Prop_BUFG_GT_I_O)
                                                      0.283     0.329 r  example_wrapper_inst/eth_xcvr_gth_full_inst/inst/gen_gtwizard_gthe3_top.eth_xcvr_gth_full_gtwizard_gthe3_inst/gen_gtwizard_gthe3.gen_rx_user_clocking_internal.gen_single_instance.gtwiz_userclk_rx_inst/gen_gtwiz_userclk_rx_main.bufg_gt_usrclk2_inst/O
    X3Y3 (CLOCK_ROOT)    net (fo=3729, routed)        1.691     2.020    ila_xgmii_rx_inst/inst/ila_core_inst/u_trig/U_TM/N_DDR_MODE.G_NMU[0].U_M/allx_typeA_match_detection.ltlib_v1_0_0_allx_typeA_inst/DUT/I_WHOLE_SLICE.G_SLICE_IDX[4].U_ALL_SRL_SLICE/u_srlA/CLK
    SLICE_X100Y158       SRLC32E                                      r  ila_xgmii_rx_inst/inst/ila_core_inst/u_trig/U_TM/N_DDR_MODE.G_NMU[0].U_M/allx_typeA_match_detection.ltlib_v1_0_0_allx_typeA_inst/DUT/I_WHOLE_SLICE.G_SLICE_IDX[4].U_ALL_SRL_SLICE/u_srlA/S1/CLK
  -------------------------------------------------------------------    -------------------
    SLICE_X100Y158       SRLC32E (Prop_E6LUT_SLICEM_CLK_Q31)
                                                      0.255     2.275 r  ila_xgmii_rx_inst/inst/ila_core_inst/u_trig/U_TM/N_DDR_MODE.G_NMU[0].U_M/allx_typeA_match_detection.ltlib_v1_0_0_allx_typeA_inst/DUT/I_WHOLE_SLICE.G_SLICE_IDX[4].U_ALL_SRL_SLICE/u_srlA/S1/Q31
                         net (fo=2, unplaced)         0.000     2.275    ila_xgmii_rx_inst/inst/ila_core_inst/u_trig/U_TM/N_DDR_MODE.G_NMU[0].U_M/allx_typeA_match_detection.ltlib_v1_0_0_allx_typeA_inst/DUT/I_WHOLE_SLICE.G_SLICE_IDX[3].U_ALL_SRL_SLICE/u_srlD/CDI
    SLICE_X100Y158       SRL16E                                       r  ila_xgmii_rx_inst/inst/ila_core_inst/u_trig/U_TM/N_DDR_MODE.G_NMU[0].U_M/allx_typeA_match_detection.ltlib_v1_0_0_allx_typeA_inst/DUT/I_WHOLE_SLICE.G_SLICE_IDX[3].U_ALL_SRL_SLICE/u_srlD/S2/D
  -------------------------------------------------------------------    -------------------

                         (clock gtwiz_userclk_rx_usrclk2_int rise edge)
                                                      0.000     0.000 r  
    GTHE3_CHANNEL_X0Y12  GTHE3_CHANNEL                0.000     0.000 r  example_wrapper_inst/eth_xcvr_gth_full_inst/inst/gen_gtwizard_gthe3_top.eth_xcvr_gth_full_gtwizard_gthe3_inst/gen_gtwizard_gthe3.gen_channel_container[0].gen_enabled_channel.gthe3_channel_wrapper_inst/channel_inst/gthe3_channel_gen.gen_gthe3_channel_inst[0].GTHE3_CHANNEL_PRIM_INST/RXOUTCLK
                         net (fo=3, routed)           0.082     0.082    example_wrapper_inst/eth_xcvr_gth_full_inst/inst/gen_gtwizard_gthe3_top.eth_xcvr_gth_full_gtwizard_gthe3_inst/gen_gtwizard_gthe3.gen_rx_user_clocking_internal.gen_single_instance.gtwiz_userclk_rx_inst/rxoutclk_out[0]
    BUFG_GT_X0Y86        BUFG_GT (Prop_BUFG_GT_I_O)
                                                      0.315     0.397 r  example_wrapper_inst/eth_xcvr_gth_full_inst/inst/gen_gtwizard_gthe3_top.eth_xcvr_gth_full_gtwizard_gthe3_inst/gen_gtwizard_gthe3.gen_rx_user_clocking_internal.gen_single_instance.gtwiz_userclk_rx_inst/gen_gtwiz_userclk_rx_main.bufg_gt_usrclk2_inst/O
    X3Y3 (CLOCK_ROOT)    net (fo=3729, routed)        1.922     2.319    ila_xgmii_rx_inst/inst/ila_core_inst/u_trig/U_TM/N_DDR_MODE.G_NMU[0].U_M/allx_typeA_match_detection.ltlib_v1_0_0_allx_typeA_inst/DUT/I_WHOLE_SLICE.G_SLICE_IDX[3].U_ALL_SRL_SLICE/u_srlD/CLK
    SLICE_X100Y158       SRL16E                                       r  ila_xgmii_rx_inst/inst/ila_core_inst/u_trig/U_TM/N_DDR_MODE.G_NMU[0].U_M/allx_typeA_match_detection.ltlib_v1_0_0_allx_typeA_inst/DUT/I_WHOLE_SLICE.G_SLICE_IDX[3].U_ALL_SRL_SLICE/u_srlD/S2/CLK
                         clock pessimism             -0.292     2.027    
    SLICE_X100Y158       SRL16E (Hold_D5LUT_SLICEM_CLK_D)
                                                      0.244     2.271    ila_xgmii_rx_inst/inst/ila_core_inst/u_trig/U_TM/N_DDR_MODE.G_NMU[0].U_M/allx_typeA_match_detection.ltlib_v1_0_0_allx_typeA_inst/DUT/I_WHOLE_SLICE.G_SLICE_IDX[3].U_ALL_SRL_SLICE/u_srlD/S2
  -------------------------------------------------------------------
                         required time                         -2.271    
                         arrival time                           2.275    
  -------------------------------------------------------------------
                         slack                                  0.004    

Slack (MET) :             0.005ns  (arrival time - required time)
  Source:                 ila_xgmii_rx_inst/inst/ila_core_inst/u_trig/U_TM/N_DDR_MODE.G_NMU[0].U_M/allx_typeA_match_detection.ltlib_v1_0_0_allx_typeA_inst/DUT/I_WHOLE_SLICE.G_SLICE_IDX[2].U_ALL_SRL_SLICE/u_srlB/S1/CLK
                            (rising edge-triggered cell SRLC32E clocked by gtwiz_userclk_rx_usrclk2_int  {rise@0.000ns fall@3.200ns period=6.400ns})
  Destination:            ila_xgmii_rx_inst/inst/ila_core_inst/u_trig/U_TM/N_DDR_MODE.G_NMU[0].U_M/allx_typeA_match_detection.ltlib_v1_0_0_allx_typeA_inst/DUT/I_WHOLE_SLICE.G_SLICE_IDX[2].U_ALL_SRL_SLICE/u_srlA/S2/D
                            (rising edge-triggered cell SRL16E clocked by gtwiz_userclk_rx_usrclk2_int  {rise@0.000ns fall@3.200ns period=6.400ns})
  Path Group:             gtwiz_userclk_rx_usrclk2_int
  Path Type:              Hold (Min at Slow Process Corner)
  Requirement:            0.000ns  (gtwiz_userclk_rx_usrclk2_int rise@0.000ns - gtwiz_userclk_rx_usrclk2_int rise@0.000ns)
  Data Path Delay:        0.256ns  (logic 0.256ns (100.000%)  route 0.000ns (0.000%))
  Logic Levels:           0  
  Clock Path Skew:        0.007ns (DCD - SCD - CPR)
    Destination Clock Delay (DCD):    2.331ns
    Source Clock Delay      (SCD):    2.025ns
    Clock Pessimism Removal (CPR):    0.299ns
  Clock Net Delay (Source):      1.696ns (routing 0.283ns, distribution 1.413ns)
  Clock Net Delay (Destination): 1.934ns (routing 0.316ns, distribution 1.618ns)

    Location             Delay type                Incr(ns)  Path(ns)    Netlist Resource(s)
  -------------------------------------------------------------------    -------------------
                         (clock gtwiz_userclk_rx_usrclk2_int rise edge)
                                                      0.000     0.000 r  
    GTHE3_CHANNEL_X0Y12  GTHE3_CHANNEL                0.000     0.000 r  example_wrapper_inst/eth_xcvr_gth_full_inst/inst/gen_gtwizard_gthe3_top.eth_xcvr_gth_full_gtwizard_gthe3_inst/gen_gtwizard_gthe3.gen_channel_container[0].gen_enabled_channel.gthe3_channel_wrapper_inst/channel_inst/gthe3_channel_gen.gen_gthe3_channel_inst[0].GTHE3_CHANNEL_PRIM_INST/RXOUTCLK
                         net (fo=3, routed)           0.046     0.046    example_wrapper_inst/eth_xcvr_gth_full_inst/inst/gen_gtwizard_gthe3_top.eth_xcvr_gth_full_gtwizard_gthe3_inst/gen_gtwizard_gthe3.gen_rx_user_clocking_internal.gen_single_instance.gtwiz_userclk_rx_inst/rxoutclk_out[0]
    BUFG_GT_X0Y86        BUFG_GT (Prop_BUFG_GT_I_O)
                                                      0.283     0.329 r  example_wrapper_inst/eth_xcvr_gth_full_inst/inst/gen_gtwizard_gthe3_top.eth_xcvr_gth_full_gtwizard_gthe3_inst/gen_gtwizard_gthe3.gen_rx_user_clocking_internal.gen_single_instance.gtwiz_userclk_rx_inst/gen_gtwiz_userclk_rx_main.bufg_gt_usrclk2_inst/O
    X3Y3 (CLOCK_ROOT)    net (fo=3729, routed)        1.696     2.025    ila_xgmii_rx_inst/inst/ila_core_inst/u_trig/U_TM/N_DDR_MODE.G_NMU[0].U_M/allx_typeA_match_detection.ltlib_v1_0_0_allx_typeA_inst/DUT/I_WHOLE_SLICE.G_SLICE_IDX[2].U_ALL_SRL_SLICE/u_srlB/CLK
    SLICE_X100Y157       SRLC32E                                      r  ila_xgmii_rx_inst/inst/ila_core_inst/u_trig/U_TM/N_DDR_MODE.G_NMU[0].U_M/allx_typeA_match_detection.ltlib_v1_0_0_allx_typeA_inst/DUT/I_WHOLE_SLICE.G_SLICE_IDX[2].U_ALL_SRL_SLICE/u_srlB/S1/CLK
  -------------------------------------------------------------------    -------------------
    SLICE_X100Y157       SRLC32E (Prop_F6LUT_SLICEM_CLK_Q31)
                                                      0.256     2.281 r  ila_xgmii_rx_inst/inst/ila_core_inst/u_trig/U_TM/N_DDR_MODE.G_NMU[0].U_M/allx_typeA_match_detection.ltlib_v1_0_0_allx_typeA_inst/DUT/I_WHOLE_SLICE.G_SLICE_IDX[2].U_ALL_SRL_SLICE/u_srlB/S1/Q31
                         net (fo=2, unplaced)         0.000     2.281    ila_xgmii_rx_inst/inst/ila_core_inst/u_trig/U_TM/N_DDR_MODE.G_NMU[0].U_M/allx_typeA_match_detection.ltlib_v1_0_0_allx_typeA_inst/DUT/I_WHOLE_SLICE.G_SLICE_IDX[2].U_ALL_SRL_SLICE/u_srlA/CDI
    SLICE_X100Y157       SRL16E                                       r  ila_xgmii_rx_inst/inst/ila_core_inst/u_trig/U_TM/N_DDR_MODE.G_NMU[0].U_M/allx_typeA_match_detection.ltlib_v1_0_0_allx_typeA_inst/DUT/I_WHOLE_SLICE.G_SLICE_IDX[2].U_ALL_SRL_SLICE/u_srlA/S2/D
  -------------------------------------------------------------------    -------------------

                         (clock gtwiz_userclk_rx_usrclk2_int rise edge)
                                                      0.000     0.000 r  
    GTHE3_CHANNEL_X0Y12  GTHE3_CHANNEL                0.000     0.000 r  example_wrapper_inst/eth_xcvr_gth_full_inst/inst/gen_gtwizard_gthe3_top.eth_xcvr_gth_full_gtwizard_gthe3_inst/gen_gtwizard_gthe3.gen_channel_container[0].gen_enabled_channel.gthe3_channel_wrapper_inst/channel_inst/gthe3_channel_gen.gen_gthe3_channel_inst[0].GTHE3_CHANNEL_PRIM_INST/RXOUTCLK
                         net (fo=3, routed)           0.082     0.082    example_wrapper_inst/eth_xcvr_gth_full_inst/inst/gen_gtwizard_gthe3_top.eth_xcvr_gth_full_gtwizard_gthe3_inst/gen_gtwizard_gthe3.gen_rx_user_clocking_internal.gen_single_instance.gtwiz_userclk_rx_inst/rxoutclk_out[0]
    BUFG_GT_X0Y86        BUFG_GT (Prop_BUFG_GT_I_O)
                                                      0.315     0.397 r  example_wrapper_inst/eth_xcvr_gth_full_inst/inst/gen_gtwizard_gthe3_top.eth_xcvr_gth_full_gtwizard_gthe3_inst/gen_gtwizard_gthe3.gen_rx_user_clocking_internal.gen_single_instance.gtwiz_userclk_rx_inst/gen_gtwiz_userclk_rx_main.bufg_gt_usrclk2_inst/O
    X3Y3 (CLOCK_ROOT)    net (fo=3729, routed)        1.934     2.331    ila_xgmii_rx_inst/inst/ila_core_inst/u_trig/U_TM/N_DDR_MODE.G_NMU[0].U_M/allx_typeA_match_detection.ltlib_v1_0_0_allx_typeA_inst/DUT/I_WHOLE_SLICE.G_SLICE_IDX[2].U_ALL_SRL_SLICE/u_srlA/CLK
    SLICE_X100Y157       SRL16E                                       r  ila_xgmii_rx_inst/inst/ila_core_inst/u_trig/U_TM/N_DDR_MODE.G_NMU[0].U_M/allx_typeA_match_detection.ltlib_v1_0_0_allx_typeA_inst/DUT/I_WHOLE_SLICE.G_SLICE_IDX[2].U_ALL_SRL_SLICE/u_srlA/S2/CLK
                         clock pessimism             -0.299     2.032    
    SLICE_X100Y157       SRL16E (Hold_E5LUT_SLICEM_CLK_D)
                                                      0.244     2.276    ila_xgmii_rx_inst/inst/ila_core_inst/u_trig/U_TM/N_DDR_MODE.G_NMU[0].U_M/allx_typeA_match_detection.ltlib_v1_0_0_allx_typeA_inst/DUT/I_WHOLE_SLICE.G_SLICE_IDX[2].U_ALL_SRL_SLICE/u_srlA/S2
  -------------------------------------------------------------------
                         required time                         -2.276    
                         arrival time                           2.281    
  -------------------------------------------------------------------
                         slack                                  0.005    

Slack (MET) :             0.005ns  (arrival time - required time)
  Source:                 ila_xgmii_rx_inst/inst/ila_core_inst/u_trig/U_TM/N_DDR_MODE.G_NMU[0].U_M/allx_typeA_match_detection.ltlib_v1_0_0_allx_typeA_inst/DUT/I_WHOLE_SLICE.G_SLICE_IDX[4].U_ALL_SRL_SLICE/u_srlB/S1/CLK
                            (rising edge-triggered cell SRLC32E clocked by gtwiz_userclk_rx_usrclk2_int  {rise@0.000ns fall@3.200ns period=6.400ns})
  Destination:            ila_xgmii_rx_inst/inst/ila_core_inst/u_trig/U_TM/N_DDR_MODE.G_NMU[0].U_M/allx_typeA_match_detection.ltlib_v1_0_0_allx_typeA_inst/DUT/I_WHOLE_SLICE.G_SLICE_IDX[4].U_ALL_SRL_SLICE/u_srlA/S2/D
                            (rising edge-triggered cell SRL16E clocked by gtwiz_userclk_rx_usrclk2_int  {rise@0.000ns fall@3.200ns period=6.400ns})
  Path Group:             gtwiz_userclk_rx_usrclk2_int
  Path Type:              Hold (Min at Slow Process Corner)
  Requirement:            0.000ns  (gtwiz_userclk_rx_usrclk2_int rise@0.000ns - gtwiz_userclk_rx_usrclk2_int rise@0.000ns)
  Data Path Delay:        0.256ns  (logic 0.256ns (100.000%)  route 0.000ns (0.000%))
  Logic Levels:           0  
  Clock Path Skew:        0.007ns (DCD - SCD - CPR)
    Destination Clock Delay (DCD):    2.319ns
    Source Clock Delay      (SCD):    2.020ns
    Clock Pessimism Removal (CPR):    0.292ns
  Clock Net Delay (Source):      1.691ns (routing 0.283ns, distribution 1.408ns)
  Clock Net Delay (Destination): 1.922ns (routing 0.316ns, distribution 1.606ns)

    Location             Delay type                Incr(ns)  Path(ns)    Netlist Resource(s)
  -------------------------------------------------------------------    -------------------
                         (clock gtwiz_userclk_rx_usrclk2_int rise edge)
                                                      0.000     0.000 r  
    GTHE3_CHANNEL_X0Y12  GTHE3_CHANNEL                0.000     0.000 r  example_wrapper_inst/eth_xcvr_gth_full_inst/inst/gen_gtwizard_gthe3_top.eth_xcvr_gth_full_gtwizard_gthe3_inst/gen_gtwizard_gthe3.gen_channel_container[0].gen_enabled_channel.gthe3_channel_wrapper_inst/channel_inst/gthe3_channel_gen.gen_gthe3_channel_inst[0].GTHE3_CHANNEL_PRIM_INST/RXOUTCLK
                         net (fo=3, routed)           0.046     0.046    example_wrapper_inst/eth_xcvr_gth_full_inst/inst/gen_gtwizard_gthe3_top.eth_xcvr_gth_full_gtwizard_gthe3_inst/gen_gtwizard_gthe3.gen_rx_user_clocking_internal.gen_single_instance.gtwiz_userclk_rx_inst/rxoutclk_out[0]
    BUFG_GT_X0Y86        BUFG_GT (Prop_BUFG_GT_I_O)
                                                      0.283     0.329 r  example_wrapper_inst/eth_xcvr_gth_full_inst/inst/gen_gtwizard_gthe3_top.eth_xcvr_gth_full_gtwizard_gthe3_inst/gen_gtwizard_gthe3.gen_rx_user_clocking_internal.gen_single_instance.gtwiz_userclk_rx_inst/gen_gtwiz_userclk_rx_main.bufg_gt_usrclk2_inst/O
    X3Y3 (CLOCK_ROOT)    net (fo=3729, routed)        1.691     2.020    ila_xgmii_rx_inst/inst/ila_core_inst/u_trig/U_TM/N_DDR_MODE.G_NMU[0].U_M/allx_typeA_match_detection.ltlib_v1_0_0_allx_typeA_inst/DUT/I_WHOLE_SLICE.G_SLICE_IDX[4].U_ALL_SRL_SLICE/u_srlB/CLK
    SLICE_X100Y158       SRLC32E                                      r  ila_xgmii_rx_inst/inst/ila_core_inst/u_trig/U_TM/N_DDR_MODE.G_NMU[0].U_M/allx_typeA_match_detection.ltlib_v1_0_0_allx_typeA_inst/DUT/I_WHOLE_SLICE.G_SLICE_IDX[4].U_ALL_SRL_SLICE/u_srlB/S1/CLK
  -------------------------------------------------------------------    -------------------
    SLICE_X100Y158       SRLC32E (Prop_F6LUT_SLICEM_CLK_Q31)
                                                      0.256     2.276 r  ila_xgmii_rx_inst/inst/ila_core_inst/u_trig/U_TM/N_DDR_MODE.G_NMU[0].U_M/allx_typeA_match_detection.ltlib_v1_0_0_allx_typeA_inst/DUT/I_WHOLE_SLICE.G_SLICE_IDX[4].U_ALL_SRL_SLICE/u_srlB/S1/Q31
                         net (fo=2, unplaced)         0.000     2.276    ila_xgmii_rx_inst/inst/ila_core_inst/u_trig/U_TM/N_DDR_MODE.G_NMU[0].U_M/allx_typeA_match_detection.ltlib_v1_0_0_allx_typeA_inst/DUT/I_WHOLE_SLICE.G_SLICE_IDX[4].U_ALL_SRL_SLICE/u_srlA/CDI
    SLICE_X100Y158       SRL16E                                       r  ila_xgmii_rx_inst/inst/ila_core_inst/u_trig/U_TM/N_DDR_MODE.G_NMU[0].U_M/allx_typeA_match_detection.ltlib_v1_0_0_allx_typeA_inst/DUT/I_WHOLE_SLICE.G_SLICE_IDX[4].U_ALL_SRL_SLICE/u_srlA/S2/D
  -------------------------------------------------------------------    -------------------

                         (clock gtwiz_userclk_rx_usrclk2_int rise edge)
                                                      0.000     0.000 r  
    GTHE3_CHANNEL_X0Y12  GTHE3_CHANNEL                0.000     0.000 r  example_wrapper_inst/eth_xcvr_gth_full_inst/inst/gen_gtwizard_gthe3_top.eth_xcvr_gth_full_gtwizard_gthe3_inst/gen_gtwizard_gthe3.gen_channel_container[0].gen_enabled_channel.gthe3_channel_wrapper_inst/channel_inst/gthe3_channel_gen.gen_gthe3_channel_inst[0].GTHE3_CHANNEL_PRIM_INST/RXOUTCLK
                         net (fo=3, routed)           0.082     0.082    example_wrapper_inst/eth_xcvr_gth_full_inst/inst/gen_gtwizard_gthe3_top.eth_xcvr_gth_full_gtwizard_gthe3_inst/gen_gtwizard_gthe3.gen_rx_user_clocking_internal.gen_single_instance.gtwiz_userclk_rx_inst/rxoutclk_out[0]
    BUFG_GT_X0Y86        BUFG_GT (Prop_BUFG_GT_I_O)
                                                      0.315     0.397 r  example_wrapper_inst/eth_xcvr_gth_full_inst/inst/gen_gtwizard_gthe3_top.eth_xcvr_gth_full_gtwizard_gthe3_inst/gen_gtwizard_gthe3.gen_rx_user_clocking_internal.gen_single_instance.gtwiz_userclk_rx_inst/gen_gtwiz_userclk_rx_main.bufg_gt_usrclk2_inst/O
    X3Y3 (CLOCK_ROOT)    net (fo=3729, routed)        1.922     2.319    ila_xgmii_rx_inst/inst/ila_core_inst/u_trig/U_TM/N_DDR_MODE.G_NMU[0].U_M/allx_typeA_match_detection.ltlib_v1_0_0_allx_typeA_inst/DUT/I_WHOLE_SLICE.G_SLICE_IDX[4].U_ALL_SRL_SLICE/u_srlA/CLK
    SLICE_X100Y158       SRL16E                                       r  ila_xgmii_rx_inst/inst/ila_core_inst/u_trig/U_TM/N_DDR_MODE.G_NMU[0].U_M/allx_typeA_match_detection.ltlib_v1_0_0_allx_typeA_inst/DUT/I_WHOLE_SLICE.G_SLICE_IDX[4].U_ALL_SRL_SLICE/u_srlA/S2/CLK
                         clock pessimism             -0.292     2.027    
    SLICE_X100Y158       SRL16E (Hold_E5LUT_SLICEM_CLK_D)
                                                      0.244     2.271    ila_xgmii_rx_inst/inst/ila_core_inst/u_trig/U_TM/N_DDR_MODE.G_NMU[0].U_M/allx_typeA_match_detection.ltlib_v1_0_0_allx_typeA_inst/DUT/I_WHOLE_SLICE.G_SLICE_IDX[4].U_ALL_SRL_SLICE/u_srlA/S2
  -------------------------------------------------------------------
                         required time                         -2.271    
                         arrival time                           2.276    
  -------------------------------------------------------------------
                         slack                                  0.005    

Slack (MET) :             0.005ns  (arrival time - required time)
  Source:                 ila_xgmii_rx_inst/inst/ila_core_inst/u_trig/U_TM/N_DDR_MODE.G_NMU[0].U_M/allx_typeA_match_detection.ltlib_v1_0_0_allx_typeA_inst/DUT/I_WHOLE_SLICE.G_SLICE_IDX[6].U_ALL_SRL_SLICE/u_srlB/S1/CLK
                            (rising edge-triggered cell SRLC32E clocked by gtwiz_userclk_rx_usrclk2_int  {rise@0.000ns fall@3.200ns period=6.400ns})
  Destination:            ila_xgmii_rx_inst/inst/ila_core_inst/u_trig/U_TM/N_DDR_MODE.G_NMU[0].U_M/allx_typeA_match_detection.ltlib_v1_0_0_allx_typeA_inst/DUT/I_WHOLE_SLICE.G_SLICE_IDX[6].U_ALL_SRL_SLICE/u_srlA/S2/D
                            (rising edge-triggered cell SRL16E clocked by gtwiz_userclk_rx_usrclk2_int  {rise@0.000ns fall@3.200ns period=6.400ns})
  Path Group:             gtwiz_userclk_rx_usrclk2_int
  Path Type:              Hold (Min at Slow Process Corner)
  Requirement:            0.000ns  (gtwiz_userclk_rx_usrclk2_int rise@0.000ns - gtwiz_userclk_rx_usrclk2_int rise@0.000ns)
  Data Path Delay:        0.256ns  (logic 0.256ns (100.000%)  route 0.000ns (0.000%))
  Logic Levels:           0  
  Clock Path Skew:        0.007ns (DCD - SCD - CPR)
    Destination Clock Delay (DCD):    2.333ns
    Source Clock Delay      (SCD):    2.027ns
    Clock Pessimism Removal (CPR):    0.299ns
  Clock Net Delay (Source):      1.698ns (routing 0.283ns, distribution 1.415ns)
  Clock Net Delay (Destination): 1.936ns (routing 0.316ns, distribution 1.620ns)

    Location             Delay type                Incr(ns)  Path(ns)    Netlist Resource(s)
  -------------------------------------------------------------------    -------------------
                         (clock gtwiz_userclk_rx_usrclk2_int rise edge)
                                                      0.000     0.000 r  
    GTHE3_CHANNEL_X0Y12  GTHE3_CHANNEL                0.000     0.000 r  example_wrapper_inst/eth_xcvr_gth_full_inst/inst/gen_gtwizard_gthe3_top.eth_xcvr_gth_full_gtwizard_gthe3_inst/gen_gtwizard_gthe3.gen_channel_container[0].gen_enabled_channel.gthe3_channel_wrapper_inst/channel_inst/gthe3_channel_gen.gen_gthe3_channel_inst[0].GTHE3_CHANNEL_PRIM_INST/RXOUTCLK
                         net (fo=3, routed)           0.046     0.046    example_wrapper_inst/eth_xcvr_gth_full_inst/inst/gen_gtwizard_gthe3_top.eth_xcvr_gth_full_gtwizard_gthe3_inst/gen_gtwizard_gthe3.gen_rx_user_clocking_internal.gen_single_instance.gtwiz_userclk_rx_inst/rxoutclk_out[0]
    BUFG_GT_X0Y86        BUFG_GT (Prop_BUFG_GT_I_O)
                                                      0.283     0.329 r  example_wrapper_inst/eth_xcvr_gth_full_inst/inst/gen_gtwizard_gthe3_top.eth_xcvr_gth_full_gtwizard_gthe3_inst/gen_gtwizard_gthe3.gen_rx_user_clocking_internal.gen_single_instance.gtwiz_userclk_rx_inst/gen_gtwiz_userclk_rx_main.bufg_gt_usrclk2_inst/O
    X3Y3 (CLOCK_ROOT)    net (fo=3729, routed)        1.698     2.027    ila_xgmii_rx_inst/inst/ila_core_inst/u_trig/U_TM/N_DDR_MODE.G_NMU[0].U_M/allx_typeA_match_detection.ltlib_v1_0_0_allx_typeA_inst/DUT/I_WHOLE_SLICE.G_SLICE_IDX[6].U_ALL_SRL_SLICE/u_srlB/CLK
    SLICE_X100Y159       SRLC32E                                      r  ila_xgmii_rx_inst/inst/ila_core_inst/u_trig/U_TM/N_DDR_MODE.G_NMU[0].U_M/allx_typeA_match_detection.ltlib_v1_0_0_allx_typeA_inst/DUT/I_WHOLE_SLICE.G_SLICE_IDX[6].U_ALL_SRL_SLICE/u_srlB/S1/CLK
  -------------------------------------------------------------------    -------------------
    SLICE_X100Y159       SRLC32E (Prop_F6LUT_SLICEM_CLK_Q31)
                                                      0.256     2.283 r  ila_xgmii_rx_inst/inst/ila_core_inst/u_trig/U_TM/N_DDR_MODE.G_NMU[0].U_M/allx_typeA_match_detection.ltlib_v1_0_0_allx_typeA_inst/DUT/I_WHOLE_SLICE.G_SLICE_IDX[6].U_ALL_SRL_SLICE/u_srlB/S1/Q31
                         net (fo=2, unplaced)         0.000     2.283    ila_xgmii_rx_inst/inst/ila_core_inst/u_trig/U_TM/N_DDR_MODE.G_NMU[0].U_M/allx_typeA_match_detection.ltlib_v1_0_0_allx_typeA_inst/DUT/I_WHOLE_SLICE.G_SLICE_IDX[6].U_ALL_SRL_SLICE/u_srlA/CDI
    SLICE_X100Y159       SRL16E                                       r  ila_xgmii_rx_inst/inst/ila_core_inst/u_trig/U_TM/N_DDR_MODE.G_NMU[0].U_M/allx_typeA_match_detection.ltlib_v1_0_0_allx_typeA_inst/DUT/I_WHOLE_SLICE.G_SLICE_IDX[6].U_ALL_SRL_SLICE/u_srlA/S2/D
  -------------------------------------------------------------------    -------------------

                         (clock gtwiz_userclk_rx_usrclk2_int rise edge)
                                                      0.000     0.000 r  
    GTHE3_CHANNEL_X0Y12  GTHE3_CHANNEL                0.000     0.000 r  example_wrapper_inst/eth_xcvr_gth_full_inst/inst/gen_gtwizard_gthe3_top.eth_xcvr_gth_full_gtwizard_gthe3_inst/gen_gtwizard_gthe3.gen_channel_container[0].gen_enabled_channel.gthe3_channel_wrapper_inst/channel_inst/gthe3_channel_gen.gen_gthe3_channel_inst[0].GTHE3_CHANNEL_PRIM_INST/RXOUTCLK
                         net (fo=3, routed)           0.082     0.082    example_wrapper_inst/eth_xcvr_gth_full_inst/inst/gen_gtwizard_gthe3_top.eth_xcvr_gth_full_gtwizard_gthe3_inst/gen_gtwizard_gthe3.gen_rx_user_clocking_internal.gen_single_instance.gtwiz_userclk_rx_inst/rxoutclk_out[0]
    BUFG_GT_X0Y86        BUFG_GT (Prop_BUFG_GT_I_O)
                                                      0.315     0.397 r  example_wrapper_inst/eth_xcvr_gth_full_inst/inst/gen_gtwizard_gthe3_top.eth_xcvr_gth_full_gtwizard_gthe3_inst/gen_gtwizard_gthe3.gen_rx_user_clocking_internal.gen_single_instance.gtwiz_userclk_rx_inst/gen_gtwiz_userclk_rx_main.bufg_gt_usrclk2_inst/O
    X3Y3 (CLOCK_ROOT)    net (fo=3729, routed)        1.936     2.333    ila_xgmii_rx_inst/inst/ila_core_inst/u_trig/U_TM/N_DDR_MODE.G_NMU[0].U_M/allx_typeA_match_detection.ltlib_v1_0_0_allx_typeA_inst/DUT/I_WHOLE_SLICE.G_SLICE_IDX[6].U_ALL_SRL_SLICE/u_srlA/CLK
    SLICE_X100Y159       SRL16E                                       r  ila_xgmii_rx_inst/inst/ila_core_inst/u_trig/U_TM/N_DDR_MODE.G_NMU[0].U_M/allx_typeA_match_detection.ltlib_v1_0_0_allx_typeA_inst/DUT/I_WHOLE_SLICE.G_SLICE_IDX[6].U_ALL_SRL_SLICE/u_srlA/S2/CLK
                         clock pessimism             -0.299     2.034    
    SLICE_X100Y159       SRL16E (Hold_E5LUT_SLICEM_CLK_D)
                                                      0.244     2.278    ila_xgmii_rx_inst/inst/ila_core_inst/u_trig/U_TM/N_DDR_MODE.G_NMU[0].U_M/allx_typeA_match_detection.ltlib_v1_0_0_allx_typeA_inst/DUT/I_WHOLE_SLICE.G_SLICE_IDX[6].U_ALL_SRL_SLICE/u_srlA/S2
  -------------------------------------------------------------------
                         required time                         -2.278    
                         arrival time                           2.283    
  -------------------------------------------------------------------
                         slack                                  0.005    

Slack (MET) :             0.013ns  (arrival time - required time)
  Source:                 ila_inst/inst/ila_core_inst/u_ila_cap_ctrl/u_cap_addrgen/u_cap_window_counter/u_wcnt_lcmp/allx_typeA_match_detection.ltlib_v1_0_0_allx_typeA_inst/DUT/I_WHOLE_SLICE.G_SLICE_IDX[0].U_ALL_SRL_SLICE/u_srlC/S1/CLK
                            (rising edge-triggered cell SRLC32E clocked by gtwiz_userclk_rx_usrclk2_int  {rise@0.000ns fall@3.200ns period=6.400ns})
  Destination:            ila_inst/inst/ila_core_inst/u_ila_cap_ctrl/u_cap_addrgen/u_cap_window_counter/u_wcnt_lcmp/allx_typeA_match_detection.ltlib_v1_0_0_allx_typeA_inst/DUT/I_WHOLE_SLICE.G_SLICE_IDX[0].U_ALL_SRL_SLICE/u_srlB/S2/D
                            (rising edge-triggered cell SRL16E clocked by gtwiz_userclk_rx_usrclk2_int  {rise@0.000ns fall@3.200ns period=6.400ns})
  Path Group:             gtwiz_userclk_rx_usrclk2_int
  Path Type:              Hold (Min at Fast Process Corner)
  Requirement:            0.000ns  (gtwiz_userclk_rx_usrclk2_int rise@0.000ns - gtwiz_userclk_rx_usrclk2_int rise@0.000ns)
  Data Path Delay:        0.145ns  (logic 0.145ns (100.000%)  route 0.000ns (0.000%))
  Logic Levels:           0  
  Clock Path Skew:        0.009ns (DCD - SCD - CPR)
    Destination Clock Delay (DCD):    1.161ns
    Source Clock Delay      (SCD):    0.951ns
    Clock Pessimism Removal (CPR):    0.201ns
  Clock Net Delay (Source):      0.833ns (routing 0.163ns, distribution 0.670ns)
  Clock Net Delay (Destination): 0.996ns (routing 0.190ns, distribution 0.806ns)

    Location             Delay type                Incr(ns)  Path(ns)    Netlist Resource(s)
  -------------------------------------------------------------------    -------------------
                         (clock gtwiz_userclk_rx_usrclk2_int rise edge)
                                                      0.000     0.000 r  
    GTHE3_CHANNEL_X0Y12  GTHE3_CHANNEL                0.000     0.000 r  example_wrapper_inst/eth_xcvr_gth_full_inst/inst/gen_gtwizard_gthe3_top.eth_xcvr_gth_full_gtwizard_gthe3_inst/gen_gtwizard_gthe3.gen_channel_container[0].gen_enabled_channel.gthe3_channel_wrapper_inst/channel_inst/gthe3_channel_gen.gen_gthe3_channel_inst[0].GTHE3_CHANNEL_PRIM_INST/RXOUTCLK
                         net (fo=3, routed)           0.018     0.018    example_wrapper_inst/eth_xcvr_gth_full_inst/inst/gen_gtwizard_gthe3_top.eth_xcvr_gth_full_gtwizard_gthe3_inst/gen_gtwizard_gthe3.gen_rx_user_clocking_internal.gen_single_instance.gtwiz_userclk_rx_inst/rxoutclk_out[0]
    BUFG_GT_X0Y86        BUFG_GT (Prop_BUFG_GT_I_O)
                                                      0.100     0.118 r  example_wrapper_inst/eth_xcvr_gth_full_inst/inst/gen_gtwizard_gthe3_top.eth_xcvr_gth_full_gtwizard_gthe3_inst/gen_gtwizard_gthe3.gen_rx_user_clocking_internal.gen_single_instance.gtwiz_userclk_rx_inst/gen_gtwiz_userclk_rx_main.bufg_gt_usrclk2_inst/O
    X3Y3 (CLOCK_ROOT)    net (fo=3729, routed)        0.833     0.951    ila_inst/inst/ila_core_inst/u_ila_cap_ctrl/u_cap_addrgen/u_cap_window_counter/u_wcnt_lcmp/allx_typeA_match_detection.ltlib_v1_0_0_allx_typeA_inst/DUT/I_WHOLE_SLICE.G_SLICE_IDX[0].U_ALL_SRL_SLICE/u_srlC/CLK
    SLICE_X94Y139        SRLC32E                                      r  ila_inst/inst/ila_core_inst/u_ila_cap_ctrl/u_cap_addrgen/u_cap_window_counter/u_wcnt_lcmp/allx_typeA_match_detection.ltlib_v1_0_0_allx_typeA_inst/DUT/I_WHOLE_SLICE.G_SLICE_IDX[0].U_ALL_SRL_SLICE/u_srlC/S1/CLK
  -------------------------------------------------------------------    -------------------
    SLICE_X94Y139        SRLC32E (Prop_C6LUT_SLICEM_CLK_Q31)
                                                      0.145     1.096 r  ila_inst/inst/ila_core_inst/u_ila_cap_ctrl/u_cap_addrgen/u_cap_window_counter/u_wcnt_lcmp/allx_typeA_match_detection.ltlib_v1_0_0_allx_typeA_inst/DUT/I_WHOLE_SLICE.G_SLICE_IDX[0].U_ALL_SRL_SLICE/u_srlC/S1/Q31
                         net (fo=2, unplaced)         0.000     1.096    ila_inst/inst/ila_core_inst/u_ila_cap_ctrl/u_cap_addrgen/u_cap_window_counter/u_wcnt_lcmp/allx_typeA_match_detection.ltlib_v1_0_0_allx_typeA_inst/DUT/I_WHOLE_SLICE.G_SLICE_IDX[0].U_ALL_SRL_SLICE/u_srlB/CDI
    SLICE_X94Y139        SRL16E                                       r  ila_inst/inst/ila_core_inst/u_ila_cap_ctrl/u_cap_addrgen/u_cap_window_counter/u_wcnt_lcmp/allx_typeA_match_detection.ltlib_v1_0_0_allx_typeA_inst/DUT/I_WHOLE_SLICE.G_SLICE_IDX[0].U_ALL_SRL_SLICE/u_srlB/S2/D
  -------------------------------------------------------------------    -------------------

                         (clock gtwiz_userclk_rx_usrclk2_int rise edge)
                                                      0.000     0.000 r  
    GTHE3_CHANNEL_X0Y12  GTHE3_CHANNEL                0.000     0.000 r  example_wrapper_inst/eth_xcvr_gth_full_inst/inst/gen_gtwizard_gthe3_top.eth_xcvr_gth_full_gtwizard_gthe3_inst/gen_gtwizard_gthe3.gen_channel_container[0].gen_enabled_channel.gthe3_channel_wrapper_inst/channel_inst/gthe3_channel_gen.gen_gthe3_channel_inst[0].GTHE3_CHANNEL_PRIM_INST/RXOUTCLK
                         net (fo=3, routed)           0.035     0.035    example_wrapper_inst/eth_xcvr_gth_full_inst/inst/gen_gtwizard_gthe3_top.eth_xcvr_gth_full_gtwizard_gthe3_inst/gen_gtwizard_gthe3.gen_rx_user_clocking_internal.gen_single_instance.gtwiz_userclk_rx_inst/rxoutclk_out[0]
    BUFG_GT_X0Y86        BUFG_GT (Prop_BUFG_GT_I_O)
                                                      0.130     0.165 r  example_wrapper_inst/eth_xcvr_gth_full_inst/inst/gen_gtwizard_gthe3_top.eth_xcvr_gth_full_gtwizard_gthe3_inst/gen_gtwizard_gthe3.gen_rx_user_clocking_internal.gen_single_instance.gtwiz_userclk_rx_inst/gen_gtwiz_userclk_rx_main.bufg_gt_usrclk2_inst/O
    X3Y3 (CLOCK_ROOT)    net (fo=3729, routed)        0.996     1.161    ila_inst/inst/ila_core_inst/u_ila_cap_ctrl/u_cap_addrgen/u_cap_window_counter/u_wcnt_lcmp/allx_typeA_match_detection.ltlib_v1_0_0_allx_typeA_inst/DUT/I_WHOLE_SLICE.G_SLICE_IDX[0].U_ALL_SRL_SLICE/u_srlB/CLK
    SLICE_X94Y139        SRL16E                                       r  ila_inst/inst/ila_core_inst/u_ila_cap_ctrl/u_cap_addrgen/u_cap_window_counter/u_wcnt_lcmp/allx_typeA_match_detection.ltlib_v1_0_0_allx_typeA_inst/DUT/I_WHOLE_SLICE.G_SLICE_IDX[0].U_ALL_SRL_SLICE/u_srlB/S2/CLK
                         clock pessimism             -0.201     0.960    
    SLICE_X94Y139        SRL16E (Hold_B5LUT_SLICEM_CLK_D)
                                                      0.123     1.083    ila_inst/inst/ila_core_inst/u_ila_cap_ctrl/u_cap_addrgen/u_cap_window_counter/u_wcnt_lcmp/allx_typeA_match_detection.ltlib_v1_0_0_allx_typeA_inst/DUT/I_WHOLE_SLICE.G_SLICE_IDX[0].U_ALL_SRL_SLICE/u_srlB/S2
  -------------------------------------------------------------------
                         required time                         -1.083    
                         arrival time                           1.096    
  -------------------------------------------------------------------
                         slack                                  0.013    

Slack (MET) :             0.013ns  (arrival time - required time)
  Source:                 ila_inst/inst/ila_core_inst/u_ila_cap_ctrl/u_cap_addrgen/u_cap_window_counter/u_wcnt_lcmp/allx_typeA_match_detection.ltlib_v1_0_0_allx_typeA_inst/DUT/I_WHOLE_SLICE.G_SLICE_IDX[0].U_ALL_SRL_SLICE/u_srlD/S1/CLK
                            (rising edge-triggered cell SRLC32E clocked by gtwiz_userclk_rx_usrclk2_int  {rise@0.000ns fall@3.200ns period=6.400ns})
  Destination:            ila_inst/inst/ila_core_inst/u_ila_cap_ctrl/u_cap_addrgen/u_cap_window_counter/u_wcnt_lcmp/allx_typeA_match_detection.ltlib_v1_0_0_allx_typeA_inst/DUT/I_WHOLE_SLICE.G_SLICE_IDX[0].U_ALL_SRL_SLICE/u_srlC/S2/D
                            (rising edge-triggered cell SRL16E clocked by gtwiz_userclk_rx_usrclk2_int  {rise@0.000ns fall@3.200ns period=6.400ns})
  Path Group:             gtwiz_userclk_rx_usrclk2_int
  Path Type:              Hold (Min at Fast Process Corner)
  Requirement:            0.000ns  (gtwiz_userclk_rx_usrclk2_int rise@0.000ns - gtwiz_userclk_rx_usrclk2_int rise@0.000ns)
  Data Path Delay:        0.145ns  (logic 0.145ns (100.000%)  route 0.000ns (0.000%))
  Logic Levels:           0  
  Clock Path Skew:        0.009ns (DCD - SCD - CPR)
    Destination Clock Delay (DCD):    1.161ns
    Source Clock Delay      (SCD):    0.951ns
    Clock Pessimism Removal (CPR):    0.201ns
  Clock Net Delay (Source):      0.833ns (routing 0.163ns, distribution 0.670ns)
  Clock Net Delay (Destination): 0.996ns (routing 0.190ns, distribution 0.806ns)

    Location             Delay type                Incr(ns)  Path(ns)    Netlist Resource(s)
  -------------------------------------------------------------------    -------------------
                         (clock gtwiz_userclk_rx_usrclk2_int rise edge)
                                                      0.000     0.000 r  
    GTHE3_CHANNEL_X0Y12  GTHE3_CHANNEL                0.000     0.000 r  example_wrapper_inst/eth_xcvr_gth_full_inst/inst/gen_gtwizard_gthe3_top.eth_xcvr_gth_full_gtwizard_gthe3_inst/gen_gtwizard_gthe3.gen_channel_container[0].gen_enabled_channel.gthe3_channel_wrapper_inst/channel_inst/gthe3_channel_gen.gen_gthe3_channel_inst[0].GTHE3_CHANNEL_PRIM_INST/RXOUTCLK
                         net (fo=3, routed)           0.018     0.018    example_wrapper_inst/eth_xcvr_gth_full_inst/inst/gen_gtwizard_gthe3_top.eth_xcvr_gth_full_gtwizard_gthe3_inst/gen_gtwizard_gthe3.gen_rx_user_clocking_internal.gen_single_instance.gtwiz_userclk_rx_inst/rxoutclk_out[0]
    BUFG_GT_X0Y86        BUFG_GT (Prop_BUFG_GT_I_O)
                                                      0.100     0.118 r  example_wrapper_inst/eth_xcvr_gth_full_inst/inst/gen_gtwizard_gthe3_top.eth_xcvr_gth_full_gtwizard_gthe3_inst/gen_gtwizard_gthe3.gen_rx_user_clocking_internal.gen_single_instance.gtwiz_userclk_rx_inst/gen_gtwiz_userclk_rx_main.bufg_gt_usrclk2_inst/O
    X3Y3 (CLOCK_ROOT)    net (fo=3729, routed)        0.833     0.951    ila_inst/inst/ila_core_inst/u_ila_cap_ctrl/u_cap_addrgen/u_cap_window_counter/u_wcnt_lcmp/allx_typeA_match_detection.ltlib_v1_0_0_allx_typeA_inst/DUT/I_WHOLE_SLICE.G_SLICE_IDX[0].U_ALL_SRL_SLICE/u_srlD/CLK
    SLICE_X94Y139        SRLC32E                                      r  ila_inst/inst/ila_core_inst/u_ila_cap_ctrl/u_cap_addrgen/u_cap_window_counter/u_wcnt_lcmp/allx_typeA_match_detection.ltlib_v1_0_0_allx_typeA_inst/DUT/I_WHOLE_SLICE.G_SLICE_IDX[0].U_ALL_SRL_SLICE/u_srlD/S1/CLK
  -------------------------------------------------------------------    -------------------
    SLICE_X94Y139        SRLC32E (Prop_D6LUT_SLICEM_CLK_Q31)
                                                      0.145     1.096 r  ila_inst/inst/ila_core_inst/u_ila_cap_ctrl/u_cap_addrgen/u_cap_window_counter/u_wcnt_lcmp/allx_typeA_match_detection.ltlib_v1_0_0_allx_typeA_inst/DUT/I_WHOLE_SLICE.G_SLICE_IDX[0].U_ALL_SRL_SLICE/u_srlD/S1/Q31
                         net (fo=2, unplaced)         0.000     1.096    ila_inst/inst/ila_core_inst/u_ila_cap_ctrl/u_cap_addrgen/u_cap_window_counter/u_wcnt_lcmp/allx_typeA_match_detection.ltlib_v1_0_0_allx_typeA_inst/DUT/I_WHOLE_SLICE.G_SLICE_IDX[0].U_ALL_SRL_SLICE/u_srlC/CDI
    SLICE_X94Y139        SRL16E                                       r  ila_inst/inst/ila_core_inst/u_ila_cap_ctrl/u_cap_addrgen/u_cap_window_counter/u_wcnt_lcmp/allx_typeA_match_detection.ltlib_v1_0_0_allx_typeA_inst/DUT/I_WHOLE_SLICE.G_SLICE_IDX[0].U_ALL_SRL_SLICE/u_srlC/S2/D
  -------------------------------------------------------------------    -------------------

                         (clock gtwiz_userclk_rx_usrclk2_int rise edge)
                                                      0.000     0.000 r  
    GTHE3_CHANNEL_X0Y12  GTHE3_CHANNEL                0.000     0.000 r  example_wrapper_inst/eth_xcvr_gth_full_inst/inst/gen_gtwizard_gthe3_top.eth_xcvr_gth_full_gtwizard_gthe3_inst/gen_gtwizard_gthe3.gen_channel_container[0].gen_enabled_channel.gthe3_channel_wrapper_inst/channel_inst/gthe3_channel_gen.gen_gthe3_channel_inst[0].GTHE3_CHANNEL_PRIM_INST/RXOUTCLK
                         net (fo=3, routed)           0.035     0.035    example_wrapper_inst/eth_xcvr_gth_full_inst/inst/gen_gtwizard_gthe3_top.eth_xcvr_gth_full_gtwizard_gthe3_inst/gen_gtwizard_gthe3.gen_rx_user_clocking_internal.gen_single_instance.gtwiz_userclk_rx_inst/rxoutclk_out[0]
    BUFG_GT_X0Y86        BUFG_GT (Prop_BUFG_GT_I_O)
                                                      0.130     0.165 r  example_wrapper_inst/eth_xcvr_gth_full_inst/inst/gen_gtwizard_gthe3_top.eth_xcvr_gth_full_gtwizard_gthe3_inst/gen_gtwizard_gthe3.gen_rx_user_clocking_internal.gen_single_instance.gtwiz_userclk_rx_inst/gen_gtwiz_userclk_rx_main.bufg_gt_usrclk2_inst/O
    X3Y3 (CLOCK_ROOT)    net (fo=3729, routed)        0.996     1.161    ila_inst/inst/ila_core_inst/u_ila_cap_ctrl/u_cap_addrgen/u_cap_window_counter/u_wcnt_lcmp/allx_typeA_match_detection.ltlib_v1_0_0_allx_typeA_inst/DUT/I_WHOLE_SLICE.G_SLICE_IDX[0].U_ALL_SRL_SLICE/u_srlC/CLK
    SLICE_X94Y139        SRL16E                                       r  ila_inst/inst/ila_core_inst/u_ila_cap_ctrl/u_cap_addrgen/u_cap_window_counter/u_wcnt_lcmp/allx_typeA_match_detection.ltlib_v1_0_0_allx_typeA_inst/DUT/I_WHOLE_SLICE.G_SLICE_IDX[0].U_ALL_SRL_SLICE/u_srlC/S2/CLK
                         clock pessimism             -0.201     0.960    
    SLICE_X94Y139        SRL16E (Hold_C5LUT_SLICEM_CLK_D)
                                                      0.123     1.083    ila_inst/inst/ila_core_inst/u_ila_cap_ctrl/u_cap_addrgen/u_cap_window_counter/u_wcnt_lcmp/allx_typeA_match_detection.ltlib_v1_0_0_allx_typeA_inst/DUT/I_WHOLE_SLICE.G_SLICE_IDX[0].U_ALL_SRL_SLICE/u_srlC/S2
  -------------------------------------------------------------------
                         required time                         -1.083    
                         arrival time                           1.096    
  -------------------------------------------------------------------
                         slack                                  0.013    

Slack (MET) :             0.013ns  (arrival time - required time)
  Source:                 ila_inst/inst/ila_core_inst/u_trig/N_DDR_TC.N_DDR_TC_INST[0].U_TC/allx_typeA_match_detection.ltlib_v1_0_0_allx_typeA_inst/DUT/I_WHOLE_SLICE.G_SLICE_IDX[0].U_ALL_SRL_SLICE/u_srlC/S1/CLK
                            (rising edge-triggered cell SRLC32E clocked by gtwiz_userclk_rx_usrclk2_int  {rise@0.000ns fall@3.200ns period=6.400ns})
  Destination:            ila_inst/inst/ila_core_inst/u_trig/N_DDR_TC.N_DDR_TC_INST[0].U_TC/allx_typeA_match_detection.ltlib_v1_0_0_allx_typeA_inst/DUT/I_WHOLE_SLICE.G_SLICE_IDX[0].U_ALL_SRL_SLICE/u_srlB/S2/D
                            (rising edge-triggered cell SRL16E clocked by gtwiz_userclk_rx_usrclk2_int  {rise@0.000ns fall@3.200ns period=6.400ns})
  Path Group:             gtwiz_userclk_rx_usrclk2_int
  Path Type:              Hold (Min at Fast Process Corner)
  Requirement:            0.000ns  (gtwiz_userclk_rx_usrclk2_int rise@0.000ns - gtwiz_userclk_rx_usrclk2_int rise@0.000ns)
  Data Path Delay:        0.145ns  (logic 0.145ns (100.000%)  route 0.000ns (0.000%))
  Logic Levels:           0  
  Clock Path Skew:        0.009ns (DCD - SCD - CPR)
    Destination Clock Delay (DCD):    1.183ns
    Source Clock Delay      (SCD):    0.971ns
    Clock Pessimism Removal (CPR):    0.203ns
  Clock Net Delay (Source):      0.853ns (routing 0.163ns, distribution 0.690ns)
  Clock Net Delay (Destination): 1.018ns (routing 0.190ns, distribution 0.828ns)

    Location             Delay type                Incr(ns)  Path(ns)    Netlist Resource(s)
  -------------------------------------------------------------------    -------------------
                         (clock gtwiz_userclk_rx_usrclk2_int rise edge)
                                                      0.000     0.000 r  
    GTHE3_CHANNEL_X0Y12  GTHE3_CHANNEL                0.000     0.000 r  example_wrapper_inst/eth_xcvr_gth_full_inst/inst/gen_gtwizard_gthe3_top.eth_xcvr_gth_full_gtwizard_gthe3_inst/gen_gtwizard_gthe3.gen_channel_container[0].gen_enabled_channel.gthe3_channel_wrapper_inst/channel_inst/gthe3_channel_gen.gen_gthe3_channel_inst[0].GTHE3_CHANNEL_PRIM_INST/RXOUTCLK
                         net (fo=3, routed)           0.018     0.018    example_wrapper_inst/eth_xcvr_gth_full_inst/inst/gen_gtwizard_gthe3_top.eth_xcvr_gth_full_gtwizard_gthe3_inst/gen_gtwizard_gthe3.gen_rx_user_clocking_internal.gen_single_instance.gtwiz_userclk_rx_inst/rxoutclk_out[0]
    BUFG_GT_X0Y86        BUFG_GT (Prop_BUFG_GT_I_O)
                                                      0.100     0.118 r  example_wrapper_inst/eth_xcvr_gth_full_inst/inst/gen_gtwizard_gthe3_top.eth_xcvr_gth_full_gtwizard_gthe3_inst/gen_gtwizard_gthe3.gen_rx_user_clocking_internal.gen_single_instance.gtwiz_userclk_rx_inst/gen_gtwiz_userclk_rx_main.bufg_gt_usrclk2_inst/O
    X3Y3 (CLOCK_ROOT)    net (fo=3729, routed)        0.853     0.971    ila_inst/inst/ila_core_inst/u_trig/N_DDR_TC.N_DDR_TC_INST[0].U_TC/allx_typeA_match_detection.ltlib_v1_0_0_allx_typeA_inst/DUT/I_WHOLE_SLICE.G_SLICE_IDX[0].U_ALL_SRL_SLICE/u_srlC/CLK
    SLICE_X81Y145        SRLC32E                                      r  ila_inst/inst/ila_core_inst/u_trig/N_DDR_TC.N_DDR_TC_INST[0].U_TC/allx_typeA_match_detection.ltlib_v1_0_0_allx_typeA_inst/DUT/I_WHOLE_SLICE.G_SLICE_IDX[0].U_ALL_SRL_SLICE/u_srlC/S1/CLK
  -------------------------------------------------------------------    -------------------
    SLICE_X81Y145        SRLC32E (Prop_C6LUT_SLICEM_CLK_Q31)
                                                      0.145     1.116 r  ila_inst/inst/ila_core_inst/u_trig/N_DDR_TC.N_DDR_TC_INST[0].U_TC/allx_typeA_match_detection.ltlib_v1_0_0_allx_typeA_inst/DUT/I_WHOLE_SLICE.G_SLICE_IDX[0].U_ALL_SRL_SLICE/u_srlC/S1/Q31
                         net (fo=2, unplaced)         0.000     1.116    ila_inst/inst/ila_core_inst/u_trig/N_DDR_TC.N_DDR_TC_INST[0].U_TC/allx_typeA_match_detection.ltlib_v1_0_0_allx_typeA_inst/DUT/I_WHOLE_SLICE.G_SLICE_IDX[0].U_ALL_SRL_SLICE/u_srlB/CDI
    SLICE_X81Y145        SRL16E                                       r  ila_inst/inst/ila_core_inst/u_trig/N_DDR_TC.N_DDR_TC_INST[0].U_TC/allx_typeA_match_detection.ltlib_v1_0_0_allx_typeA_inst/DUT/I_WHOLE_SLICE.G_SLICE_IDX[0].U_ALL_SRL_SLICE/u_srlB/S2/D
  -------------------------------------------------------------------    -------------------

                         (clock gtwiz_userclk_rx_usrclk2_int rise edge)
                                                      0.000     0.000 r  
    GTHE3_CHANNEL_X0Y12  GTHE3_CHANNEL                0.000     0.000 r  example_wrapper_inst/eth_xcvr_gth_full_inst/inst/gen_gtwizard_gthe3_top.eth_xcvr_gth_full_gtwizard_gthe3_inst/gen_gtwizard_gthe3.gen_channel_container[0].gen_enabled_channel.gthe3_channel_wrapper_inst/channel_inst/gthe3_channel_gen.gen_gthe3_channel_inst[0].GTHE3_CHANNEL_PRIM_INST/RXOUTCLK
                         net (fo=3, routed)           0.035     0.035    example_wrapper_inst/eth_xcvr_gth_full_inst/inst/gen_gtwizard_gthe3_top.eth_xcvr_gth_full_gtwizard_gthe3_inst/gen_gtwizard_gthe3.gen_rx_user_clocking_internal.gen_single_instance.gtwiz_userclk_rx_inst/rxoutclk_out[0]
    BUFG_GT_X0Y86        BUFG_GT (Prop_BUFG_GT_I_O)
                                                      0.130     0.165 r  example_wrapper_inst/eth_xcvr_gth_full_inst/inst/gen_gtwizard_gthe3_top.eth_xcvr_gth_full_gtwizard_gthe3_inst/gen_gtwizard_gthe3.gen_rx_user_clocking_internal.gen_single_instance.gtwiz_userclk_rx_inst/gen_gtwiz_userclk_rx_main.bufg_gt_usrclk2_inst/O
    X3Y3 (CLOCK_ROOT)    net (fo=3729, routed)        1.018     1.183    ila_inst/inst/ila_core_inst/u_trig/N_DDR_TC.N_DDR_TC_INST[0].U_TC/allx_typeA_match_detection.ltlib_v1_0_0_allx_typeA_inst/DUT/I_WHOLE_SLICE.G_SLICE_IDX[0].U_ALL_SRL_SLICE/u_srlB/CLK
    SLICE_X81Y145        SRL16E                                       r  ila_inst/inst/ila_core_inst/u_trig/N_DDR_TC.N_DDR_TC_INST[0].U_TC/allx_typeA_match_detection.ltlib_v1_0_0_allx_typeA_inst/DUT/I_WHOLE_SLICE.G_SLICE_IDX[0].U_ALL_SRL_SLICE/u_srlB/S2/CLK
                         clock pessimism             -0.203     0.980    
    SLICE_X81Y145        SRL16E (Hold_B5LUT_SLICEM_CLK_D)
                                                      0.123     1.103    ila_inst/inst/ila_core_inst/u_trig/N_DDR_TC.N_DDR_TC_INST[0].U_TC/allx_typeA_match_detection.ltlib_v1_0_0_allx_typeA_inst/DUT/I_WHOLE_SLICE.G_SLICE_IDX[0].U_ALL_SRL_SLICE/u_srlB/S2
  -------------------------------------------------------------------
                         required time                         -1.103    
                         arrival time                           1.116    
  -------------------------------------------------------------------
                         slack                                  0.013    

Slack (MET) :             0.013ns  (arrival time - required time)
  Source:                 ila_inst/inst/ila_core_inst/u_trig/N_DDR_TC.N_DDR_TC_INST[0].U_TC/allx_typeA_match_detection.ltlib_v1_0_0_allx_typeA_inst/DUT/I_WHOLE_SLICE.G_SLICE_IDX[0].U_ALL_SRL_SLICE/u_srlD/S1/CLK
                            (rising edge-triggered cell SRLC32E clocked by gtwiz_userclk_rx_usrclk2_int  {rise@0.000ns fall@3.200ns period=6.400ns})
  Destination:            ila_inst/inst/ila_core_inst/u_trig/N_DDR_TC.N_DDR_TC_INST[0].U_TC/allx_typeA_match_detection.ltlib_v1_0_0_allx_typeA_inst/DUT/I_WHOLE_SLICE.G_SLICE_IDX[0].U_ALL_SRL_SLICE/u_srlC/S2/D
                            (rising edge-triggered cell SRL16E clocked by gtwiz_userclk_rx_usrclk2_int  {rise@0.000ns fall@3.200ns period=6.400ns})
  Path Group:             gtwiz_userclk_rx_usrclk2_int
  Path Type:              Hold (Min at Fast Process Corner)
  Requirement:            0.000ns  (gtwiz_userclk_rx_usrclk2_int rise@0.000ns - gtwiz_userclk_rx_usrclk2_int rise@0.000ns)
  Data Path Delay:        0.145ns  (logic 0.145ns (100.000%)  route 0.000ns (0.000%))
  Logic Levels:           0  
  Clock Path Skew:        0.009ns (DCD - SCD - CPR)
    Destination Clock Delay (DCD):    1.183ns
    Source Clock Delay      (SCD):    0.971ns
    Clock Pessimism Removal (CPR):    0.203ns
  Clock Net Delay (Source):      0.853ns (routing 0.163ns, distribution 0.690ns)
  Clock Net Delay (Destination): 1.018ns (routing 0.190ns, distribution 0.828ns)

    Location             Delay type                Incr(ns)  Path(ns)    Netlist Resource(s)
  -------------------------------------------------------------------    -------------------
                         (clock gtwiz_userclk_rx_usrclk2_int rise edge)
                                                      0.000     0.000 r  
    GTHE3_CHANNEL_X0Y12  GTHE3_CHANNEL                0.000     0.000 r  example_wrapper_inst/eth_xcvr_gth_full_inst/inst/gen_gtwizard_gthe3_top.eth_xcvr_gth_full_gtwizard_gthe3_inst/gen_gtwizard_gthe3.gen_channel_container[0].gen_enabled_channel.gthe3_channel_wrapper_inst/channel_inst/gthe3_channel_gen.gen_gthe3_channel_inst[0].GTHE3_CHANNEL_PRIM_INST/RXOUTCLK
                         net (fo=3, routed)           0.018     0.018    example_wrapper_inst/eth_xcvr_gth_full_inst/inst/gen_gtwizard_gthe3_top.eth_xcvr_gth_full_gtwizard_gthe3_inst/gen_gtwizard_gthe3.gen_rx_user_clocking_internal.gen_single_instance.gtwiz_userclk_rx_inst/rxoutclk_out[0]
    BUFG_GT_X0Y86        BUFG_GT (Prop_BUFG_GT_I_O)
                                                      0.100     0.118 r  example_wrapper_inst/eth_xcvr_gth_full_inst/inst/gen_gtwizard_gthe3_top.eth_xcvr_gth_full_gtwizard_gthe3_inst/gen_gtwizard_gthe3.gen_rx_user_clocking_internal.gen_single_instance.gtwiz_userclk_rx_inst/gen_gtwiz_userclk_rx_main.bufg_gt_usrclk2_inst/O
    X3Y3 (CLOCK_ROOT)    net (fo=3729, routed)        0.853     0.971    ila_inst/inst/ila_core_inst/u_trig/N_DDR_TC.N_DDR_TC_INST[0].U_TC/allx_typeA_match_detection.ltlib_v1_0_0_allx_typeA_inst/DUT/I_WHOLE_SLICE.G_SLICE_IDX[0].U_ALL_SRL_SLICE/u_srlD/CLK
    SLICE_X81Y145        SRLC32E                                      r  ila_inst/inst/ila_core_inst/u_trig/N_DDR_TC.N_DDR_TC_INST[0].U_TC/allx_typeA_match_detection.ltlib_v1_0_0_allx_typeA_inst/DUT/I_WHOLE_SLICE.G_SLICE_IDX[0].U_ALL_SRL_SLICE/u_srlD/S1/CLK
  -------------------------------------------------------------------    -------------------
    SLICE_X81Y145        SRLC32E (Prop_D6LUT_SLICEM_CLK_Q31)
                                                      0.145     1.116 r  ila_inst/inst/ila_core_inst/u_trig/N_DDR_TC.N_DDR_TC_INST[0].U_TC/allx_typeA_match_detection.ltlib_v1_0_0_allx_typeA_inst/DUT/I_WHOLE_SLICE.G_SLICE_IDX[0].U_ALL_SRL_SLICE/u_srlD/S1/Q31
                         net (fo=2, unplaced)         0.000     1.116    ila_inst/inst/ila_core_inst/u_trig/N_DDR_TC.N_DDR_TC_INST[0].U_TC/allx_typeA_match_detection.ltlib_v1_0_0_allx_typeA_inst/DUT/I_WHOLE_SLICE.G_SLICE_IDX[0].U_ALL_SRL_SLICE/u_srlC/CDI
    SLICE_X81Y145        SRL16E                                       r  ila_inst/inst/ila_core_inst/u_trig/N_DDR_TC.N_DDR_TC_INST[0].U_TC/allx_typeA_match_detection.ltlib_v1_0_0_allx_typeA_inst/DUT/I_WHOLE_SLICE.G_SLICE_IDX[0].U_ALL_SRL_SLICE/u_srlC/S2/D
  -------------------------------------------------------------------    -------------------

                         (clock gtwiz_userclk_rx_usrclk2_int rise edge)
                                                      0.000     0.000 r  
    GTHE3_CHANNEL_X0Y12  GTHE3_CHANNEL                0.000     0.000 r  example_wrapper_inst/eth_xcvr_gth_full_inst/inst/gen_gtwizard_gthe3_top.eth_xcvr_gth_full_gtwizard_gthe3_inst/gen_gtwizard_gthe3.gen_channel_container[0].gen_enabled_channel.gthe3_channel_wrapper_inst/channel_inst/gthe3_channel_gen.gen_gthe3_channel_inst[0].GTHE3_CHANNEL_PRIM_INST/RXOUTCLK
                         net (fo=3, routed)           0.035     0.035    example_wrapper_inst/eth_xcvr_gth_full_inst/inst/gen_gtwizard_gthe3_top.eth_xcvr_gth_full_gtwizard_gthe3_inst/gen_gtwizard_gthe3.gen_rx_user_clocking_internal.gen_single_instance.gtwiz_userclk_rx_inst/rxoutclk_out[0]
    BUFG_GT_X0Y86        BUFG_GT (Prop_BUFG_GT_I_O)
                                                      0.130     0.165 r  example_wrapper_inst/eth_xcvr_gth_full_inst/inst/gen_gtwizard_gthe3_top.eth_xcvr_gth_full_gtwizard_gthe3_inst/gen_gtwizard_gthe3.gen_rx_user_clocking_internal.gen_single_instance.gtwiz_userclk_rx_inst/gen_gtwiz_userclk_rx_main.bufg_gt_usrclk2_inst/O
    X3Y3 (CLOCK_ROOT)    net (fo=3729, routed)        1.018     1.183    ila_inst/inst/ila_core_inst/u_trig/N_DDR_TC.N_DDR_TC_INST[0].U_TC/allx_typeA_match_detection.ltlib_v1_0_0_allx_typeA_inst/DUT/I_WHOLE_SLICE.G_SLICE_IDX[0].U_ALL_SRL_SLICE/u_srlC/CLK
    SLICE_X81Y145        SRL16E                                       r  ila_inst/inst/ila_core_inst/u_trig/N_DDR_TC.N_DDR_TC_INST[0].U_TC/allx_typeA_match_detection.ltlib_v1_0_0_allx_typeA_inst/DUT/I_WHOLE_SLICE.G_SLICE_IDX[0].U_ALL_SRL_SLICE/u_srlC/S2/CLK
                         clock pessimism             -0.203     0.980    
    SLICE_X81Y145        SRL16E (Hold_C5LUT_SLICEM_CLK_D)
                                                      0.123     1.103    ila_inst/inst/ila_core_inst/u_trig/N_DDR_TC.N_DDR_TC_INST[0].U_TC/allx_typeA_match_detection.ltlib_v1_0_0_allx_typeA_inst/DUT/I_WHOLE_SLICE.G_SLICE_IDX[0].U_ALL_SRL_SLICE/u_srlC/S2
  -------------------------------------------------------------------
                         required time                         -1.103    
                         arrival time                           1.116    
  -------------------------------------------------------------------
                         slack                                  0.013    





Pulse Width Checks
--------------------------------------------------------------------------------------
Clock Name:         gtwiz_userclk_rx_usrclk2_int
Waveform(ns):       { 0.000 3.200 }
Period(ns):         6.400
Sources:            { example_wrapper_inst/eth_xcvr_gth_full_inst/inst/gen_gtwizard_gthe3_top.eth_xcvr_gth_full_gtwizard_gthe3_inst/gen_gtwizard_gthe3.gen_rx_user_clocking_internal.gen_single_instance.gtwiz_userclk_rx_inst/gen_gtwiz_userclk_rx_main.bufg_gt_usrclk2_inst/O }

Check Type        Corner  Lib Pin                  Reference Pin           Required(ns)  Actual(ns)  Slack(ns)  Location             Pin
Min Period        n/a     RAMB36E2/CLKARDCLK       n/a                     1.961         6.400       4.439      RAMB36_X9Y29         ila_xgmii_rx_inst/inst/ila_core_inst/ila_trace_memory_inst/SUBCORE_RAM_BLK_MEM_1.trace_block_memory/inst_blk_mem_gen/gnbram.gnativebmg.native_blk_mem_gen/valid.cstr/ramloop[2].ram.r/prim_noinit.ram/DEVICE_8SERIES.NO_BMM_INFO.SDP.SIMPLE_PRIM36.ram/CLKARDCLK
Min Period        n/a     RAMB36E2/CLKBWRCLK       n/a                     1.961         6.400       4.439      RAMB36_X9Y29         ila_xgmii_rx_inst/inst/ila_core_inst/ila_trace_memory_inst/SUBCORE_RAM_BLK_MEM_1.trace_block_memory/inst_blk_mem_gen/gnbram.gnativebmg.native_blk_mem_gen/valid.cstr/ramloop[2].ram.r/prim_noinit.ram/DEVICE_8SERIES.NO_BMM_INFO.SDP.SIMPLE_PRIM36.ram/CLKBWRCLK
Min Period        n/a     RAMB18E2/CLKARDCLK       n/a                     1.961         6.400       4.439      RAMB18_X9Y60         ila_xgmii_rx_inst/inst/ila_core_inst/ila_trace_memory_inst/SUBCORE_RAM_BLK_MEM_1.trace_block_memory/inst_blk_mem_gen/gnbram.gnativebmg.native_blk_mem_gen/valid.cstr/ramloop[0].ram.r/prim_noinit.ram/DEVICE_8SERIES.NO_BMM_INFO.SDP.SIMPLE_PRIM18.ram/CLKARDCLK
Min Period        n/a     RAMB18E2/CLKBWRCLK       n/a                     1.961         6.400       4.439      RAMB18_X9Y60         ila_xgmii_rx_inst/inst/ila_core_inst/ila_trace_memory_inst/SUBCORE_RAM_BLK_MEM_1.trace_block_memory/inst_blk_mem_gen/gnbram.gnativebmg.native_blk_mem_gen/valid.cstr/ramloop[0].ram.r/prim_noinit.ram/DEVICE_8SERIES.NO_BMM_INFO.SDP.SIMPLE_PRIM18.ram/CLKBWRCLK
Min Period        n/a     RAMB36E2/CLKARDCLK       n/a                     1.961         6.400       4.439      RAMB36_X9Y31         ila_xgmii_rx_inst/inst/ila_core_inst/ila_trace_memory_inst/SUBCORE_RAM_BLK_MEM_1.trace_block_memory/inst_blk_mem_gen/gnbram.gnativebmg.native_blk_mem_gen/valid.cstr/ramloop[1].ram.r/prim_noinit.ram/DEVICE_8SERIES.NO_BMM_INFO.SDP.SIMPLE_PRIM36.ram/CLKARDCLK
Min Period        n/a     RAMB36E2/CLKBWRCLK       n/a                     1.961         6.400       4.439      RAMB36_X9Y31         ila_xgmii_rx_inst/inst/ila_core_inst/ila_trace_memory_inst/SUBCORE_RAM_BLK_MEM_1.trace_block_memory/inst_blk_mem_gen/gnbram.gnativebmg.native_blk_mem_gen/valid.cstr/ramloop[1].ram.r/prim_noinit.ram/DEVICE_8SERIES.NO_BMM_INFO.SDP.SIMPLE_PRIM36.ram/CLKBWRCLK
Min Period        n/a     RAMB18E2/CLKBWRCLK       n/a                     1.961         6.400       4.439      RAMB18_X9Y56         ila_inst/inst/ila_core_inst/ila_trace_memory_inst/SUBCORE_RAM_BLK_MEM_1.trace_block_memory/inst_blk_mem_gen/gnbram.gnativebmg.native_blk_mem_gen/valid.cstr/ramloop[0].ram.r/prim_noinit.ram/DEVICE_8SERIES.NO_BMM_INFO.SDP.SIMPLE_PRIM18.ram/CLKBWRCLK
Min Period        n/a     RAMD32/CLK               n/a                     1.336         6.400       5.064      SLICE_X94Y118        dbg_hub/inst/BSCANID.u_xsdbm_id/CORE_XSDB.UUT_MASTER/U_ICON_INTERFACE/U_CMD6_RD/U_RD_FIFO/SUBCORE_FIFO.xsdbm_v3_0_0_rdfifo_inst/inst_fifo_gen/gconvfifo.rf/grf.rf/gntv_or_sync_fifo.mem/gdm.dm_gen.dm/RAM_reg_0_15_0_13/RAMA/CLK
Min Period        n/a     RAMD32/CLK               n/a                     1.336         6.400       5.064      SLICE_X94Y118        dbg_hub/inst/BSCANID.u_xsdbm_id/CORE_XSDB.UUT_MASTER/U_ICON_INTERFACE/U_CMD6_RD/U_RD_FIFO/SUBCORE_FIFO.xsdbm_v3_0_0_rdfifo_inst/inst_fifo_gen/gconvfifo.rf/grf.rf/gntv_or_sync_fifo.mem/gdm.dm_gen.dm/RAM_reg_0_15_0_13/RAMA_D1/CLK
Min Period        n/a     RAMD32/CLK               n/a                     1.336         6.400       5.064      SLICE_X94Y118        dbg_hub/inst/BSCANID.u_xsdbm_id/CORE_XSDB.UUT_MASTER/U_ICON_INTERFACE/U_CMD6_RD/U_RD_FIFO/SUBCORE_FIFO.xsdbm_v3_0_0_rdfifo_inst/inst_fifo_gen/gconvfifo.rf/grf.rf/gntv_or_sync_fifo.mem/gdm.dm_gen.dm/RAM_reg_0_15_0_13/RAMB/CLK
Low Pulse Width   Slow    RAMB36E2/CLKBWRCLK       n/a                     0.980         3.200       2.220      RAMB36_X9Y29         ila_xgmii_rx_inst/inst/ila_core_inst/ila_trace_memory_inst/SUBCORE_RAM_BLK_MEM_1.trace_block_memory/inst_blk_mem_gen/gnbram.gnativebmg.native_blk_mem_gen/valid.cstr/ramloop[2].ram.r/prim_noinit.ram/DEVICE_8SERIES.NO_BMM_INFO.SDP.SIMPLE_PRIM36.ram/CLKBWRCLK
Low Pulse Width   Fast    RAMB18E2/CLKARDCLK       n/a                     0.980         3.200       2.220      RAMB18_X9Y60         ila_xgmii_rx_inst/inst/ila_core_inst/ila_trace_memory_inst/SUBCORE_RAM_BLK_MEM_1.trace_block_memory/inst_blk_mem_gen/gnbram.gnativebmg.native_blk_mem_gen/valid.cstr/ramloop[0].ram.r/prim_noinit.ram/DEVICE_8SERIES.NO_BMM_INFO.SDP.SIMPLE_PRIM18.ram/CLKARDCLK
Low Pulse Width   Slow    RAMB18E2/CLKBWRCLK       n/a                     0.980         3.200       2.220      RAMB18_X9Y60         ila_xgmii_rx_inst/inst/ila_core_inst/ila_trace_memory_inst/SUBCORE_RAM_BLK_MEM_1.trace_block_memory/inst_blk_mem_gen/gnbram.gnativebmg.native_blk_mem_gen/valid.cstr/ramloop[0].ram.r/prim_noinit.ram/DEVICE_8SERIES.NO_BMM_INFO.SDP.SIMPLE_PRIM18.ram/CLKBWRCLK
Low Pulse Width   Fast    RAMB18E2/CLKBWRCLK       n/a                     0.980         3.200       2.220      RAMB18_X9Y60         ila_xgmii_rx_inst/inst/ila_core_inst/ila_trace_memory_inst/SUBCORE_RAM_BLK_MEM_1.trace_block_memory/inst_blk_mem_gen/gnbram.gnativebmg.native_blk_mem_gen/valid.cstr/ramloop[0].ram.r/prim_noinit.ram/DEVICE_8SERIES.NO_BMM_INFO.SDP.SIMPLE_PRIM18.ram/CLKBWRCLK
Low Pulse Width   Fast    RAMB36E2/CLKARDCLK       n/a                     0.980         3.200       2.220      RAMB36_X9Y31         ila_xgmii_rx_inst/inst/ila_core_inst/ila_trace_memory_inst/SUBCORE_RAM_BLK_MEM_1.trace_block_memory/inst_blk_mem_gen/gnbram.gnativebmg.native_blk_mem_gen/valid.cstr/ramloop[1].ram.r/prim_noinit.ram/DEVICE_8SERIES.NO_BMM_INFO.SDP.SIMPLE_PRIM36.ram/CLKARDCLK
Low Pulse Width   Slow    RAMB36E2/CLKARDCLK       n/a                     0.980         3.200       2.220      RAMB36_X9Y29         ila_xgmii_rx_inst/inst/ila_core_inst/ila_trace_memory_inst/SUBCORE_RAM_BLK_MEM_1.trace_block_memory/inst_blk_mem_gen/gnbram.gnativebmg.native_blk_mem_gen/valid.cstr/ramloop[2].ram.r/prim_noinit.ram/DEVICE_8SERIES.NO_BMM_INFO.SDP.SIMPLE_PRIM36.ram/CLKARDCLK
Low Pulse Width   Fast    RAMB36E2/CLKARDCLK       n/a                     0.980         3.200       2.220      RAMB36_X9Y29         ila_xgmii_rx_inst/inst/ila_core_inst/ila_trace_memory_inst/SUBCORE_RAM_BLK_MEM_1.trace_block_memory/inst_blk_mem_gen/gnbram.gnativebmg.native_blk_mem_gen/valid.cstr/ramloop[2].ram.r/prim_noinit.ram/DEVICE_8SERIES.NO_BMM_INFO.SDP.SIMPLE_PRIM36.ram/CLKARDCLK
Low Pulse Width   Fast    RAMB36E2/CLKBWRCLK       n/a                     0.980         3.200       2.220      RAMB36_X9Y29         ila_xgmii_rx_inst/inst/ila_core_inst/ila_trace_memory_inst/SUBCORE_RAM_BLK_MEM_1.trace_block_memory/inst_blk_mem_gen/gnbram.gnativebmg.native_blk_mem_gen/valid.cstr/ramloop[2].ram.r/prim_noinit.ram/DEVICE_8SERIES.NO_BMM_INFO.SDP.SIMPLE_PRIM36.ram/CLKBWRCLK
Low Pulse Width   Slow    RAMB18E2/CLKARDCLK       n/a                     0.980         3.200       2.220      RAMB18_X9Y60         ila_xgmii_rx_inst/inst/ila_core_inst/ila_trace_memory_inst/SUBCORE_RAM_BLK_MEM_1.trace_block_memory/inst_blk_mem_gen/gnbram.gnativebmg.native_blk_mem_gen/valid.cstr/ramloop[0].ram.r/prim_noinit.ram/DEVICE_8SERIES.NO_BMM_INFO.SDP.SIMPLE_PRIM18.ram/CLKARDCLK
Low Pulse Width   Slow    RAMB36E2/CLKARDCLK       n/a                     0.980         3.200       2.220      RAMB36_X9Y31         ila_xgmii_rx_inst/inst/ila_core_inst/ila_trace_memory_inst/SUBCORE_RAM_BLK_MEM_1.trace_block_memory/inst_blk_mem_gen/gnbram.gnativebmg.native_blk_mem_gen/valid.cstr/ramloop[1].ram.r/prim_noinit.ram/DEVICE_8SERIES.NO_BMM_INFO.SDP.SIMPLE_PRIM36.ram/CLKARDCLK
High Pulse Width  Slow    RAMB18E2/CLKARDCLK       n/a                     0.980         3.200       2.220      RAMB18_X9Y60         ila_xgmii_rx_inst/inst/ila_core_inst/ila_trace_memory_inst/SUBCORE_RAM_BLK_MEM_1.trace_block_memory/inst_blk_mem_gen/gnbram.gnativebmg.native_blk_mem_gen/valid.cstr/ramloop[0].ram.r/prim_noinit.ram/DEVICE_8SERIES.NO_BMM_INFO.SDP.SIMPLE_PRIM18.ram/CLKARDCLK
High Pulse Width  Fast    RAMB18E2/CLKBWRCLK       n/a                     0.980         3.200       2.220      RAMB18_X9Y60         ila_xgmii_rx_inst/inst/ila_core_inst/ila_trace_memory_inst/SUBCORE_RAM_BLK_MEM_1.trace_block_memory/inst_blk_mem_gen/gnbram.gnativebmg.native_blk_mem_gen/valid.cstr/ramloop[0].ram.r/prim_noinit.ram/DEVICE_8SERIES.NO_BMM_INFO.SDP.SIMPLE_PRIM18.ram/CLKBWRCLK
High Pulse Width  Fast    RAMB36E2/CLKBWRCLK       n/a                     0.980         3.200       2.220      RAMB36_X9Y31         ila_xgmii_rx_inst/inst/ila_core_inst/ila_trace_memory_inst/SUBCORE_RAM_BLK_MEM_1.trace_block_memory/inst_blk_mem_gen/gnbram.gnativebmg.native_blk_mem_gen/valid.cstr/ramloop[1].ram.r/prim_noinit.ram/DEVICE_8SERIES.NO_BMM_INFO.SDP.SIMPLE_PRIM36.ram/CLKBWRCLK
High Pulse Width  Slow    RAMB36E2/CLKARDCLK       n/a                     0.980         3.200       2.220      RAMB36_X9Y29         ila_xgmii_rx_inst/inst/ila_core_inst/ila_trace_memory_inst/SUBCORE_RAM_BLK_MEM_1.trace_block_memory/inst_blk_mem_gen/gnbram.gnativebmg.native_blk_mem_gen/valid.cstr/ramloop[2].ram.r/prim_noinit.ram/DEVICE_8SERIES.NO_BMM_INFO.SDP.SIMPLE_PRIM36.ram/CLKARDCLK
High Pulse Width  Fast    RAMB36E2/CLKARDCLK       n/a                     0.980         3.200       2.220      RAMB36_X9Y29         ila_xgmii_rx_inst/inst/ila_core_inst/ila_trace_memory_inst/SUBCORE_RAM_BLK_MEM_1.trace_block_memory/inst_blk_mem_gen/gnbram.gnativebmg.native_blk_mem_gen/valid.cstr/ramloop[2].ram.r/prim_noinit.ram/DEVICE_8SERIES.NO_BMM_INFO.SDP.SIMPLE_PRIM36.ram/CLKARDCLK
High Pulse Width  Slow    RAMB36E2/CLKBWRCLK       n/a                     0.980         3.200       2.220      RAMB36_X9Y29         ila_xgmii_rx_inst/inst/ila_core_inst/ila_trace_memory_inst/SUBCORE_RAM_BLK_MEM_1.trace_block_memory/inst_blk_mem_gen/gnbram.gnativebmg.native_blk_mem_gen/valid.cstr/ramloop[2].ram.r/prim_noinit.ram/DEVICE_8SERIES.NO_BMM_INFO.SDP.SIMPLE_PRIM36.ram/CLKBWRCLK
High Pulse Width  Fast    RAMB36E2/CLKBWRCLK       n/a                     0.980         3.200       2.220      RAMB36_X9Y29         ila_xgmii_rx_inst/inst/ila_core_inst/ila_trace_memory_inst/SUBCORE_RAM_BLK_MEM_1.trace_block_memory/inst_blk_mem_gen/gnbram.gnativebmg.native_blk_mem_gen/valid.cstr/ramloop[2].ram.r/prim_noinit.ram/DEVICE_8SERIES.NO_BMM_INFO.SDP.SIMPLE_PRIM36.ram/CLKBWRCLK
High Pulse Width  Fast    RAMB18E2/CLKARDCLK       n/a                     0.980         3.200       2.220      RAMB18_X9Y60         ila_xgmii_rx_inst/inst/ila_core_inst/ila_trace_memory_inst/SUBCORE_RAM_BLK_MEM_1.trace_block_memory/inst_blk_mem_gen/gnbram.gnativebmg.native_blk_mem_gen/valid.cstr/ramloop[0].ram.r/prim_noinit.ram/DEVICE_8SERIES.NO_BMM_INFO.SDP.SIMPLE_PRIM18.ram/CLKARDCLK
High Pulse Width  Slow    RAMB18E2/CLKBWRCLK       n/a                     0.980         3.200       2.220      RAMB18_X9Y60         ila_xgmii_rx_inst/inst/ila_core_inst/ila_trace_memory_inst/SUBCORE_RAM_BLK_MEM_1.trace_block_memory/inst_blk_mem_gen/gnbram.gnativebmg.native_blk_mem_gen/valid.cstr/ramloop[0].ram.r/prim_noinit.ram/DEVICE_8SERIES.NO_BMM_INFO.SDP.SIMPLE_PRIM18.ram/CLKBWRCLK
High Pulse Width  Slow    RAMB36E2/CLKARDCLK       n/a                     0.980         3.200       2.220      RAMB36_X9Y31         ila_xgmii_rx_inst/inst/ila_core_inst/ila_trace_memory_inst/SUBCORE_RAM_BLK_MEM_1.trace_block_memory/inst_blk_mem_gen/gnbram.gnativebmg.native_blk_mem_gen/valid.cstr/ramloop[1].ram.r/prim_noinit.ram/DEVICE_8SERIES.NO_BMM_INFO.SDP.SIMPLE_PRIM36.ram/CLKARDCLK
Max Skew          Slow    GTHE3_CHANNEL/RXUSRCLK2  GTHE3_CHANNEL/RXUSRCLK  1.005         0.446       0.559      GTHE3_CHANNEL_X0Y12  example_wrapper_inst/eth_xcvr_gth_full_inst/inst/gen_gtwizard_gthe3_top.eth_xcvr_gth_full_gtwizard_gthe3_inst/gen_gtwizard_gthe3.gen_channel_container[0].gen_enabled_channel.gthe3_channel_wrapper_inst/channel_inst/gthe3_channel_gen.gen_gthe3_channel_inst[0].GTHE3_CHANNEL_PRIM_INST/RXUSRCLK2
Max Skew          Fast    GTHE3_CHANNEL/RXUSRCLK2  GTHE3_CHANNEL/RXUSRCLK  0.882         0.268       0.614      GTHE3_CHANNEL_X0Y12  example_wrapper_inst/eth_xcvr_gth_full_inst/inst/gen_gtwizard_gthe3_top.eth_xcvr_gth_full_gtwizard_gthe3_inst/gen_gtwizard_gthe3.gen_channel_container[0].gen_enabled_channel.gthe3_channel_wrapper_inst/channel_inst/gthe3_channel_gen.gen_gthe3_channel_inst[0].GTHE3_CHANNEL_PRIM_INST/RXUSRCLK2



---------------------------------------------------------------------------------------------------
From Clock:  txoutclk_out[0]
  To Clock:  txoutclk_out[0]

Setup :           NA  Failing Endpoints,  Worst Slack           NA  ,  Total Violation           NA
Hold  :           NA  Failing Endpoints,  Worst Slack           NA  ,  Total Violation           NA
PW    :            0  Failing Endpoints,  Worst Slack        0.259ns,  Total Violation        0.000ns
---------------------------------------------------------------------------------------------------


Pulse Width Checks
--------------------------------------------------------------------------------------
Clock Name:         txoutclk_out[0]
Waveform(ns):       { 0.000 1.600 }
Period(ns):         3.200
Sources:            { example_wrapper_inst/eth_xcvr_gth_full_inst/inst/gen_gtwizard_gthe3_top.eth_xcvr_gth_full_gtwizard_gthe3_inst/gen_gtwizard_gthe3.gen_channel_container[0].gen_enabled_channel.gthe3_channel_wrapper_inst/channel_inst/gthe3_channel_gen.gen_gthe3_channel_inst[0].GTHE3_CHANNEL_PRIM_INST/TXOUTCLK }

Check Type  Corner  Lib Pin                 Reference Pin            Required(ns)  Actual(ns)  Slack(ns)  Location             Pin
Min Period  n/a     BUFG_GT/I               n/a                      1.379         3.200       1.821      BUFG_GT_X0Y84        example_wrapper_inst/eth_xcvr_gth_full_inst/inst/gen_gtwizard_gthe3_top.eth_xcvr_gth_full_gtwizard_gthe3_inst/gen_gtwizard_gthe3.gen_tx_user_clocking_internal.gen_single_instance.gtwiz_userclk_tx_inst/gen_gtwiz_userclk_tx_main.bufg_gt_usrclk2_inst/I
Min Period  n/a     BUFG_GT/I               n/a                      1.379         3.200       1.821      BUFG_GT_X0Y85        example_wrapper_inst/eth_xcvr_gth_full_inst/inst/gen_gtwizard_gthe3_top.eth_xcvr_gth_full_gtwizard_gthe3_inst/gen_gtwizard_gthe3.gen_tx_user_clocking_internal.gen_single_instance.gtwiz_userclk_tx_inst/gen_gtwiz_userclk_tx_main.bufg_gt_usrclk_inst/I
Max Skew    Slow    GTHE3_CHANNEL/TXUSRCLK  GTHE3_CHANNEL/TXUSRCLK2  0.516         0.257       0.259      GTHE3_CHANNEL_X0Y12  example_wrapper_inst/eth_xcvr_gth_full_inst/inst/gen_gtwizard_gthe3_top.eth_xcvr_gth_full_gtwizard_gthe3_inst/gen_gtwizard_gthe3.gen_channel_container[0].gen_enabled_channel.gthe3_channel_wrapper_inst/channel_inst/gthe3_channel_gen.gen_gthe3_channel_inst[0].GTHE3_CHANNEL_PRIM_INST/TXUSRCLK
Max Skew    Fast    GTHE3_CHANNEL/TXUSRCLK  GTHE3_CHANNEL/TXUSRCLK2  0.520         0.181       0.339      GTHE3_CHANNEL_X0Y12  example_wrapper_inst/eth_xcvr_gth_full_inst/inst/gen_gtwizard_gthe3_top.eth_xcvr_gth_full_gtwizard_gthe3_inst/gen_gtwizard_gthe3.gen_channel_container[0].gen_enabled_channel.gthe3_channel_wrapper_inst/channel_inst/gthe3_channel_gen.gen_gthe3_channel_inst[0].GTHE3_CHANNEL_PRIM_INST/TXUSRCLK



---------------------------------------------------------------------------------------------------
From Clock:  gtwiz_userclk_tx_usrclk2_int
  To Clock:  gtwiz_userclk_tx_usrclk2_int

Setup :            0  Failing Endpoints,  Worst Slack        5.016ns,  Total Violation        0.000ns
Hold  :            0  Failing Endpoints,  Worst Slack        0.030ns,  Total Violation        0.000ns
PW    :            0  Failing Endpoints,  Worst Slack        0.288ns,  Total Violation        0.000ns
---------------------------------------------------------------------------------------------------


Max Delay Paths
--------------------------------------------------------------------------------------
Slack (MET) :             5.016ns  (required time - arrival time)
  Source:                 phy_inst/eth_phy_10g_tx_inst/eth_phy_10g_tx_if_inst/scrambler_state_reg_reg[27]/C
                            (rising edge-triggered cell FDRE clocked by gtwiz_userclk_tx_usrclk2_int  {rise@0.000ns fall@3.200ns period=6.400ns})
  Destination:            phy_inst/eth_phy_10g_tx_inst/eth_phy_10g_tx_if_inst/serdes_tx_data_reg_reg[8]/D
                            (rising edge-triggered cell FDRE clocked by gtwiz_userclk_tx_usrclk2_int  {rise@0.000ns fall@3.200ns period=6.400ns})
  Path Group:             gtwiz_userclk_tx_usrclk2_int
  Path Type:              Setup (Max at Slow Process Corner)
  Requirement:            6.400ns  (gtwiz_userclk_tx_usrclk2_int rise@6.400ns - gtwiz_userclk_tx_usrclk2_int rise@0.000ns)
  Data Path Delay:        1.287ns  (logic 0.329ns (25.563%)  route 0.958ns (74.437%))
  Logic Levels:           1  (LUT2=1)
  Clock Path Skew:        -0.122ns (DCD - SCD + CPR)
    Destination Clock Delay (DCD):    1.863ns = ( 8.263 - 6.400 ) 
    Source Clock Delay      (SCD):    2.145ns
    Clock Pessimism Removal (CPR):    0.160ns
  Clock Uncertainty:      0.035ns  ((TSJ^2 + TIJ^2)^1/2 + DJ) / 2 + PE
    Total System Jitter     (TSJ):    0.071ns
    Total Input Jitter      (TIJ):    0.000ns
    Discrete Jitter          (DJ):    0.000ns
    Phase Error              (PE):    0.000ns
  Clock Net Delay (Source):      1.748ns (routing 0.311ns, distribution 1.437ns)
  Clock Net Delay (Destination): 1.534ns (routing 0.278ns, distribution 1.256ns)

    Location             Delay type                Incr(ns)  Path(ns)    Netlist Resource(s)
  -------------------------------------------------------------------    -------------------
                         (clock gtwiz_userclk_tx_usrclk2_int rise edge)
                                                      0.000     0.000 r  
    GTHE3_CHANNEL_X0Y12  GTHE3_CHANNEL                0.000     0.000 r  example_wrapper_inst/eth_xcvr_gth_full_inst/inst/gen_gtwizard_gthe3_top.eth_xcvr_gth_full_gtwizard_gthe3_inst/gen_gtwizard_gthe3.gen_channel_container[0].gen_enabled_channel.gthe3_channel_wrapper_inst/channel_inst/gthe3_channel_gen.gen_gthe3_channel_inst[0].GTHE3_CHANNEL_PRIM_INST/TXOUTCLK
                         net (fo=3, routed)           0.082     0.082    example_wrapper_inst/eth_xcvr_gth_full_inst/inst/gen_gtwizard_gthe3_top.eth_xcvr_gth_full_gtwizard_gthe3_inst/gen_gtwizard_gthe3.gen_tx_user_clocking_internal.gen_single_instance.gtwiz_userclk_tx_inst/txoutclk_out[0]
    BUFG_GT_X0Y84        BUFG_GT (Prop_BUFG_GT_I_O)
                                                      0.315     0.397 r  example_wrapper_inst/eth_xcvr_gth_full_inst/inst/gen_gtwizard_gthe3_top.eth_xcvr_gth_full_gtwizard_gthe3_inst/gen_gtwizard_gthe3.gen_tx_user_clocking_internal.gen_single_instance.gtwiz_userclk_tx_inst/gen_gtwiz_userclk_tx_main.bufg_gt_usrclk2_inst/O
    X3Y3 (CLOCK_ROOT)    net (fo=136, routed)         1.748     2.145    phy_inst/eth_phy_10g_tx_inst/eth_phy_10g_tx_if_inst/tx_clk
    SLICE_X99Y187        FDRE                                         r  phy_inst/eth_phy_10g_tx_inst/eth_phy_10g_tx_if_inst/scrambler_state_reg_reg[27]/C
  -------------------------------------------------------------------    -------------------
    SLICE_X99Y187        FDRE (Prop_EFF2_SLICEL_C_Q)
                                                      0.116     2.261 r  phy_inst/eth_phy_10g_tx_inst/eth_phy_10g_tx_if_inst/scrambler_state_reg_reg[27]/Q
                         net (fo=3, routed)           0.172     2.433    phy_inst/eth_phy_10g_tx_inst/eth_phy_10g_tx_if_inst/scrambler_state_reg_0[27]
    SLICE_X100Y187       LUT2 (Prop_G5LUT_SLICEM_I1_O)
                                                      0.213     2.646 r  phy_inst/eth_phy_10g_tx_inst/eth_phy_10g_tx_if_inst/serdes_tx_data_reg[8]_i_1/O
                         net (fo=2, routed)           0.786     3.432    phy_inst/eth_phy_10g_tx_inst/eth_phy_10g_tx_if_inst/scrambled_data[8]
    SLICE_X100Y187       FDRE                                         r  phy_inst/eth_phy_10g_tx_inst/eth_phy_10g_tx_if_inst/serdes_tx_data_reg_reg[8]/D
  -------------------------------------------------------------------    -------------------

                         (clock gtwiz_userclk_tx_usrclk2_int rise edge)
                                                      6.400     6.400 r  
    GTHE3_CHANNEL_X0Y12  GTHE3_CHANNEL                0.000     6.400 r  example_wrapper_inst/eth_xcvr_gth_full_inst/inst/gen_gtwizard_gthe3_top.eth_xcvr_gth_full_gtwizard_gthe3_inst/gen_gtwizard_gthe3.gen_channel_container[0].gen_enabled_channel.gthe3_channel_wrapper_inst/channel_inst/gthe3_channel_gen.gen_gthe3_channel_inst[0].GTHE3_CHANNEL_PRIM_INST/TXOUTCLK
                         net (fo=3, routed)           0.046     6.446    example_wrapper_inst/eth_xcvr_gth_full_inst/inst/gen_gtwizard_gthe3_top.eth_xcvr_gth_full_gtwizard_gthe3_inst/gen_gtwizard_gthe3.gen_tx_user_clocking_internal.gen_single_instance.gtwiz_userclk_tx_inst/txoutclk_out[0]
    BUFG_GT_X0Y84        BUFG_GT (Prop_BUFG_GT_I_O)
                                                      0.283     6.729 r  example_wrapper_inst/eth_xcvr_gth_full_inst/inst/gen_gtwizard_gthe3_top.eth_xcvr_gth_full_gtwizard_gthe3_inst/gen_gtwizard_gthe3.gen_tx_user_clocking_internal.gen_single_instance.gtwiz_userclk_tx_inst/gen_gtwiz_userclk_tx_main.bufg_gt_usrclk2_inst/O
    X3Y3 (CLOCK_ROOT)    net (fo=136, routed)         1.534     8.263    phy_inst/eth_phy_10g_tx_inst/eth_phy_10g_tx_if_inst/tx_clk
    SLICE_X100Y187       FDRE                                         r  phy_inst/eth_phy_10g_tx_inst/eth_phy_10g_tx_if_inst/serdes_tx_data_reg_reg[8]/C
                         clock pessimism              0.160     8.423    
                         clock uncertainty           -0.035     8.388    
    SLICE_X100Y187       FDRE (Setup_HFF2_SLICEM_C_D)
                                                      0.060     8.448    phy_inst/eth_phy_10g_tx_inst/eth_phy_10g_tx_if_inst/serdes_tx_data_reg_reg[8]
  -------------------------------------------------------------------
                         required time                          8.448    
                         arrival time                          -3.432    
  -------------------------------------------------------------------
                         slack                                  5.016    

Slack (MET) :             5.055ns  (required time - arrival time)
  Source:                 phy_inst/eth_phy_10g_tx_inst/eth_phy_10g_tx_if_inst/scrambler_state_reg_reg[35]/C
                            (rising edge-triggered cell FDRE clocked by gtwiz_userclk_tx_usrclk2_int  {rise@0.000ns fall@3.200ns period=6.400ns})
  Destination:            phy_inst/eth_phy_10g_tx_inst/eth_phy_10g_tx_if_inst/scrambler_state_reg_reg[10]/D
                            (rising edge-triggered cell FDRE clocked by gtwiz_userclk_tx_usrclk2_int  {rise@0.000ns fall@3.200ns period=6.400ns})
  Path Group:             gtwiz_userclk_tx_usrclk2_int
  Path Type:              Setup (Max at Slow Process Corner)
  Requirement:            6.400ns  (gtwiz_userclk_tx_usrclk2_int rise@6.400ns - gtwiz_userclk_tx_usrclk2_int rise@0.000ns)
  Data Path Delay:        1.218ns  (logic 0.187ns (15.353%)  route 1.031ns (84.647%))
  Logic Levels:           1  (LUT2=1)
  Clock Path Skew:        -0.152ns (DCD - SCD + CPR)
    Destination Clock Delay (DCD):    1.863ns = ( 8.263 - 6.400 ) 
    Source Clock Delay      (SCD):    2.175ns
    Clock Pessimism Removal (CPR):    0.160ns
  Clock Uncertainty:      0.035ns  ((TSJ^2 + TIJ^2)^1/2 + DJ) / 2 + PE
    Total System Jitter     (TSJ):    0.071ns
    Total Input Jitter      (TIJ):    0.000ns
    Discrete Jitter          (DJ):    0.000ns
    Phase Error              (PE):    0.000ns
  Clock Net Delay (Source):      1.778ns (routing 0.311ns, distribution 1.467ns)
  Clock Net Delay (Destination): 1.534ns (routing 0.278ns, distribution 1.256ns)

    Location             Delay type                Incr(ns)  Path(ns)    Netlist Resource(s)
  -------------------------------------------------------------------    -------------------
                         (clock gtwiz_userclk_tx_usrclk2_int rise edge)
                                                      0.000     0.000 r  
    GTHE3_CHANNEL_X0Y12  GTHE3_CHANNEL                0.000     0.000 r  example_wrapper_inst/eth_xcvr_gth_full_inst/inst/gen_gtwizard_gthe3_top.eth_xcvr_gth_full_gtwizard_gthe3_inst/gen_gtwizard_gthe3.gen_channel_container[0].gen_enabled_channel.gthe3_channel_wrapper_inst/channel_inst/gthe3_channel_gen.gen_gthe3_channel_inst[0].GTHE3_CHANNEL_PRIM_INST/TXOUTCLK
                         net (fo=3, routed)           0.082     0.082    example_wrapper_inst/eth_xcvr_gth_full_inst/inst/gen_gtwizard_gthe3_top.eth_xcvr_gth_full_gtwizard_gthe3_inst/gen_gtwizard_gthe3.gen_tx_user_clocking_internal.gen_single_instance.gtwiz_userclk_tx_inst/txoutclk_out[0]
    BUFG_GT_X0Y84        BUFG_GT (Prop_BUFG_GT_I_O)
                                                      0.315     0.397 r  example_wrapper_inst/eth_xcvr_gth_full_inst/inst/gen_gtwizard_gthe3_top.eth_xcvr_gth_full_gtwizard_gthe3_inst/gen_gtwizard_gthe3.gen_tx_user_clocking_internal.gen_single_instance.gtwiz_userclk_tx_inst/gen_gtwiz_userclk_tx_main.bufg_gt_usrclk2_inst/O
    X3Y3 (CLOCK_ROOT)    net (fo=136, routed)         1.778     2.175    phy_inst/eth_phy_10g_tx_inst/eth_phy_10g_tx_if_inst/tx_clk
    SLICE_X99Y186        FDRE                                         r  phy_inst/eth_phy_10g_tx_inst/eth_phy_10g_tx_if_inst/scrambler_state_reg_reg[35]/C
  -------------------------------------------------------------------    -------------------
    SLICE_X99Y186        FDRE (Prop_BFF_SLICEL_C_Q)
                                                      0.113     2.288 r  phy_inst/eth_phy_10g_tx_inst/eth_phy_10g_tx_if_inst/scrambler_state_reg_reg[35]/Q
                         net (fo=3, routed)           0.297     2.585    phy_inst/eth_phy_10g_tx_inst/eth_phy_10g_tx_if_inst/scrambler_state_reg_0[35]
    SLICE_X100Y185       LUT2 (Prop_D6LUT_SLICEM_I1_O)
                                                      0.074     2.659 r  phy_inst/eth_phy_10g_tx_inst/eth_phy_10g_tx_if_inst/serdes_tx_data_reg[16]_i_1/O
                         net (fo=2, routed)           0.734     3.393    phy_inst/eth_phy_10g_tx_inst/eth_phy_10g_tx_if_inst/scrambled_data[16]
    SLICE_X100Y186       FDRE                                         r  phy_inst/eth_phy_10g_tx_inst/eth_phy_10g_tx_if_inst/scrambler_state_reg_reg[10]/D
  -------------------------------------------------------------------    -------------------

                         (clock gtwiz_userclk_tx_usrclk2_int rise edge)
                                                      6.400     6.400 r  
    GTHE3_CHANNEL_X0Y12  GTHE3_CHANNEL                0.000     6.400 r  example_wrapper_inst/eth_xcvr_gth_full_inst/inst/gen_gtwizard_gthe3_top.eth_xcvr_gth_full_gtwizard_gthe3_inst/gen_gtwizard_gthe3.gen_channel_container[0].gen_enabled_channel.gthe3_channel_wrapper_inst/channel_inst/gthe3_channel_gen.gen_gthe3_channel_inst[0].GTHE3_CHANNEL_PRIM_INST/TXOUTCLK
                         net (fo=3, routed)           0.046     6.446    example_wrapper_inst/eth_xcvr_gth_full_inst/inst/gen_gtwizard_gthe3_top.eth_xcvr_gth_full_gtwizard_gthe3_inst/gen_gtwizard_gthe3.gen_tx_user_clocking_internal.gen_single_instance.gtwiz_userclk_tx_inst/txoutclk_out[0]
    BUFG_GT_X0Y84        BUFG_GT (Prop_BUFG_GT_I_O)
                                                      0.283     6.729 r  example_wrapper_inst/eth_xcvr_gth_full_inst/inst/gen_gtwizard_gthe3_top.eth_xcvr_gth_full_gtwizard_gthe3_inst/gen_gtwizard_gthe3.gen_tx_user_clocking_internal.gen_single_instance.gtwiz_userclk_tx_inst/gen_gtwiz_userclk_tx_main.bufg_gt_usrclk2_inst/O
    X3Y3 (CLOCK_ROOT)    net (fo=136, routed)         1.534     8.263    phy_inst/eth_phy_10g_tx_inst/eth_phy_10g_tx_if_inst/tx_clk
    SLICE_X100Y186       FDRE                                         r  phy_inst/eth_phy_10g_tx_inst/eth_phy_10g_tx_if_inst/scrambler_state_reg_reg[10]/C
                         clock pessimism              0.160     8.423    
                         clock uncertainty           -0.035     8.388    
    SLICE_X100Y186       FDRE (Setup_EFF_SLICEM_C_D)
                                                      0.060     8.448    phy_inst/eth_phy_10g_tx_inst/eth_phy_10g_tx_if_inst/scrambler_state_reg_reg[10]
  -------------------------------------------------------------------
                         required time                          8.448    
                         arrival time                          -3.393    
  -------------------------------------------------------------------
                         slack                                  5.055    

Slack (MET) :             5.055ns  (required time - arrival time)
  Source:                 phy_inst/eth_phy_10g_tx_inst/xgmii_baser_enc_inst/encoded_tx_data_reg_reg[3]/C
                            (rising edge-triggered cell FDRE clocked by gtwiz_userclk_tx_usrclk2_int  {rise@0.000ns fall@3.200ns period=6.400ns})
  Destination:            phy_inst/eth_phy_10g_tx_inst/eth_phy_10g_tx_if_inst/scrambler_state_reg_reg[36]/D
                            (rising edge-triggered cell FDRE clocked by gtwiz_userclk_tx_usrclk2_int  {rise@0.000ns fall@3.200ns period=6.400ns})
  Path Group:             gtwiz_userclk_tx_usrclk2_int
  Path Type:              Setup (Max at Slow Process Corner)
  Requirement:            6.400ns  (gtwiz_userclk_tx_usrclk2_int rise@6.400ns - gtwiz_userclk_tx_usrclk2_int rise@0.000ns)
  Data Path Delay:        1.301ns  (logic 0.269ns (20.676%)  route 1.032ns (79.324%))
  Logic Levels:           1  (LUT4=1)
  Clock Path Skew:        -0.069ns (DCD - SCD + CPR)
    Destination Clock Delay (DCD):    1.858ns = ( 8.258 - 6.400 ) 
    Source Clock Delay      (SCD):    2.149ns
    Clock Pessimism Removal (CPR):    0.222ns
  Clock Uncertainty:      0.035ns  ((TSJ^2 + TIJ^2)^1/2 + DJ) / 2 + PE
    Total System Jitter     (TSJ):    0.071ns
    Total Input Jitter      (TIJ):    0.000ns
    Discrete Jitter          (DJ):    0.000ns
    Phase Error              (PE):    0.000ns
  Clock Net Delay (Source):      1.752ns (routing 0.311ns, distribution 1.441ns)
  Clock Net Delay (Destination): 1.529ns (routing 0.278ns, distribution 1.251ns)

    Location             Delay type                Incr(ns)  Path(ns)    Netlist Resource(s)
  -------------------------------------------------------------------    -------------------
                         (clock gtwiz_userclk_tx_usrclk2_int rise edge)
                                                      0.000     0.000 r  
    GTHE3_CHANNEL_X0Y12  GTHE3_CHANNEL                0.000     0.000 r  example_wrapper_inst/eth_xcvr_gth_full_inst/inst/gen_gtwizard_gthe3_top.eth_xcvr_gth_full_gtwizard_gthe3_inst/gen_gtwizard_gthe3.gen_channel_container[0].gen_enabled_channel.gthe3_channel_wrapper_inst/channel_inst/gthe3_channel_gen.gen_gthe3_channel_inst[0].GTHE3_CHANNEL_PRIM_INST/TXOUTCLK
                         net (fo=3, routed)           0.082     0.082    example_wrapper_inst/eth_xcvr_gth_full_inst/inst/gen_gtwizard_gthe3_top.eth_xcvr_gth_full_gtwizard_gthe3_inst/gen_gtwizard_gthe3.gen_tx_user_clocking_internal.gen_single_instance.gtwiz_userclk_tx_inst/txoutclk_out[0]
    BUFG_GT_X0Y84        BUFG_GT (Prop_BUFG_GT_I_O)
                                                      0.315     0.397 r  example_wrapper_inst/eth_xcvr_gth_full_inst/inst/gen_gtwizard_gthe3_top.eth_xcvr_gth_full_gtwizard_gthe3_inst/gen_gtwizard_gthe3.gen_tx_user_clocking_internal.gen_single_instance.gtwiz_userclk_tx_inst/gen_gtwiz_userclk_tx_main.bufg_gt_usrclk2_inst/O
    X3Y3 (CLOCK_ROOT)    net (fo=136, routed)         1.752     2.149    phy_inst/eth_phy_10g_tx_inst/xgmii_baser_enc_inst/tx_clk
    SLICE_X100Y187       FDRE                                         r  phy_inst/eth_phy_10g_tx_inst/xgmii_baser_enc_inst/encoded_tx_data_reg_reg[3]/C
  -------------------------------------------------------------------    -------------------
    SLICE_X100Y187       FDRE (Prop_DFF_SLICEM_C_Q)
                                                      0.114     2.263 r  phy_inst/eth_phy_10g_tx_inst/xgmii_baser_enc_inst/encoded_tx_data_reg_reg[3]/Q
                         net (fo=3, routed)           0.301     2.564    phy_inst/eth_phy_10g_tx_inst/eth_phy_10g_tx_if_inst/Q[3]
    SLICE_X100Y187       LUT4 (Prop_H5LUT_SLICEM_I0_O)
                                                      0.155     2.719 r  phy_inst/eth_phy_10g_tx_inst/eth_phy_10g_tx_if_inst/serdes_tx_data_reg[42]_i_1/O
                         net (fo=2, routed)           0.731     3.450    phy_inst/eth_phy_10g_tx_inst/eth_phy_10g_tx_if_inst/scrambled_data[42]
    SLICE_X100Y184       FDRE                                         r  phy_inst/eth_phy_10g_tx_inst/eth_phy_10g_tx_if_inst/scrambler_state_reg_reg[36]/D
  -------------------------------------------------------------------    -------------------

                         (clock gtwiz_userclk_tx_usrclk2_int rise edge)
                                                      6.400     6.400 r  
    GTHE3_CHANNEL_X0Y12  GTHE3_CHANNEL                0.000     6.400 r  example_wrapper_inst/eth_xcvr_gth_full_inst/inst/gen_gtwizard_gthe3_top.eth_xcvr_gth_full_gtwizard_gthe3_inst/gen_gtwizard_gthe3.gen_channel_container[0].gen_enabled_channel.gthe3_channel_wrapper_inst/channel_inst/gthe3_channel_gen.gen_gthe3_channel_inst[0].GTHE3_CHANNEL_PRIM_INST/TXOUTCLK
                         net (fo=3, routed)           0.046     6.446    example_wrapper_inst/eth_xcvr_gth_full_inst/inst/gen_gtwizard_gthe3_top.eth_xcvr_gth_full_gtwizard_gthe3_inst/gen_gtwizard_gthe3.gen_tx_user_clocking_internal.gen_single_instance.gtwiz_userclk_tx_inst/txoutclk_out[0]
    BUFG_GT_X0Y84        BUFG_GT (Prop_BUFG_GT_I_O)
                                                      0.283     6.729 r  example_wrapper_inst/eth_xcvr_gth_full_inst/inst/gen_gtwizard_gthe3_top.eth_xcvr_gth_full_gtwizard_gthe3_inst/gen_gtwizard_gthe3.gen_tx_user_clocking_internal.gen_single_instance.gtwiz_userclk_tx_inst/gen_gtwiz_userclk_tx_main.bufg_gt_usrclk2_inst/O
    X3Y3 (CLOCK_ROOT)    net (fo=136, routed)         1.529     8.258    phy_inst/eth_phy_10g_tx_inst/eth_phy_10g_tx_if_inst/tx_clk
    SLICE_X100Y184       FDRE                                         r  phy_inst/eth_phy_10g_tx_inst/eth_phy_10g_tx_if_inst/scrambler_state_reg_reg[36]/C
                         clock pessimism              0.222     8.480    
                         clock uncertainty           -0.035     8.445    
    SLICE_X100Y184       FDRE (Setup_EFF_SLICEM_C_D)
                                                      0.060     8.505    phy_inst/eth_phy_10g_tx_inst/eth_phy_10g_tx_if_inst/scrambler_state_reg_reg[36]
  -------------------------------------------------------------------
                         required time                          8.505    
                         arrival time                          -3.450    
  -------------------------------------------------------------------
                         slack                                  5.055    

Slack (MET) :             5.084ns  (required time - arrival time)
  Source:                 phy_inst/eth_phy_10g_tx_inst/eth_phy_10g_tx_if_inst/scrambler_state_reg_reg[30]/C
                            (rising edge-triggered cell FDRE clocked by gtwiz_userclk_tx_usrclk2_int  {rise@0.000ns fall@3.200ns period=6.400ns})
  Destination:            phy_inst/eth_phy_10g_tx_inst/eth_phy_10g_tx_if_inst/scrambler_state_reg_reg[24]/D
                            (rising edge-triggered cell FDRE clocked by gtwiz_userclk_tx_usrclk2_int  {rise@0.000ns fall@3.200ns period=6.400ns})
  Path Group:             gtwiz_userclk_tx_usrclk2_int
  Path Type:              Setup (Max at Slow Process Corner)
  Requirement:            6.400ns  (gtwiz_userclk_tx_usrclk2_int rise@6.400ns - gtwiz_userclk_tx_usrclk2_int rise@0.000ns)
  Data Path Delay:        1.339ns  (logic 0.312ns (23.301%)  route 1.027ns (76.699%))
  Logic Levels:           1  (LUT2=1)
  Clock Path Skew:        -0.001ns (DCD - SCD + CPR)
    Destination Clock Delay (DCD):    1.863ns = ( 8.263 - 6.400 ) 
    Source Clock Delay      (SCD):    2.145ns
    Clock Pessimism Removal (CPR):    0.281ns
  Clock Uncertainty:      0.035ns  ((TSJ^2 + TIJ^2)^1/2 + DJ) / 2 + PE
    Total System Jitter     (TSJ):    0.071ns
    Total Input Jitter      (TIJ):    0.000ns
    Discrete Jitter          (DJ):    0.000ns
    Phase Error              (PE):    0.000ns
  Clock Net Delay (Source):      1.748ns (routing 0.311ns, distribution 1.437ns)
  Clock Net Delay (Destination): 1.534ns (routing 0.278ns, distribution 1.256ns)

    Location             Delay type                Incr(ns)  Path(ns)    Netlist Resource(s)
  -------------------------------------------------------------------    -------------------
                         (clock gtwiz_userclk_tx_usrclk2_int rise edge)
                                                      0.000     0.000 r  
    GTHE3_CHANNEL_X0Y12  GTHE3_CHANNEL                0.000     0.000 r  example_wrapper_inst/eth_xcvr_gth_full_inst/inst/gen_gtwizard_gthe3_top.eth_xcvr_gth_full_gtwizard_gthe3_inst/gen_gtwizard_gthe3.gen_channel_container[0].gen_enabled_channel.gthe3_channel_wrapper_inst/channel_inst/gthe3_channel_gen.gen_gthe3_channel_inst[0].GTHE3_CHANNEL_PRIM_INST/TXOUTCLK
                         net (fo=3, routed)           0.082     0.082    example_wrapper_inst/eth_xcvr_gth_full_inst/inst/gen_gtwizard_gthe3_top.eth_xcvr_gth_full_gtwizard_gthe3_inst/gen_gtwizard_gthe3.gen_tx_user_clocking_internal.gen_single_instance.gtwiz_userclk_tx_inst/txoutclk_out[0]
    BUFG_GT_X0Y84        BUFG_GT (Prop_BUFG_GT_I_O)
                                                      0.315     0.397 r  example_wrapper_inst/eth_xcvr_gth_full_inst/inst/gen_gtwizard_gthe3_top.eth_xcvr_gth_full_gtwizard_gthe3_inst/gen_gtwizard_gthe3.gen_tx_user_clocking_internal.gen_single_instance.gtwiz_userclk_tx_inst/gen_gtwiz_userclk_tx_main.bufg_gt_usrclk2_inst/O
    X3Y3 (CLOCK_ROOT)    net (fo=136, routed)         1.748     2.145    phy_inst/eth_phy_10g_tx_inst/eth_phy_10g_tx_if_inst/tx_clk
    SLICE_X100Y186       FDRE                                         r  phy_inst/eth_phy_10g_tx_inst/eth_phy_10g_tx_if_inst/scrambler_state_reg_reg[30]/C
  -------------------------------------------------------------------    -------------------
    SLICE_X100Y186       FDRE (Prop_FFF2_SLICEM_C_Q)
                                                      0.117     2.262 r  phy_inst/eth_phy_10g_tx_inst/eth_phy_10g_tx_if_inst/scrambler_state_reg_reg[30]/Q
                         net (fo=3, routed)           0.431     2.693    phy_inst/eth_phy_10g_tx_inst/eth_phy_10g_tx_if_inst/scrambler_state_reg_0[30]
    SLICE_X100Y186       LUT2 (Prop_H5LUT_SLICEM_I1_O)
                                                      0.195     2.888 r  phy_inst/eth_phy_10g_tx_inst/eth_phy_10g_tx_if_inst/serdes_tx_data_reg[30]_i_1/O
                         net (fo=2, routed)           0.596     3.484    phy_inst/eth_phy_10g_tx_inst/eth_phy_10g_tx_if_inst/scrambled_data[30]
    SLICE_X100Y186       FDRE                                         r  phy_inst/eth_phy_10g_tx_inst/eth_phy_10g_tx_if_inst/scrambler_state_reg_reg[24]/D
  -------------------------------------------------------------------    -------------------

                         (clock gtwiz_userclk_tx_usrclk2_int rise edge)
                                                      6.400     6.400 r  
    GTHE3_CHANNEL_X0Y12  GTHE3_CHANNEL                0.000     6.400 r  example_wrapper_inst/eth_xcvr_gth_full_inst/inst/gen_gtwizard_gthe3_top.eth_xcvr_gth_full_gtwizard_gthe3_inst/gen_gtwizard_gthe3.gen_channel_container[0].gen_enabled_channel.gthe3_channel_wrapper_inst/channel_inst/gthe3_channel_gen.gen_gthe3_channel_inst[0].GTHE3_CHANNEL_PRIM_INST/TXOUTCLK
                         net (fo=3, routed)           0.046     6.446    example_wrapper_inst/eth_xcvr_gth_full_inst/inst/gen_gtwizard_gthe3_top.eth_xcvr_gth_full_gtwizard_gthe3_inst/gen_gtwizard_gthe3.gen_tx_user_clocking_internal.gen_single_instance.gtwiz_userclk_tx_inst/txoutclk_out[0]
    BUFG_GT_X0Y84        BUFG_GT (Prop_BUFG_GT_I_O)
                                                      0.283     6.729 r  example_wrapper_inst/eth_xcvr_gth_full_inst/inst/gen_gtwizard_gthe3_top.eth_xcvr_gth_full_gtwizard_gthe3_inst/gen_gtwizard_gthe3.gen_tx_user_clocking_internal.gen_single_instance.gtwiz_userclk_tx_inst/gen_gtwiz_userclk_tx_main.bufg_gt_usrclk2_inst/O
    X3Y3 (CLOCK_ROOT)    net (fo=136, routed)         1.534     8.263    phy_inst/eth_phy_10g_tx_inst/eth_phy_10g_tx_if_inst/tx_clk
    SLICE_X100Y186       FDRE                                         r  phy_inst/eth_phy_10g_tx_inst/eth_phy_10g_tx_if_inst/scrambler_state_reg_reg[24]/C
                         clock pessimism              0.281     8.544    
                         clock uncertainty           -0.035     8.509    
    SLICE_X100Y186       FDRE (Setup_FFF_SLICEM_C_D)
                                                      0.059     8.568    phy_inst/eth_phy_10g_tx_inst/eth_phy_10g_tx_if_inst/scrambler_state_reg_reg[24]
  -------------------------------------------------------------------
                         required time                          8.568    
                         arrival time                          -3.484    
  -------------------------------------------------------------------
                         slack                                  5.084    

Slack (MET) :             5.138ns  (required time - arrival time)
  Source:                 phy_inst/eth_phy_10g_tx_inst/eth_phy_10g_tx_if_inst/scrambler_state_reg_reg[46]/C
                            (rising edge-triggered cell FDRE clocked by gtwiz_userclk_tx_usrclk2_int  {rise@0.000ns fall@3.200ns period=6.400ns})
  Destination:            phy_inst/eth_phy_10g_tx_inst/eth_phy_10g_tx_if_inst/scrambler_state_reg_reg[40]/D
                            (rising edge-triggered cell FDRE clocked by gtwiz_userclk_tx_usrclk2_int  {rise@0.000ns fall@3.200ns period=6.400ns})
  Path Group:             gtwiz_userclk_tx_usrclk2_int
  Path Type:              Setup (Max at Slow Process Corner)
  Requirement:            6.400ns  (gtwiz_userclk_tx_usrclk2_int rise@6.400ns - gtwiz_userclk_tx_usrclk2_int rise@0.000ns)
  Data Path Delay:        1.222ns  (logic 0.233ns (19.067%)  route 0.989ns (80.933%))
  Logic Levels:           1  (LUT3=1)
  Clock Path Skew:        -0.064ns (DCD - SCD + CPR)
    Destination Clock Delay (DCD):    1.860ns = ( 8.260 - 6.400 ) 
    Source Clock Delay      (SCD):    2.145ns
    Clock Pessimism Removal (CPR):    0.221ns
  Clock Uncertainty:      0.035ns  ((TSJ^2 + TIJ^2)^1/2 + DJ) / 2 + PE
    Total System Jitter     (TSJ):    0.071ns
    Total Input Jitter      (TIJ):    0.000ns
    Discrete Jitter          (DJ):    0.000ns
    Phase Error              (PE):    0.000ns
  Clock Net Delay (Source):      1.748ns (routing 0.311ns, distribution 1.437ns)
  Clock Net Delay (Destination): 1.531ns (routing 0.278ns, distribution 1.253ns)

    Location             Delay type                Incr(ns)  Path(ns)    Netlist Resource(s)
  -------------------------------------------------------------------    -------------------
                         (clock gtwiz_userclk_tx_usrclk2_int rise edge)
                                                      0.000     0.000 r  
    GTHE3_CHANNEL_X0Y12  GTHE3_CHANNEL                0.000     0.000 r  example_wrapper_inst/eth_xcvr_gth_full_inst/inst/gen_gtwizard_gthe3_top.eth_xcvr_gth_full_gtwizard_gthe3_inst/gen_gtwizard_gthe3.gen_channel_container[0].gen_enabled_channel.gthe3_channel_wrapper_inst/channel_inst/gthe3_channel_gen.gen_gthe3_channel_inst[0].GTHE3_CHANNEL_PRIM_INST/TXOUTCLK
                         net (fo=3, routed)           0.082     0.082    example_wrapper_inst/eth_xcvr_gth_full_inst/inst/gen_gtwizard_gthe3_top.eth_xcvr_gth_full_gtwizard_gthe3_inst/gen_gtwizard_gthe3.gen_tx_user_clocking_internal.gen_single_instance.gtwiz_userclk_tx_inst/txoutclk_out[0]
    BUFG_GT_X0Y84        BUFG_GT (Prop_BUFG_GT_I_O)
                                                      0.315     0.397 r  example_wrapper_inst/eth_xcvr_gth_full_inst/inst/gen_gtwizard_gthe3_top.eth_xcvr_gth_full_gtwizard_gthe3_inst/gen_gtwizard_gthe3.gen_tx_user_clocking_internal.gen_single_instance.gtwiz_userclk_tx_inst/gen_gtwiz_userclk_tx_main.bufg_gt_usrclk2_inst/O
    X3Y3 (CLOCK_ROOT)    net (fo=136, routed)         1.748     2.145    phy_inst/eth_phy_10g_tx_inst/eth_phy_10g_tx_if_inst/tx_clk
    SLICE_X99Y188        FDRE                                         r  phy_inst/eth_phy_10g_tx_inst/eth_phy_10g_tx_if_inst/scrambler_state_reg_reg[46]/C
  -------------------------------------------------------------------    -------------------
    SLICE_X99Y188        FDRE (Prop_FFF2_SLICEL_C_Q)
                                                      0.117     2.262 r  phy_inst/eth_phy_10g_tx_inst/eth_phy_10g_tx_if_inst/scrambler_state_reg_reg[46]/Q
                         net (fo=2, routed)           0.339     2.601    phy_inst/eth_phy_10g_tx_inst/eth_phy_10g_tx_if_inst/scrambler_state_reg_0[46]
    SLICE_X99Y188        LUT3 (Prop_G6LUT_SLICEL_I0_O)
                                                      0.116     2.717 r  phy_inst/eth_phy_10g_tx_inst/eth_phy_10g_tx_if_inst/serdes_tx_data_reg[46]_i_1/O
                         net (fo=2, routed)           0.650     3.367    phy_inst/eth_phy_10g_tx_inst/eth_phy_10g_tx_if_inst/scrambled_data[46]
    SLICE_X99Y187        FDRE                                         r  phy_inst/eth_phy_10g_tx_inst/eth_phy_10g_tx_if_inst/scrambler_state_reg_reg[40]/D
  -------------------------------------------------------------------    -------------------

                         (clock gtwiz_userclk_tx_usrclk2_int rise edge)
                                                      6.400     6.400 r  
    GTHE3_CHANNEL_X0Y12  GTHE3_CHANNEL                0.000     6.400 r  example_wrapper_inst/eth_xcvr_gth_full_inst/inst/gen_gtwizard_gthe3_top.eth_xcvr_gth_full_gtwizard_gthe3_inst/gen_gtwizard_gthe3.gen_channel_container[0].gen_enabled_channel.gthe3_channel_wrapper_inst/channel_inst/gthe3_channel_gen.gen_gthe3_channel_inst[0].GTHE3_CHANNEL_PRIM_INST/TXOUTCLK
                         net (fo=3, routed)           0.046     6.446    example_wrapper_inst/eth_xcvr_gth_full_inst/inst/gen_gtwizard_gthe3_top.eth_xcvr_gth_full_gtwizard_gthe3_inst/gen_gtwizard_gthe3.gen_tx_user_clocking_internal.gen_single_instance.gtwiz_userclk_tx_inst/txoutclk_out[0]
    BUFG_GT_X0Y84        BUFG_GT (Prop_BUFG_GT_I_O)
                                                      0.283     6.729 r  example_wrapper_inst/eth_xcvr_gth_full_inst/inst/gen_gtwizard_gthe3_top.eth_xcvr_gth_full_gtwizard_gthe3_inst/gen_gtwizard_gthe3.gen_tx_user_clocking_internal.gen_single_instance.gtwiz_userclk_tx_inst/gen_gtwiz_userclk_tx_main.bufg_gt_usrclk2_inst/O
    X3Y3 (CLOCK_ROOT)    net (fo=136, routed)         1.531     8.260    phy_inst/eth_phy_10g_tx_inst/eth_phy_10g_tx_if_inst/tx_clk
    SLICE_X99Y187        FDRE                                         r  phy_inst/eth_phy_10g_tx_inst/eth_phy_10g_tx_if_inst/scrambler_state_reg_reg[40]/C
                         clock pessimism              0.221     8.481    
                         clock uncertainty           -0.035     8.446    
    SLICE_X99Y187        FDRE (Setup_AFF_SLICEL_C_D)
                                                      0.059     8.505    phy_inst/eth_phy_10g_tx_inst/eth_phy_10g_tx_if_inst/scrambler_state_reg_reg[40]
  -------------------------------------------------------------------
                         required time                          8.505    
                         arrival time                          -3.367    
  -------------------------------------------------------------------
                         slack                                  5.138    

Slack (MET) :             5.169ns  (required time - arrival time)
  Source:                 phy_inst/eth_phy_10g_tx_inst/eth_phy_10g_tx_if_inst/scrambler_state_reg_reg[42]/C
                            (rising edge-triggered cell FDRE clocked by gtwiz_userclk_tx_usrclk2_int  {rise@0.000ns fall@3.200ns period=6.400ns})
  Destination:            phy_inst/eth_phy_10g_tx_inst/eth_phy_10g_tx_if_inst/scrambler_state_reg_reg[17]/D
                            (rising edge-triggered cell FDRE clocked by gtwiz_userclk_tx_usrclk2_int  {rise@0.000ns fall@3.200ns period=6.400ns})
  Path Group:             gtwiz_userclk_tx_usrclk2_int
  Path Type:              Setup (Max at Slow Process Corner)
  Requirement:            6.400ns  (gtwiz_userclk_tx_usrclk2_int rise@6.400ns - gtwiz_userclk_tx_usrclk2_int rise@0.000ns)
  Data Path Delay:        1.203ns  (logic 0.307ns (25.520%)  route 0.896ns (74.480%))
  Logic Levels:           1  (LUT2=1)
  Clock Path Skew:        -0.052ns (DCD - SCD + CPR)
    Destination Clock Delay (DCD):    1.871ns = ( 8.271 - 6.400 ) 
    Source Clock Delay      (SCD):    2.145ns
    Clock Pessimism Removal (CPR):    0.222ns
  Clock Uncertainty:      0.035ns  ((TSJ^2 + TIJ^2)^1/2 + DJ) / 2 + PE
    Total System Jitter     (TSJ):    0.071ns
    Total Input Jitter      (TIJ):    0.000ns
    Discrete Jitter          (DJ):    0.000ns
    Phase Error              (PE):    0.000ns
  Clock Net Delay (Source):      1.748ns (routing 0.311ns, distribution 1.437ns)
  Clock Net Delay (Destination): 1.542ns (routing 0.278ns, distribution 1.264ns)

    Location             Delay type                Incr(ns)  Path(ns)    Netlist Resource(s)
  -------------------------------------------------------------------    -------------------
                         (clock gtwiz_userclk_tx_usrclk2_int rise edge)
                                                      0.000     0.000 r  
    GTHE3_CHANNEL_X0Y12  GTHE3_CHANNEL                0.000     0.000 r  example_wrapper_inst/eth_xcvr_gth_full_inst/inst/gen_gtwizard_gthe3_top.eth_xcvr_gth_full_gtwizard_gthe3_inst/gen_gtwizard_gthe3.gen_channel_container[0].gen_enabled_channel.gthe3_channel_wrapper_inst/channel_inst/gthe3_channel_gen.gen_gthe3_channel_inst[0].GTHE3_CHANNEL_PRIM_INST/TXOUTCLK
                         net (fo=3, routed)           0.082     0.082    example_wrapper_inst/eth_xcvr_gth_full_inst/inst/gen_gtwizard_gthe3_top.eth_xcvr_gth_full_gtwizard_gthe3_inst/gen_gtwizard_gthe3.gen_tx_user_clocking_internal.gen_single_instance.gtwiz_userclk_tx_inst/txoutclk_out[0]
    BUFG_GT_X0Y84        BUFG_GT (Prop_BUFG_GT_I_O)
                                                      0.315     0.397 r  example_wrapper_inst/eth_xcvr_gth_full_inst/inst/gen_gtwizard_gthe3_top.eth_xcvr_gth_full_gtwizard_gthe3_inst/gen_gtwizard_gthe3.gen_tx_user_clocking_internal.gen_single_instance.gtwiz_userclk_tx_inst/gen_gtwiz_userclk_tx_main.bufg_gt_usrclk2_inst/O
    X3Y3 (CLOCK_ROOT)    net (fo=136, routed)         1.748     2.145    phy_inst/eth_phy_10g_tx_inst/eth_phy_10g_tx_if_inst/tx_clk
    SLICE_X100Y187       FDRE                                         r  phy_inst/eth_phy_10g_tx_inst/eth_phy_10g_tx_if_inst/scrambler_state_reg_reg[42]/C
  -------------------------------------------------------------------    -------------------
    SLICE_X100Y187       FDRE (Prop_FFF_SLICEM_C_Q)
                                                      0.114     2.259 r  phy_inst/eth_phy_10g_tx_inst/eth_phy_10g_tx_if_inst/scrambler_state_reg_reg[42]/Q
                         net (fo=3, routed)           0.163     2.422    phy_inst/eth_phy_10g_tx_inst/eth_phy_10g_tx_if_inst/scrambler_state_reg[10]
    SLICE_X100Y186       LUT2 (Prop_G6LUT_SLICEM_I0_O)
                                                      0.193     2.615 r  phy_inst/eth_phy_10g_tx_inst/eth_phy_10g_tx_if_inst/serdes_tx_data_reg[23]_i_1/O
                         net (fo=2, routed)           0.733     3.348    phy_inst/eth_phy_10g_tx_inst/eth_phy_10g_tx_if_inst/scrambled_data[23]
    SLICE_X100Y185       FDRE                                         r  phy_inst/eth_phy_10g_tx_inst/eth_phy_10g_tx_if_inst/scrambler_state_reg_reg[17]/D
  -------------------------------------------------------------------    -------------------

                         (clock gtwiz_userclk_tx_usrclk2_int rise edge)
                                                      6.400     6.400 r  
    GTHE3_CHANNEL_X0Y12  GTHE3_CHANNEL                0.000     6.400 r  example_wrapper_inst/eth_xcvr_gth_full_inst/inst/gen_gtwizard_gthe3_top.eth_xcvr_gth_full_gtwizard_gthe3_inst/gen_gtwizard_gthe3.gen_channel_container[0].gen_enabled_channel.gthe3_channel_wrapper_inst/channel_inst/gthe3_channel_gen.gen_gthe3_channel_inst[0].GTHE3_CHANNEL_PRIM_INST/TXOUTCLK
                         net (fo=3, routed)           0.046     6.446    example_wrapper_inst/eth_xcvr_gth_full_inst/inst/gen_gtwizard_gthe3_top.eth_xcvr_gth_full_gtwizard_gthe3_inst/gen_gtwizard_gthe3.gen_tx_user_clocking_internal.gen_single_instance.gtwiz_userclk_tx_inst/txoutclk_out[0]
    BUFG_GT_X0Y84        BUFG_GT (Prop_BUFG_GT_I_O)
                                                      0.283     6.729 r  example_wrapper_inst/eth_xcvr_gth_full_inst/inst/gen_gtwizard_gthe3_top.eth_xcvr_gth_full_gtwizard_gthe3_inst/gen_gtwizard_gthe3.gen_tx_user_clocking_internal.gen_single_instance.gtwiz_userclk_tx_inst/gen_gtwiz_userclk_tx_main.bufg_gt_usrclk2_inst/O
    X3Y3 (CLOCK_ROOT)    net (fo=136, routed)         1.542     8.271    phy_inst/eth_phy_10g_tx_inst/eth_phy_10g_tx_if_inst/tx_clk
    SLICE_X100Y185       FDRE                                         r  phy_inst/eth_phy_10g_tx_inst/eth_phy_10g_tx_if_inst/scrambler_state_reg_reg[17]/C
                         clock pessimism              0.222     8.493    
                         clock uncertainty           -0.035     8.458    
    SLICE_X100Y185       FDRE (Setup_AFF_SLICEM_C_D)
                                                      0.059     8.517    phy_inst/eth_phy_10g_tx_inst/eth_phy_10g_tx_if_inst/scrambler_state_reg_reg[17]
  -------------------------------------------------------------------
                         required time                          8.517    
                         arrival time                          -3.348    
  -------------------------------------------------------------------
                         slack                                  5.169    

Slack (MET) :             5.172ns  (required time - arrival time)
  Source:                 phy_inst/eth_phy_10g_tx_inst/eth_phy_10g_tx_if_inst/scrambler_state_reg_reg[5]/C
                            (rising edge-triggered cell FDRE clocked by gtwiz_userclk_tx_usrclk2_int  {rise@0.000ns fall@3.200ns period=6.400ns})
  Destination:            phy_inst/eth_phy_10g_tx_inst/eth_phy_10g_tx_if_inst/serdes_tx_data_reg_reg[5]/D
                            (rising edge-triggered cell FDRE clocked by gtwiz_userclk_tx_usrclk2_int  {rise@0.000ns fall@3.200ns period=6.400ns})
  Path Group:             gtwiz_userclk_tx_usrclk2_int
  Path Type:              Setup (Max at Slow Process Corner)
  Requirement:            6.400ns  (gtwiz_userclk_tx_usrclk2_int rise@6.400ns - gtwiz_userclk_tx_usrclk2_int rise@0.000ns)
  Data Path Delay:        1.113ns  (logic 0.332ns (29.829%)  route 0.781ns (70.171%))
  Logic Levels:           1  (LUT2=1)
  Clock Path Skew:        -0.139ns (DCD - SCD + CPR)
    Destination Clock Delay (DCD):    1.865ns = ( 8.265 - 6.400 ) 
    Source Clock Delay      (SCD):    2.164ns
    Clock Pessimism Removal (CPR):    0.160ns
  Clock Uncertainty:      0.035ns  ((TSJ^2 + TIJ^2)^1/2 + DJ) / 2 + PE
    Total System Jitter     (TSJ):    0.071ns
    Total Input Jitter      (TIJ):    0.000ns
    Discrete Jitter          (DJ):    0.000ns
    Phase Error              (PE):    0.000ns
  Clock Net Delay (Source):      1.767ns (routing 0.311ns, distribution 1.456ns)
  Clock Net Delay (Destination): 1.536ns (routing 0.278ns, distribution 1.258ns)

    Location             Delay type                Incr(ns)  Path(ns)    Netlist Resource(s)
  -------------------------------------------------------------------    -------------------
                         (clock gtwiz_userclk_tx_usrclk2_int rise edge)
                                                      0.000     0.000 r  
    GTHE3_CHANNEL_X0Y12  GTHE3_CHANNEL                0.000     0.000 r  example_wrapper_inst/eth_xcvr_gth_full_inst/inst/gen_gtwizard_gthe3_top.eth_xcvr_gth_full_gtwizard_gthe3_inst/gen_gtwizard_gthe3.gen_channel_container[0].gen_enabled_channel.gthe3_channel_wrapper_inst/channel_inst/gthe3_channel_gen.gen_gthe3_channel_inst[0].GTHE3_CHANNEL_PRIM_INST/TXOUTCLK
                         net (fo=3, routed)           0.082     0.082    example_wrapper_inst/eth_xcvr_gth_full_inst/inst/gen_gtwizard_gthe3_top.eth_xcvr_gth_full_gtwizard_gthe3_inst/gen_gtwizard_gthe3.gen_tx_user_clocking_internal.gen_single_instance.gtwiz_userclk_tx_inst/txoutclk_out[0]
    BUFG_GT_X0Y84        BUFG_GT (Prop_BUFG_GT_I_O)
                                                      0.315     0.397 r  example_wrapper_inst/eth_xcvr_gth_full_inst/inst/gen_gtwizard_gthe3_top.eth_xcvr_gth_full_gtwizard_gthe3_inst/gen_gtwizard_gthe3.gen_tx_user_clocking_internal.gen_single_instance.gtwiz_userclk_tx_inst/gen_gtwiz_userclk_tx_main.bufg_gt_usrclk2_inst/O
    X3Y3 (CLOCK_ROOT)    net (fo=136, routed)         1.767     2.164    phy_inst/eth_phy_10g_tx_inst/eth_phy_10g_tx_if_inst/tx_clk
    SLICE_X98Y186        FDRE                                         r  phy_inst/eth_phy_10g_tx_inst/eth_phy_10g_tx_if_inst/scrambler_state_reg_reg[5]/C
  -------------------------------------------------------------------    -------------------
    SLICE_X98Y186        FDRE (Prop_GFF2_SLICEL_C_Q)
                                                      0.118     2.282 r  phy_inst/eth_phy_10g_tx_inst/eth_phy_10g_tx_if_inst/scrambler_state_reg_reg[5]/Q
                         net (fo=3, routed)           0.227     2.509    phy_inst/eth_phy_10g_tx_inst/eth_phy_10g_tx_if_inst/scrambler_state_reg[5]
    SLICE_X99Y186        LUT2 (Prop_B5LUT_SLICEL_I0_O)
                                                      0.214     2.723 r  phy_inst/eth_phy_10g_tx_inst/eth_phy_10g_tx_if_inst/serdes_tx_data_reg[5]_i_1/O
                         net (fo=1, routed)           0.554     3.277    phy_inst/eth_phy_10g_tx_inst/eth_phy_10g_tx_if_inst/scrambled_data[5]
    SLICE_X100Y188       FDRE                                         r  phy_inst/eth_phy_10g_tx_inst/eth_phy_10g_tx_if_inst/serdes_tx_data_reg_reg[5]/D
  -------------------------------------------------------------------    -------------------

                         (clock gtwiz_userclk_tx_usrclk2_int rise edge)
                                                      6.400     6.400 r  
    GTHE3_CHANNEL_X0Y12  GTHE3_CHANNEL                0.000     6.400 r  example_wrapper_inst/eth_xcvr_gth_full_inst/inst/gen_gtwizard_gthe3_top.eth_xcvr_gth_full_gtwizard_gthe3_inst/gen_gtwizard_gthe3.gen_channel_container[0].gen_enabled_channel.gthe3_channel_wrapper_inst/channel_inst/gthe3_channel_gen.gen_gthe3_channel_inst[0].GTHE3_CHANNEL_PRIM_INST/TXOUTCLK
                         net (fo=3, routed)           0.046     6.446    example_wrapper_inst/eth_xcvr_gth_full_inst/inst/gen_gtwizard_gthe3_top.eth_xcvr_gth_full_gtwizard_gthe3_inst/gen_gtwizard_gthe3.gen_tx_user_clocking_internal.gen_single_instance.gtwiz_userclk_tx_inst/txoutclk_out[0]
    BUFG_GT_X0Y84        BUFG_GT (Prop_BUFG_GT_I_O)
                                                      0.283     6.729 r  example_wrapper_inst/eth_xcvr_gth_full_inst/inst/gen_gtwizard_gthe3_top.eth_xcvr_gth_full_gtwizard_gthe3_inst/gen_gtwizard_gthe3.gen_tx_user_clocking_internal.gen_single_instance.gtwiz_userclk_tx_inst/gen_gtwiz_userclk_tx_main.bufg_gt_usrclk2_inst/O
    X3Y3 (CLOCK_ROOT)    net (fo=136, routed)         1.536     8.265    phy_inst/eth_phy_10g_tx_inst/eth_phy_10g_tx_if_inst/tx_clk
    SLICE_X100Y188       FDRE                                         r  phy_inst/eth_phy_10g_tx_inst/eth_phy_10g_tx_if_inst/serdes_tx_data_reg_reg[5]/C
                         clock pessimism              0.160     8.425    
                         clock uncertainty           -0.035     8.390    
    SLICE_X100Y188       FDRE (Setup_CFF_SLICEM_C_D)
                                                      0.059     8.449    phy_inst/eth_phy_10g_tx_inst/eth_phy_10g_tx_if_inst/serdes_tx_data_reg_reg[5]
  -------------------------------------------------------------------
                         required time                          8.449    
                         arrival time                          -3.277    
  -------------------------------------------------------------------
                         slack                                  5.172    

Slack (MET) :             5.177ns  (required time - arrival time)
  Source:                 phy_inst/eth_phy_10g_tx_inst/eth_phy_10g_tx_if_inst/scrambler_state_reg_reg[30]/C
                            (rising edge-triggered cell FDRE clocked by gtwiz_userclk_tx_usrclk2_int  {rise@0.000ns fall@3.200ns period=6.400ns})
  Destination:            phy_inst/eth_phy_10g_tx_inst/eth_phy_10g_tx_if_inst/serdes_tx_data_reg_reg[50]/D
                            (rising edge-triggered cell FDRE clocked by gtwiz_userclk_tx_usrclk2_int  {rise@0.000ns fall@3.200ns period=6.400ns})
  Path Group:             gtwiz_userclk_tx_usrclk2_int
  Path Type:              Setup (Max at Slow Process Corner)
  Requirement:            6.400ns  (gtwiz_userclk_tx_usrclk2_int rise@6.400ns - gtwiz_userclk_tx_usrclk2_int rise@0.000ns)
  Data Path Delay:        1.116ns  (logic 0.310ns (27.778%)  route 0.806ns (72.222%))
  Logic Levels:           1  (LUT3=1)
  Clock Path Skew:        -0.132ns (DCD - SCD + CPR)
    Destination Clock Delay (DCD):    1.852ns = ( 8.252 - 6.400 ) 
    Source Clock Delay      (SCD):    2.145ns
    Clock Pessimism Removal (CPR):    0.161ns
  Clock Uncertainty:      0.035ns  ((TSJ^2 + TIJ^2)^1/2 + DJ) / 2 + PE
    Total System Jitter     (TSJ):    0.071ns
    Total Input Jitter      (TIJ):    0.000ns
    Discrete Jitter          (DJ):    0.000ns
    Phase Error              (PE):    0.000ns
  Clock Net Delay (Source):      1.748ns (routing 0.311ns, distribution 1.437ns)
  Clock Net Delay (Destination): 1.523ns (routing 0.278ns, distribution 1.245ns)

    Location             Delay type                Incr(ns)  Path(ns)    Netlist Resource(s)
  -------------------------------------------------------------------    -------------------
                         (clock gtwiz_userclk_tx_usrclk2_int rise edge)
                                                      0.000     0.000 r  
    GTHE3_CHANNEL_X0Y12  GTHE3_CHANNEL                0.000     0.000 r  example_wrapper_inst/eth_xcvr_gth_full_inst/inst/gen_gtwizard_gthe3_top.eth_xcvr_gth_full_gtwizard_gthe3_inst/gen_gtwizard_gthe3.gen_channel_container[0].gen_enabled_channel.gthe3_channel_wrapper_inst/channel_inst/gthe3_channel_gen.gen_gthe3_channel_inst[0].GTHE3_CHANNEL_PRIM_INST/TXOUTCLK
                         net (fo=3, routed)           0.082     0.082    example_wrapper_inst/eth_xcvr_gth_full_inst/inst/gen_gtwizard_gthe3_top.eth_xcvr_gth_full_gtwizard_gthe3_inst/gen_gtwizard_gthe3.gen_tx_user_clocking_internal.gen_single_instance.gtwiz_userclk_tx_inst/txoutclk_out[0]
    BUFG_GT_X0Y84        BUFG_GT (Prop_BUFG_GT_I_O)
                                                      0.315     0.397 r  example_wrapper_inst/eth_xcvr_gth_full_inst/inst/gen_gtwizard_gthe3_top.eth_xcvr_gth_full_gtwizard_gthe3_inst/gen_gtwizard_gthe3.gen_tx_user_clocking_internal.gen_single_instance.gtwiz_userclk_tx_inst/gen_gtwiz_userclk_tx_main.bufg_gt_usrclk2_inst/O
    X3Y3 (CLOCK_ROOT)    net (fo=136, routed)         1.748     2.145    phy_inst/eth_phy_10g_tx_inst/eth_phy_10g_tx_if_inst/tx_clk
    SLICE_X100Y186       FDRE                                         r  phy_inst/eth_phy_10g_tx_inst/eth_phy_10g_tx_if_inst/scrambler_state_reg_reg[30]/C
  -------------------------------------------------------------------    -------------------
    SLICE_X100Y186       FDRE (Prop_FFF2_SLICEM_C_Q)
                                                      0.117     2.262 r  phy_inst/eth_phy_10g_tx_inst/eth_phy_10g_tx_if_inst/scrambler_state_reg_reg[30]/Q
                         net (fo=3, routed)           0.176     2.438    phy_inst/eth_phy_10g_tx_inst/eth_phy_10g_tx_if_inst/scrambler_state_reg_0[30]
    SLICE_X98Y186        LUT3 (Prop_D5LUT_SLICEL_I1_O)
                                                      0.193     2.631 r  phy_inst/eth_phy_10g_tx_inst/eth_phy_10g_tx_if_inst/serdes_tx_data_reg[50]_i_1/O
                         net (fo=2, routed)           0.630     3.261    phy_inst/eth_phy_10g_tx_inst/eth_phy_10g_tx_if_inst/scrambled_data[50]
    SLICE_X99Y185        FDRE                                         r  phy_inst/eth_phy_10g_tx_inst/eth_phy_10g_tx_if_inst/serdes_tx_data_reg_reg[50]/D
  -------------------------------------------------------------------    -------------------

                         (clock gtwiz_userclk_tx_usrclk2_int rise edge)
                                                      6.400     6.400 r  
    GTHE3_CHANNEL_X0Y12  GTHE3_CHANNEL                0.000     6.400 r  example_wrapper_inst/eth_xcvr_gth_full_inst/inst/gen_gtwizard_gthe3_top.eth_xcvr_gth_full_gtwizard_gthe3_inst/gen_gtwizard_gthe3.gen_channel_container[0].gen_enabled_channel.gthe3_channel_wrapper_inst/channel_inst/gthe3_channel_gen.gen_gthe3_channel_inst[0].GTHE3_CHANNEL_PRIM_INST/TXOUTCLK
                         net (fo=3, routed)           0.046     6.446    example_wrapper_inst/eth_xcvr_gth_full_inst/inst/gen_gtwizard_gthe3_top.eth_xcvr_gth_full_gtwizard_gthe3_inst/gen_gtwizard_gthe3.gen_tx_user_clocking_internal.gen_single_instance.gtwiz_userclk_tx_inst/txoutclk_out[0]
    BUFG_GT_X0Y84        BUFG_GT (Prop_BUFG_GT_I_O)
                                                      0.283     6.729 r  example_wrapper_inst/eth_xcvr_gth_full_inst/inst/gen_gtwizard_gthe3_top.eth_xcvr_gth_full_gtwizard_gthe3_inst/gen_gtwizard_gthe3.gen_tx_user_clocking_internal.gen_single_instance.gtwiz_userclk_tx_inst/gen_gtwiz_userclk_tx_main.bufg_gt_usrclk2_inst/O
    X3Y3 (CLOCK_ROOT)    net (fo=136, routed)         1.523     8.252    phy_inst/eth_phy_10g_tx_inst/eth_phy_10g_tx_if_inst/tx_clk
    SLICE_X99Y185        FDRE                                         r  phy_inst/eth_phy_10g_tx_inst/eth_phy_10g_tx_if_inst/serdes_tx_data_reg_reg[50]/C
                         clock pessimism              0.161     8.413    
                         clock uncertainty           -0.035     8.377    
    SLICE_X99Y185        FDRE (Setup_GFF2_SLICEL_C_D)
                                                      0.061     8.438    phy_inst/eth_phy_10g_tx_inst/eth_phy_10g_tx_if_inst/serdes_tx_data_reg_reg[50]
  -------------------------------------------------------------------
                         required time                          8.438    
                         arrival time                          -3.261    
  -------------------------------------------------------------------
                         slack                                  5.177    

Slack (MET) :             5.187ns  (required time - arrival time)
  Source:                 phy_inst/eth_phy_10g_tx_inst/eth_phy_10g_tx_if_inst/scrambler_state_reg_reg[34]/C
                            (rising edge-triggered cell FDRE clocked by gtwiz_userclk_tx_usrclk2_int  {rise@0.000ns fall@3.200ns period=6.400ns})
  Destination:            phy_inst/eth_phy_10g_tx_inst/eth_phy_10g_tx_if_inst/serdes_tx_data_reg_reg[15]/D
                            (rising edge-triggered cell FDRE clocked by gtwiz_userclk_tx_usrclk2_int  {rise@0.000ns fall@3.200ns period=6.400ns})
  Path Group:             gtwiz_userclk_tx_usrclk2_int
  Path Type:              Setup (Max at Slow Process Corner)
  Requirement:            6.400ns  (gtwiz_userclk_tx_usrclk2_int rise@6.400ns - gtwiz_userclk_tx_usrclk2_int rise@0.000ns)
  Data Path Delay:        1.089ns  (logic 0.302ns (27.732%)  route 0.787ns (72.268%))
  Logic Levels:           1  (LUT2=1)
  Clock Path Skew:        -0.150ns (DCD - SCD + CPR)
    Destination Clock Delay (DCD):    1.865ns = ( 8.265 - 6.400 ) 
    Source Clock Delay      (SCD):    2.175ns
    Clock Pessimism Removal (CPR):    0.160ns
  Clock Uncertainty:      0.035ns  ((TSJ^2 + TIJ^2)^1/2 + DJ) / 2 + PE
    Total System Jitter     (TSJ):    0.071ns
    Total Input Jitter      (TIJ):    0.000ns
    Discrete Jitter          (DJ):    0.000ns
    Phase Error              (PE):    0.000ns
  Clock Net Delay (Source):      1.778ns (routing 0.311ns, distribution 1.467ns)
  Clock Net Delay (Destination): 1.536ns (routing 0.278ns, distribution 1.258ns)

    Location             Delay type                Incr(ns)  Path(ns)    Netlist Resource(s)
  -------------------------------------------------------------------    -------------------
                         (clock gtwiz_userclk_tx_usrclk2_int rise edge)
                                                      0.000     0.000 r  
    GTHE3_CHANNEL_X0Y12  GTHE3_CHANNEL                0.000     0.000 r  example_wrapper_inst/eth_xcvr_gth_full_inst/inst/gen_gtwizard_gthe3_top.eth_xcvr_gth_full_gtwizard_gthe3_inst/gen_gtwizard_gthe3.gen_channel_container[0].gen_enabled_channel.gthe3_channel_wrapper_inst/channel_inst/gthe3_channel_gen.gen_gthe3_channel_inst[0].GTHE3_CHANNEL_PRIM_INST/TXOUTCLK
                         net (fo=3, routed)           0.082     0.082    example_wrapper_inst/eth_xcvr_gth_full_inst/inst/gen_gtwizard_gthe3_top.eth_xcvr_gth_full_gtwizard_gthe3_inst/gen_gtwizard_gthe3.gen_tx_user_clocking_internal.gen_single_instance.gtwiz_userclk_tx_inst/txoutclk_out[0]
    BUFG_GT_X0Y84        BUFG_GT (Prop_BUFG_GT_I_O)
                                                      0.315     0.397 r  example_wrapper_inst/eth_xcvr_gth_full_inst/inst/gen_gtwizard_gthe3_top.eth_xcvr_gth_full_gtwizard_gthe3_inst/gen_gtwizard_gthe3.gen_tx_user_clocking_internal.gen_single_instance.gtwiz_userclk_tx_inst/gen_gtwiz_userclk_tx_main.bufg_gt_usrclk2_inst/O
    X3Y3 (CLOCK_ROOT)    net (fo=136, routed)         1.778     2.175    phy_inst/eth_phy_10g_tx_inst/eth_phy_10g_tx_if_inst/tx_clk
    SLICE_X99Y186        FDRE                                         r  phy_inst/eth_phy_10g_tx_inst/eth_phy_10g_tx_if_inst/scrambler_state_reg_reg[34]/C
  -------------------------------------------------------------------    -------------------
    SLICE_X99Y186        FDRE (Prop_AFF2_SLICEL_C_Q)
                                                      0.117     2.292 r  phy_inst/eth_phy_10g_tx_inst/eth_phy_10g_tx_if_inst/scrambler_state_reg_reg[34]/Q
                         net (fo=3, routed)           0.235     2.527    phy_inst/eth_phy_10g_tx_inst/eth_phy_10g_tx_if_inst/scrambler_state_reg_0[34]
    SLICE_X99Y186        LUT2 (Prop_C6LUT_SLICEL_I1_O)
                                                      0.185     2.712 r  phy_inst/eth_phy_10g_tx_inst/eth_phy_10g_tx_if_inst/serdes_tx_data_reg[15]_i_1/O
                         net (fo=2, routed)           0.552     3.264    phy_inst/eth_phy_10g_tx_inst/eth_phy_10g_tx_if_inst/scrambled_data[15]
    SLICE_X100Y188       FDRE                                         r  phy_inst/eth_phy_10g_tx_inst/eth_phy_10g_tx_if_inst/serdes_tx_data_reg_reg[15]/D
  -------------------------------------------------------------------    -------------------

                         (clock gtwiz_userclk_tx_usrclk2_int rise edge)
                                                      6.400     6.400 r  
    GTHE3_CHANNEL_X0Y12  GTHE3_CHANNEL                0.000     6.400 r  example_wrapper_inst/eth_xcvr_gth_full_inst/inst/gen_gtwizard_gthe3_top.eth_xcvr_gth_full_gtwizard_gthe3_inst/gen_gtwizard_gthe3.gen_channel_container[0].gen_enabled_channel.gthe3_channel_wrapper_inst/channel_inst/gthe3_channel_gen.gen_gthe3_channel_inst[0].GTHE3_CHANNEL_PRIM_INST/TXOUTCLK
                         net (fo=3, routed)           0.046     6.446    example_wrapper_inst/eth_xcvr_gth_full_inst/inst/gen_gtwizard_gthe3_top.eth_xcvr_gth_full_gtwizard_gthe3_inst/gen_gtwizard_gthe3.gen_tx_user_clocking_internal.gen_single_instance.gtwiz_userclk_tx_inst/txoutclk_out[0]
    BUFG_GT_X0Y84        BUFG_GT (Prop_BUFG_GT_I_O)
                                                      0.283     6.729 r  example_wrapper_inst/eth_xcvr_gth_full_inst/inst/gen_gtwizard_gthe3_top.eth_xcvr_gth_full_gtwizard_gthe3_inst/gen_gtwizard_gthe3.gen_tx_user_clocking_internal.gen_single_instance.gtwiz_userclk_tx_inst/gen_gtwiz_userclk_tx_main.bufg_gt_usrclk2_inst/O
    X3Y3 (CLOCK_ROOT)    net (fo=136, routed)         1.536     8.265    phy_inst/eth_phy_10g_tx_inst/eth_phy_10g_tx_if_inst/tx_clk
    SLICE_X100Y188       FDRE                                         r  phy_inst/eth_phy_10g_tx_inst/eth_phy_10g_tx_if_inst/serdes_tx_data_reg_reg[15]/C
                         clock pessimism              0.160     8.425    
                         clock uncertainty           -0.035     8.390    
    SLICE_X100Y188       FDRE (Setup_AFF2_SLICEM_C_D)
                                                      0.061     8.451    phy_inst/eth_phy_10g_tx_inst/eth_phy_10g_tx_if_inst/serdes_tx_data_reg_reg[15]
  -------------------------------------------------------------------
                         required time                          8.451    
                         arrival time                          -3.264    
  -------------------------------------------------------------------
                         slack                                  5.187    

Slack (MET) :             5.205ns  (required time - arrival time)
  Source:                 phy_inst/eth_phy_10g_tx_inst/eth_phy_10g_tx_if_inst/scrambler_state_reg_reg[35]/C
                            (rising edge-triggered cell FDRE clocked by gtwiz_userclk_tx_usrclk2_int  {rise@0.000ns fall@3.200ns period=6.400ns})
  Destination:            phy_inst/eth_phy_10g_tx_inst/eth_phy_10g_tx_if_inst/scrambler_state_reg_reg[49]/D
                            (rising edge-triggered cell FDRE clocked by gtwiz_userclk_tx_usrclk2_int  {rise@0.000ns fall@3.200ns period=6.400ns})
  Path Group:             gtwiz_userclk_tx_usrclk2_int
  Path Type:              Setup (Max at Slow Process Corner)
  Requirement:            6.400ns  (gtwiz_userclk_tx_usrclk2_int rise@6.400ns - gtwiz_userclk_tx_usrclk2_int rise@0.000ns)
  Data Path Delay:        1.068ns  (logic 0.208ns (19.476%)  route 0.860ns (80.524%))
  Logic Levels:           1  (LUT3=1)
  Clock Path Skew:        -0.150ns (DCD - SCD + CPR)
    Destination Clock Delay (DCD):    1.865ns = ( 8.265 - 6.400 ) 
    Source Clock Delay      (SCD):    2.175ns
    Clock Pessimism Removal (CPR):    0.160ns
  Clock Uncertainty:      0.035ns  ((TSJ^2 + TIJ^2)^1/2 + DJ) / 2 + PE
    Total System Jitter     (TSJ):    0.071ns
    Total Input Jitter      (TIJ):    0.000ns
    Discrete Jitter          (DJ):    0.000ns
    Phase Error              (PE):    0.000ns
  Clock Net Delay (Source):      1.778ns (routing 0.311ns, distribution 1.467ns)
  Clock Net Delay (Destination): 1.536ns (routing 0.278ns, distribution 1.258ns)

    Location             Delay type                Incr(ns)  Path(ns)    Netlist Resource(s)
  -------------------------------------------------------------------    -------------------
                         (clock gtwiz_userclk_tx_usrclk2_int rise edge)
                                                      0.000     0.000 r  
    GTHE3_CHANNEL_X0Y12  GTHE3_CHANNEL                0.000     0.000 r  example_wrapper_inst/eth_xcvr_gth_full_inst/inst/gen_gtwizard_gthe3_top.eth_xcvr_gth_full_gtwizard_gthe3_inst/gen_gtwizard_gthe3.gen_channel_container[0].gen_enabled_channel.gthe3_channel_wrapper_inst/channel_inst/gthe3_channel_gen.gen_gthe3_channel_inst[0].GTHE3_CHANNEL_PRIM_INST/TXOUTCLK
                         net (fo=3, routed)           0.082     0.082    example_wrapper_inst/eth_xcvr_gth_full_inst/inst/gen_gtwizard_gthe3_top.eth_xcvr_gth_full_gtwizard_gthe3_inst/gen_gtwizard_gthe3.gen_tx_user_clocking_internal.gen_single_instance.gtwiz_userclk_tx_inst/txoutclk_out[0]
    BUFG_GT_X0Y84        BUFG_GT (Prop_BUFG_GT_I_O)
                                                      0.315     0.397 r  example_wrapper_inst/eth_xcvr_gth_full_inst/inst/gen_gtwizard_gthe3_top.eth_xcvr_gth_full_gtwizard_gthe3_inst/gen_gtwizard_gthe3.gen_tx_user_clocking_internal.gen_single_instance.gtwiz_userclk_tx_inst/gen_gtwiz_userclk_tx_main.bufg_gt_usrclk2_inst/O
    X3Y3 (CLOCK_ROOT)    net (fo=136, routed)         1.778     2.175    phy_inst/eth_phy_10g_tx_inst/eth_phy_10g_tx_if_inst/tx_clk
    SLICE_X99Y186        FDRE                                         r  phy_inst/eth_phy_10g_tx_inst/eth_phy_10g_tx_if_inst/scrambler_state_reg_reg[35]/C
  -------------------------------------------------------------------    -------------------
    SLICE_X99Y186        FDRE (Prop_BFF_SLICEL_C_Q)
                                                      0.113     2.288 r  phy_inst/eth_phy_10g_tx_inst/eth_phy_10g_tx_if_inst/scrambler_state_reg_reg[35]/Q
                         net (fo=3, routed)           0.297     2.585    phy_inst/eth_phy_10g_tx_inst/eth_phy_10g_tx_if_inst/scrambler_state_reg_0[35]
    SLICE_X100Y185       LUT3 (Prop_D5LUT_SLICEM_I1_O)
                                                      0.095     2.680 r  phy_inst/eth_phy_10g_tx_inst/eth_phy_10g_tx_if_inst/serdes_tx_data_reg[55]_i_1/O
                         net (fo=2, routed)           0.563     3.243    phy_inst/eth_phy_10g_tx_inst/eth_phy_10g_tx_if_inst/scrambled_data[55]
    SLICE_X100Y186       FDRE                                         r  phy_inst/eth_phy_10g_tx_inst/eth_phy_10g_tx_if_inst/scrambler_state_reg_reg[49]/D
  -------------------------------------------------------------------    -------------------

                         (clock gtwiz_userclk_tx_usrclk2_int rise edge)
                                                      6.400     6.400 r  
    GTHE3_CHANNEL_X0Y12  GTHE3_CHANNEL                0.000     6.400 r  example_wrapper_inst/eth_xcvr_gth_full_inst/inst/gen_gtwizard_gthe3_top.eth_xcvr_gth_full_gtwizard_gthe3_inst/gen_gtwizard_gthe3.gen_channel_container[0].gen_enabled_channel.gthe3_channel_wrapper_inst/channel_inst/gthe3_channel_gen.gen_gthe3_channel_inst[0].GTHE3_CHANNEL_PRIM_INST/TXOUTCLK
                         net (fo=3, routed)           0.046     6.446    example_wrapper_inst/eth_xcvr_gth_full_inst/inst/gen_gtwizard_gthe3_top.eth_xcvr_gth_full_gtwizard_gthe3_inst/gen_gtwizard_gthe3.gen_tx_user_clocking_internal.gen_single_instance.gtwiz_userclk_tx_inst/txoutclk_out[0]
    BUFG_GT_X0Y84        BUFG_GT (Prop_BUFG_GT_I_O)
                                                      0.283     6.729 r  example_wrapper_inst/eth_xcvr_gth_full_inst/inst/gen_gtwizard_gthe3_top.eth_xcvr_gth_full_gtwizard_gthe3_inst/gen_gtwizard_gthe3.gen_tx_user_clocking_internal.gen_single_instance.gtwiz_userclk_tx_inst/gen_gtwiz_userclk_tx_main.bufg_gt_usrclk2_inst/O
    X3Y3 (CLOCK_ROOT)    net (fo=136, routed)         1.536     8.265    phy_inst/eth_phy_10g_tx_inst/eth_phy_10g_tx_if_inst/tx_clk
    SLICE_X100Y186       FDRE                                         r  phy_inst/eth_phy_10g_tx_inst/eth_phy_10g_tx_if_inst/scrambler_state_reg_reg[49]/C
                         clock pessimism              0.160     8.425    
                         clock uncertainty           -0.035     8.390    
    SLICE_X100Y186       FDRE (Setup_BFF_SLICEM_C_D)
                                                      0.058     8.448    phy_inst/eth_phy_10g_tx_inst/eth_phy_10g_tx_if_inst/scrambler_state_reg_reg[49]
  -------------------------------------------------------------------
                         required time                          8.448    
                         arrival time                          -3.243    
  -------------------------------------------------------------------
                         slack                                  5.205    





Min Delay Paths
--------------------------------------------------------------------------------------
Slack (MET) :             0.030ns  (arrival time - required time)
  Source:                 phy_inst/eth_phy_10g_tx_inst/eth_phy_10g_tx_if_inst/serdes_tx_data_reg_reg[50]/C
                            (rising edge-triggered cell FDRE clocked by gtwiz_userclk_tx_usrclk2_int  {rise@0.000ns fall@3.200ns period=6.400ns})
  Destination:            example_wrapper_inst/eth_xcvr_gth_full_inst/inst/gen_gtwizard_gthe3_top.eth_xcvr_gth_full_gtwizard_gthe3_inst/gen_gtwizard_gthe3.gen_channel_container[0].gen_enabled_channel.gthe3_channel_wrapper_inst/channel_inst/gthe3_channel_gen.gen_gthe3_channel_inst[0].GTHE3_CHANNEL_PRIM_INST/TXDATA[13]
                            (rising edge-triggered cell GTHE3_CHANNEL clocked by gtwiz_userclk_tx_usrclk2_int  {rise@0.000ns fall@3.200ns period=6.400ns})
  Path Group:             gtwiz_userclk_tx_usrclk2_int
  Path Type:              Hold (Min at Fast Process Corner)
  Requirement:            0.000ns  (gtwiz_userclk_tx_usrclk2_int rise@0.000ns - gtwiz_userclk_tx_usrclk2_int rise@0.000ns)
  Data Path Delay:        0.211ns  (logic 0.048ns (22.749%)  route 0.163ns (77.251%))
  Logic Levels:           0  
  Clock Path Skew:        0.017ns (DCD - SCD - CPR)
    Destination Clock Delay (DCD):    0.998ns
    Source Clock Delay      (SCD):    0.852ns
    Clock Pessimism Removal (CPR):    0.129ns
  Clock Net Delay (Source):      0.734ns (routing 0.158ns, distribution 0.576ns)
  Clock Net Delay (Destination): 0.833ns (routing 0.184ns, distribution 0.649ns)

    Location             Delay type                Incr(ns)  Path(ns)    Netlist Resource(s)
  -------------------------------------------------------------------    -------------------
                         (clock gtwiz_userclk_tx_usrclk2_int rise edge)
                                                      0.000     0.000 r  
    GTHE3_CHANNEL_X0Y12  GTHE3_CHANNEL                0.000     0.000 r  example_wrapper_inst/eth_xcvr_gth_full_inst/inst/gen_gtwizard_gthe3_top.eth_xcvr_gth_full_gtwizard_gthe3_inst/gen_gtwizard_gthe3.gen_channel_container[0].gen_enabled_channel.gthe3_channel_wrapper_inst/channel_inst/gthe3_channel_gen.gen_gthe3_channel_inst[0].GTHE3_CHANNEL_PRIM_INST/TXOUTCLK
                         net (fo=3, routed)           0.018     0.018    example_wrapper_inst/eth_xcvr_gth_full_inst/inst/gen_gtwizard_gthe3_top.eth_xcvr_gth_full_gtwizard_gthe3_inst/gen_gtwizard_gthe3.gen_tx_user_clocking_internal.gen_single_instance.gtwiz_userclk_tx_inst/txoutclk_out[0]
    BUFG_GT_X0Y84        BUFG_GT (Prop_BUFG_GT_I_O)
                                                      0.100     0.118 r  example_wrapper_inst/eth_xcvr_gth_full_inst/inst/gen_gtwizard_gthe3_top.eth_xcvr_gth_full_gtwizard_gthe3_inst/gen_gtwizard_gthe3.gen_tx_user_clocking_internal.gen_single_instance.gtwiz_userclk_tx_inst/gen_gtwiz_userclk_tx_main.bufg_gt_usrclk2_inst/O
    X3Y3 (CLOCK_ROOT)    net (fo=136, routed)         0.734     0.852    phy_inst/eth_phy_10g_tx_inst/eth_phy_10g_tx_if_inst/tx_clk
    SLICE_X99Y185        FDRE                                         r  phy_inst/eth_phy_10g_tx_inst/eth_phy_10g_tx_if_inst/serdes_tx_data_reg_reg[50]/C
  -------------------------------------------------------------------    -------------------
    SLICE_X99Y185        FDRE (Prop_GFF2_SLICEL_C_Q)
                                                      0.048     0.900 r  phy_inst/eth_phy_10g_tx_inst/eth_phy_10g_tx_if_inst/serdes_tx_data_reg_reg[50]/Q
                         net (fo=1, routed)           0.163     1.063    example_wrapper_inst/eth_xcvr_gth_full_inst/inst/gen_gtwizard_gthe3_top.eth_xcvr_gth_full_gtwizard_gthe3_inst/gen_gtwizard_gthe3.gen_channel_container[0].gen_enabled_channel.gthe3_channel_wrapper_inst/channel_inst/gtwiz_userdata_tx_in[13]
    GTHE3_CHANNEL_X0Y12  GTHE3_CHANNEL                                r  example_wrapper_inst/eth_xcvr_gth_full_inst/inst/gen_gtwizard_gthe3_top.eth_xcvr_gth_full_gtwizard_gthe3_inst/gen_gtwizard_gthe3.gen_channel_container[0].gen_enabled_channel.gthe3_channel_wrapper_inst/channel_inst/gthe3_channel_gen.gen_gthe3_channel_inst[0].GTHE3_CHANNEL_PRIM_INST/TXDATA[13]
  -------------------------------------------------------------------    -------------------

                         (clock gtwiz_userclk_tx_usrclk2_int rise edge)
                                                      0.000     0.000 r  
    GTHE3_CHANNEL_X0Y12  GTHE3_CHANNEL                0.000     0.000 r  example_wrapper_inst/eth_xcvr_gth_full_inst/inst/gen_gtwizard_gthe3_top.eth_xcvr_gth_full_gtwizard_gthe3_inst/gen_gtwizard_gthe3.gen_channel_container[0].gen_enabled_channel.gthe3_channel_wrapper_inst/channel_inst/gthe3_channel_gen.gen_gthe3_channel_inst[0].GTHE3_CHANNEL_PRIM_INST/TXOUTCLK
                         net (fo=3, routed)           0.035     0.035    example_wrapper_inst/eth_xcvr_gth_full_inst/inst/gen_gtwizard_gthe3_top.eth_xcvr_gth_full_gtwizard_gthe3_inst/gen_gtwizard_gthe3.gen_tx_user_clocking_internal.gen_single_instance.gtwiz_userclk_tx_inst/txoutclk_out[0]
    BUFG_GT_X0Y84        BUFG_GT (Prop_BUFG_GT_I_O)
                                                      0.130     0.165 r  example_wrapper_inst/eth_xcvr_gth_full_inst/inst/gen_gtwizard_gthe3_top.eth_xcvr_gth_full_gtwizard_gthe3_inst/gen_gtwizard_gthe3.gen_tx_user_clocking_internal.gen_single_instance.gtwiz_userclk_tx_inst/gen_gtwiz_userclk_tx_main.bufg_gt_usrclk2_inst/O
    X3Y3 (CLOCK_ROOT)    net (fo=136, routed)         0.833     0.998    example_wrapper_inst/eth_xcvr_gth_full_inst/inst/gen_gtwizard_gthe3_top.eth_xcvr_gth_full_gtwizard_gthe3_inst/gen_gtwizard_gthe3.gen_channel_container[0].gen_enabled_channel.gthe3_channel_wrapper_inst/channel_inst/gtwiz_userclk_tx_usrclk2_out[0]
    GTHE3_CHANNEL_X0Y12  GTHE3_CHANNEL                                r  example_wrapper_inst/eth_xcvr_gth_full_inst/inst/gen_gtwizard_gthe3_top.eth_xcvr_gth_full_gtwizard_gthe3_inst/gen_gtwizard_gthe3.gen_channel_container[0].gen_enabled_channel.gthe3_channel_wrapper_inst/channel_inst/gthe3_channel_gen.gen_gthe3_channel_inst[0].GTHE3_CHANNEL_PRIM_INST/TXUSRCLK2
                         clock pessimism             -0.129     0.869    
    GTHE3_CHANNEL_X0Y12  GTHE3_CHANNEL (Hold_GTHE3_CHANNEL_TXUSRCLK2_TXDATA[13])
                                                      0.164     1.033    example_wrapper_inst/eth_xcvr_gth_full_inst/inst/gen_gtwizard_gthe3_top.eth_xcvr_gth_full_gtwizard_gthe3_inst/gen_gtwizard_gthe3.gen_channel_container[0].gen_enabled_channel.gthe3_channel_wrapper_inst/channel_inst/gthe3_channel_gen.gen_gthe3_channel_inst[0].GTHE3_CHANNEL_PRIM_INST
  -------------------------------------------------------------------
                         required time                         -1.033    
                         arrival time                           1.063    
  -------------------------------------------------------------------
                         slack                                  0.030    

Slack (MET) :             0.034ns  (arrival time - required time)
  Source:                 phy_inst/eth_phy_10g_tx_inst/eth_phy_10g_tx_if_inst/serdes_tx_hdr_reg_reg[0]/C
                            (rising edge-triggered cell FDRE clocked by gtwiz_userclk_tx_usrclk2_int  {rise@0.000ns fall@3.200ns period=6.400ns})
  Destination:            example_wrapper_inst/eth_xcvr_gth_full_inst/inst/gen_gtwizard_gthe3_top.eth_xcvr_gth_full_gtwizard_gthe3_inst/gen_gtwizard_gthe3.gen_channel_container[0].gen_enabled_channel.gthe3_channel_wrapper_inst/channel_inst/gthe3_channel_gen.gen_gthe3_channel_inst[0].GTHE3_CHANNEL_PRIM_INST/TXHEADER[1]
                            (rising edge-triggered cell GTHE3_CHANNEL clocked by gtwiz_userclk_tx_usrclk2_int  {rise@0.000ns fall@3.200ns period=6.400ns})
  Path Group:             gtwiz_userclk_tx_usrclk2_int
  Path Type:              Hold (Min at Fast Process Corner)
  Requirement:            0.000ns  (gtwiz_userclk_tx_usrclk2_int rise@0.000ns - gtwiz_userclk_tx_usrclk2_int rise@0.000ns)
  Data Path Delay:        0.264ns  (logic 0.049ns (18.561%)  route 0.215ns (81.439%))
  Logic Levels:           0  
  Clock Path Skew:        0.056ns (DCD - SCD - CPR)
    Destination Clock Delay (DCD):    0.998ns
    Source Clock Delay      (SCD):    0.869ns
    Clock Pessimism Removal (CPR):    0.073ns
  Clock Net Delay (Source):      0.751ns (routing 0.158ns, distribution 0.593ns)
  Clock Net Delay (Destination): 0.833ns (routing 0.184ns, distribution 0.649ns)

    Location             Delay type                Incr(ns)  Path(ns)    Netlist Resource(s)
  -------------------------------------------------------------------    -------------------
                         (clock gtwiz_userclk_tx_usrclk2_int rise edge)
                                                      0.000     0.000 r  
    GTHE3_CHANNEL_X0Y12  GTHE3_CHANNEL                0.000     0.000 r  example_wrapper_inst/eth_xcvr_gth_full_inst/inst/gen_gtwizard_gthe3_top.eth_xcvr_gth_full_gtwizard_gthe3_inst/gen_gtwizard_gthe3.gen_channel_container[0].gen_enabled_channel.gthe3_channel_wrapper_inst/channel_inst/gthe3_channel_gen.gen_gthe3_channel_inst[0].GTHE3_CHANNEL_PRIM_INST/TXOUTCLK
                         net (fo=3, routed)           0.018     0.018    example_wrapper_inst/eth_xcvr_gth_full_inst/inst/gen_gtwizard_gthe3_top.eth_xcvr_gth_full_gtwizard_gthe3_inst/gen_gtwizard_gthe3.gen_tx_user_clocking_internal.gen_single_instance.gtwiz_userclk_tx_inst/txoutclk_out[0]
    BUFG_GT_X0Y84        BUFG_GT (Prop_BUFG_GT_I_O)
                                                      0.100     0.118 r  example_wrapper_inst/eth_xcvr_gth_full_inst/inst/gen_gtwizard_gthe3_top.eth_xcvr_gth_full_gtwizard_gthe3_inst/gen_gtwizard_gthe3.gen_tx_user_clocking_internal.gen_single_instance.gtwiz_userclk_tx_inst/gen_gtwiz_userclk_tx_main.bufg_gt_usrclk2_inst/O
    X3Y3 (CLOCK_ROOT)    net (fo=136, routed)         0.751     0.869    phy_inst/eth_phy_10g_tx_inst/eth_phy_10g_tx_if_inst/tx_clk
    SLICE_X97Y176        FDRE                                         r  phy_inst/eth_phy_10g_tx_inst/eth_phy_10g_tx_if_inst/serdes_tx_hdr_reg_reg[0]/C
  -------------------------------------------------------------------    -------------------
    SLICE_X97Y176        FDRE (Prop_EFF_SLICEL_C_Q)
                                                      0.049     0.918 r  phy_inst/eth_phy_10g_tx_inst/eth_phy_10g_tx_if_inst/serdes_tx_hdr_reg_reg[0]/Q
                         net (fo=1, routed)           0.215     1.133    example_wrapper_inst/eth_xcvr_gth_full_inst/inst/gen_gtwizard_gthe3_top.eth_xcvr_gth_full_gtwizard_gthe3_inst/gen_gtwizard_gthe3.gen_channel_container[0].gen_enabled_channel.gthe3_channel_wrapper_inst/channel_inst/txheader_in[1]
    GTHE3_CHANNEL_X0Y12  GTHE3_CHANNEL                                r  example_wrapper_inst/eth_xcvr_gth_full_inst/inst/gen_gtwizard_gthe3_top.eth_xcvr_gth_full_gtwizard_gthe3_inst/gen_gtwizard_gthe3.gen_channel_container[0].gen_enabled_channel.gthe3_channel_wrapper_inst/channel_inst/gthe3_channel_gen.gen_gthe3_channel_inst[0].GTHE3_CHANNEL_PRIM_INST/TXHEADER[1]
  -------------------------------------------------------------------    -------------------

                         (clock gtwiz_userclk_tx_usrclk2_int rise edge)
                                                      0.000     0.000 r  
    GTHE3_CHANNEL_X0Y12  GTHE3_CHANNEL                0.000     0.000 r  example_wrapper_inst/eth_xcvr_gth_full_inst/inst/gen_gtwizard_gthe3_top.eth_xcvr_gth_full_gtwizard_gthe3_inst/gen_gtwizard_gthe3.gen_channel_container[0].gen_enabled_channel.gthe3_channel_wrapper_inst/channel_inst/gthe3_channel_gen.gen_gthe3_channel_inst[0].GTHE3_CHANNEL_PRIM_INST/TXOUTCLK
                         net (fo=3, routed)           0.035     0.035    example_wrapper_inst/eth_xcvr_gth_full_inst/inst/gen_gtwizard_gthe3_top.eth_xcvr_gth_full_gtwizard_gthe3_inst/gen_gtwizard_gthe3.gen_tx_user_clocking_internal.gen_single_instance.gtwiz_userclk_tx_inst/txoutclk_out[0]
    BUFG_GT_X0Y84        BUFG_GT (Prop_BUFG_GT_I_O)
                                                      0.130     0.165 r  example_wrapper_inst/eth_xcvr_gth_full_inst/inst/gen_gtwizard_gthe3_top.eth_xcvr_gth_full_gtwizard_gthe3_inst/gen_gtwizard_gthe3.gen_tx_user_clocking_internal.gen_single_instance.gtwiz_userclk_tx_inst/gen_gtwiz_userclk_tx_main.bufg_gt_usrclk2_inst/O
    X3Y3 (CLOCK_ROOT)    net (fo=136, routed)         0.833     0.998    example_wrapper_inst/eth_xcvr_gth_full_inst/inst/gen_gtwizard_gthe3_top.eth_xcvr_gth_full_gtwizard_gthe3_inst/gen_gtwizard_gthe3.gen_channel_container[0].gen_enabled_channel.gthe3_channel_wrapper_inst/channel_inst/gtwiz_userclk_tx_usrclk2_out[0]
    GTHE3_CHANNEL_X0Y12  GTHE3_CHANNEL                                r  example_wrapper_inst/eth_xcvr_gth_full_inst/inst/gen_gtwizard_gthe3_top.eth_xcvr_gth_full_gtwizard_gthe3_inst/gen_gtwizard_gthe3.gen_channel_container[0].gen_enabled_channel.gthe3_channel_wrapper_inst/channel_inst/gthe3_channel_gen.gen_gthe3_channel_inst[0].GTHE3_CHANNEL_PRIM_INST/TXUSRCLK2
                         clock pessimism             -0.073     0.925    
    GTHE3_CHANNEL_X0Y12  GTHE3_CHANNEL (Hold_GTHE3_CHANNEL_TXUSRCLK2_TXHEADER[1])
                                                      0.174     1.099    example_wrapper_inst/eth_xcvr_gth_full_inst/inst/gen_gtwizard_gthe3_top.eth_xcvr_gth_full_gtwizard_gthe3_inst/gen_gtwizard_gthe3.gen_channel_container[0].gen_enabled_channel.gthe3_channel_wrapper_inst/channel_inst/gthe3_channel_gen.gen_gthe3_channel_inst[0].GTHE3_CHANNEL_PRIM_INST
  -------------------------------------------------------------------
                         required time                         -1.099    
                         arrival time                           1.133    
  -------------------------------------------------------------------
                         slack                                  0.034    

Slack (MET) :             0.035ns  (arrival time - required time)
  Source:                 phy_inst/eth_phy_10g_tx_inst/eth_phy_10g_tx_if_inst/serdes_tx_data_reg_reg[37]/C
                            (rising edge-triggered cell FDRE clocked by gtwiz_userclk_tx_usrclk2_int  {rise@0.000ns fall@3.200ns period=6.400ns})
  Destination:            example_wrapper_inst/eth_xcvr_gth_full_inst/inst/gen_gtwizard_gthe3_top.eth_xcvr_gth_full_gtwizard_gthe3_inst/gen_gtwizard_gthe3.gen_channel_container[0].gen_enabled_channel.gthe3_channel_wrapper_inst/channel_inst/gthe3_channel_gen.gen_gthe3_channel_inst[0].GTHE3_CHANNEL_PRIM_INST/TXDATA[26]
                            (rising edge-triggered cell GTHE3_CHANNEL clocked by gtwiz_userclk_tx_usrclk2_int  {rise@0.000ns fall@3.200ns period=6.400ns})
  Path Group:             gtwiz_userclk_tx_usrclk2_int
  Path Type:              Hold (Min at Fast Process Corner)
  Requirement:            0.000ns  (gtwiz_userclk_tx_usrclk2_int rise@0.000ns - gtwiz_userclk_tx_usrclk2_int rise@0.000ns)
  Data Path Delay:        0.172ns  (logic 0.048ns (27.907%)  route 0.124ns (72.093%))
  Logic Levels:           0  
  Clock Path Skew:        -0.035ns (DCD - SCD - CPR)
    Destination Clock Delay (DCD):    0.998ns
    Source Clock Delay      (SCD):    0.863ns
    Clock Pessimism Removal (CPR):    0.170ns
  Clock Net Delay (Source):      0.745ns (routing 0.158ns, distribution 0.587ns)
  Clock Net Delay (Destination): 0.833ns (routing 0.184ns, distribution 0.649ns)

    Location             Delay type                Incr(ns)  Path(ns)    Netlist Resource(s)
  -------------------------------------------------------------------    -------------------
                         (clock gtwiz_userclk_tx_usrclk2_int rise edge)
                                                      0.000     0.000 r  
    GTHE3_CHANNEL_X0Y12  GTHE3_CHANNEL                0.000     0.000 r  example_wrapper_inst/eth_xcvr_gth_full_inst/inst/gen_gtwizard_gthe3_top.eth_xcvr_gth_full_gtwizard_gthe3_inst/gen_gtwizard_gthe3.gen_channel_container[0].gen_enabled_channel.gthe3_channel_wrapper_inst/channel_inst/gthe3_channel_gen.gen_gthe3_channel_inst[0].GTHE3_CHANNEL_PRIM_INST/TXOUTCLK
                         net (fo=3, routed)           0.018     0.018    example_wrapper_inst/eth_xcvr_gth_full_inst/inst/gen_gtwizard_gthe3_top.eth_xcvr_gth_full_gtwizard_gthe3_inst/gen_gtwizard_gthe3.gen_tx_user_clocking_internal.gen_single_instance.gtwiz_userclk_tx_inst/txoutclk_out[0]
    BUFG_GT_X0Y84        BUFG_GT (Prop_BUFG_GT_I_O)
                                                      0.100     0.118 r  example_wrapper_inst/eth_xcvr_gth_full_inst/inst/gen_gtwizard_gthe3_top.eth_xcvr_gth_full_gtwizard_gthe3_inst/gen_gtwizard_gthe3.gen_tx_user_clocking_internal.gen_single_instance.gtwiz_userclk_tx_inst/gen_gtwiz_userclk_tx_main.bufg_gt_usrclk2_inst/O
    X3Y3 (CLOCK_ROOT)    net (fo=136, routed)         0.745     0.863    phy_inst/eth_phy_10g_tx_inst/eth_phy_10g_tx_if_inst/tx_clk
    SLICE_X100Y185       FDRE                                         r  phy_inst/eth_phy_10g_tx_inst/eth_phy_10g_tx_if_inst/serdes_tx_data_reg_reg[37]/C
  -------------------------------------------------------------------    -------------------
    SLICE_X100Y185       FDRE (Prop_CFF_SLICEM_C_Q)
                                                      0.048     0.911 r  phy_inst/eth_phy_10g_tx_inst/eth_phy_10g_tx_if_inst/serdes_tx_data_reg_reg[37]/Q
                         net (fo=1, routed)           0.124     1.035    example_wrapper_inst/eth_xcvr_gth_full_inst/inst/gen_gtwizard_gthe3_top.eth_xcvr_gth_full_gtwizard_gthe3_inst/gen_gtwizard_gthe3.gen_channel_container[0].gen_enabled_channel.gthe3_channel_wrapper_inst/channel_inst/gtwiz_userdata_tx_in[26]
    GTHE3_CHANNEL_X0Y12  GTHE3_CHANNEL                                r  example_wrapper_inst/eth_xcvr_gth_full_inst/inst/gen_gtwizard_gthe3_top.eth_xcvr_gth_full_gtwizard_gthe3_inst/gen_gtwizard_gthe3.gen_channel_container[0].gen_enabled_channel.gthe3_channel_wrapper_inst/channel_inst/gthe3_channel_gen.gen_gthe3_channel_inst[0].GTHE3_CHANNEL_PRIM_INST/TXDATA[26]
  -------------------------------------------------------------------    -------------------

                         (clock gtwiz_userclk_tx_usrclk2_int rise edge)
                                                      0.000     0.000 r  
    GTHE3_CHANNEL_X0Y12  GTHE3_CHANNEL                0.000     0.000 r  example_wrapper_inst/eth_xcvr_gth_full_inst/inst/gen_gtwizard_gthe3_top.eth_xcvr_gth_full_gtwizard_gthe3_inst/gen_gtwizard_gthe3.gen_channel_container[0].gen_enabled_channel.gthe3_channel_wrapper_inst/channel_inst/gthe3_channel_gen.gen_gthe3_channel_inst[0].GTHE3_CHANNEL_PRIM_INST/TXOUTCLK
                         net (fo=3, routed)           0.035     0.035    example_wrapper_inst/eth_xcvr_gth_full_inst/inst/gen_gtwizard_gthe3_top.eth_xcvr_gth_full_gtwizard_gthe3_inst/gen_gtwizard_gthe3.gen_tx_user_clocking_internal.gen_single_instance.gtwiz_userclk_tx_inst/txoutclk_out[0]
    BUFG_GT_X0Y84        BUFG_GT (Prop_BUFG_GT_I_O)
                                                      0.130     0.165 r  example_wrapper_inst/eth_xcvr_gth_full_inst/inst/gen_gtwizard_gthe3_top.eth_xcvr_gth_full_gtwizard_gthe3_inst/gen_gtwizard_gthe3.gen_tx_user_clocking_internal.gen_single_instance.gtwiz_userclk_tx_inst/gen_gtwiz_userclk_tx_main.bufg_gt_usrclk2_inst/O
    X3Y3 (CLOCK_ROOT)    net (fo=136, routed)         0.833     0.998    example_wrapper_inst/eth_xcvr_gth_full_inst/inst/gen_gtwizard_gthe3_top.eth_xcvr_gth_full_gtwizard_gthe3_inst/gen_gtwizard_gthe3.gen_channel_container[0].gen_enabled_channel.gthe3_channel_wrapper_inst/channel_inst/gtwiz_userclk_tx_usrclk2_out[0]
    GTHE3_CHANNEL_X0Y12  GTHE3_CHANNEL                                r  example_wrapper_inst/eth_xcvr_gth_full_inst/inst/gen_gtwizard_gthe3_top.eth_xcvr_gth_full_gtwizard_gthe3_inst/gen_gtwizard_gthe3.gen_channel_container[0].gen_enabled_channel.gthe3_channel_wrapper_inst/channel_inst/gthe3_channel_gen.gen_gthe3_channel_inst[0].GTHE3_CHANNEL_PRIM_INST/TXUSRCLK2
                         clock pessimism             -0.170     0.828    
    GTHE3_CHANNEL_X0Y12  GTHE3_CHANNEL (Hold_GTHE3_CHANNEL_TXUSRCLK2_TXDATA[26])
                                                      0.172     1.000    example_wrapper_inst/eth_xcvr_gth_full_inst/inst/gen_gtwizard_gthe3_top.eth_xcvr_gth_full_gtwizard_gthe3_inst/gen_gtwizard_gthe3.gen_channel_container[0].gen_enabled_channel.gthe3_channel_wrapper_inst/channel_inst/gthe3_channel_gen.gen_gthe3_channel_inst[0].GTHE3_CHANNEL_PRIM_INST
  -------------------------------------------------------------------
                         required time                         -1.000    
                         arrival time                           1.035    
  -------------------------------------------------------------------
                         slack                                  0.035    

Slack (MET) :             0.038ns  (arrival time - required time)
  Source:                 phy_inst/eth_phy_10g_tx_inst/eth_phy_10g_tx_if_inst/serdes_tx_data_reg_reg[29]/C
                            (rising edge-triggered cell FDRE clocked by gtwiz_userclk_tx_usrclk2_int  {rise@0.000ns fall@3.200ns period=6.400ns})
  Destination:            example_wrapper_inst/eth_xcvr_gth_full_inst/inst/gen_gtwizard_gthe3_top.eth_xcvr_gth_full_gtwizard_gthe3_inst/gen_gtwizard_gthe3.gen_channel_container[0].gen_enabled_channel.gthe3_channel_wrapper_inst/channel_inst/gthe3_channel_gen.gen_gthe3_channel_inst[0].GTHE3_CHANNEL_PRIM_INST/TXDATA[34]
                            (rising edge-triggered cell GTHE3_CHANNEL clocked by gtwiz_userclk_tx_usrclk2_int  {rise@0.000ns fall@3.200ns period=6.400ns})
  Path Group:             gtwiz_userclk_tx_usrclk2_int
  Path Type:              Hold (Min at Fast Process Corner)
  Requirement:            0.000ns  (gtwiz_userclk_tx_usrclk2_int rise@0.000ns - gtwiz_userclk_tx_usrclk2_int rise@0.000ns)
  Data Path Delay:        0.141ns  (logic 0.049ns (34.752%)  route 0.092ns (65.248%))
  Logic Levels:           0  
  Clock Path Skew:        -0.020ns (DCD - SCD - CPR)
    Destination Clock Delay (DCD):    0.998ns
    Source Clock Delay      (SCD):    0.859ns
    Clock Pessimism Removal (CPR):    0.159ns
  Clock Net Delay (Source):      0.741ns (routing 0.158ns, distribution 0.583ns)
  Clock Net Delay (Destination): 0.833ns (routing 0.184ns, distribution 0.649ns)

    Location             Delay type                Incr(ns)  Path(ns)    Netlist Resource(s)
  -------------------------------------------------------------------    -------------------
                         (clock gtwiz_userclk_tx_usrclk2_int rise edge)
                                                      0.000     0.000 r  
    GTHE3_CHANNEL_X0Y12  GTHE3_CHANNEL                0.000     0.000 r  example_wrapper_inst/eth_xcvr_gth_full_inst/inst/gen_gtwizard_gthe3_top.eth_xcvr_gth_full_gtwizard_gthe3_inst/gen_gtwizard_gthe3.gen_channel_container[0].gen_enabled_channel.gthe3_channel_wrapper_inst/channel_inst/gthe3_channel_gen.gen_gthe3_channel_inst[0].GTHE3_CHANNEL_PRIM_INST/TXOUTCLK
                         net (fo=3, routed)           0.018     0.018    example_wrapper_inst/eth_xcvr_gth_full_inst/inst/gen_gtwizard_gthe3_top.eth_xcvr_gth_full_gtwizard_gthe3_inst/gen_gtwizard_gthe3.gen_tx_user_clocking_internal.gen_single_instance.gtwiz_userclk_tx_inst/txoutclk_out[0]
    BUFG_GT_X0Y84        BUFG_GT (Prop_BUFG_GT_I_O)
                                                      0.100     0.118 r  example_wrapper_inst/eth_xcvr_gth_full_inst/inst/gen_gtwizard_gthe3_top.eth_xcvr_gth_full_gtwizard_gthe3_inst/gen_gtwizard_gthe3.gen_tx_user_clocking_internal.gen_single_instance.gtwiz_userclk_tx_inst/gen_gtwiz_userclk_tx_main.bufg_gt_usrclk2_inst/O
    X3Y3 (CLOCK_ROOT)    net (fo=136, routed)         0.741     0.859    phy_inst/eth_phy_10g_tx_inst/eth_phy_10g_tx_if_inst/tx_clk
    SLICE_X100Y186       FDRE                                         r  phy_inst/eth_phy_10g_tx_inst/eth_phy_10g_tx_if_inst/serdes_tx_data_reg_reg[29]/C
  -------------------------------------------------------------------    -------------------
    SLICE_X100Y186       FDRE (Prop_DFF2_SLICEM_C_Q)
                                                      0.049     0.908 r  phy_inst/eth_phy_10g_tx_inst/eth_phy_10g_tx_if_inst/serdes_tx_data_reg_reg[29]/Q
                         net (fo=1, routed)           0.092     1.000    example_wrapper_inst/eth_xcvr_gth_full_inst/inst/gen_gtwizard_gthe3_top.eth_xcvr_gth_full_gtwizard_gthe3_inst/gen_gtwizard_gthe3.gen_channel_container[0].gen_enabled_channel.gthe3_channel_wrapper_inst/channel_inst/gtwiz_userdata_tx_in[34]
    GTHE3_CHANNEL_X0Y12  GTHE3_CHANNEL                                r  example_wrapper_inst/eth_xcvr_gth_full_inst/inst/gen_gtwizard_gthe3_top.eth_xcvr_gth_full_gtwizard_gthe3_inst/gen_gtwizard_gthe3.gen_channel_container[0].gen_enabled_channel.gthe3_channel_wrapper_inst/channel_inst/gthe3_channel_gen.gen_gthe3_channel_inst[0].GTHE3_CHANNEL_PRIM_INST/TXDATA[34]
  -------------------------------------------------------------------    -------------------

                         (clock gtwiz_userclk_tx_usrclk2_int rise edge)
                                                      0.000     0.000 r  
    GTHE3_CHANNEL_X0Y12  GTHE3_CHANNEL                0.000     0.000 r  example_wrapper_inst/eth_xcvr_gth_full_inst/inst/gen_gtwizard_gthe3_top.eth_xcvr_gth_full_gtwizard_gthe3_inst/gen_gtwizard_gthe3.gen_channel_container[0].gen_enabled_channel.gthe3_channel_wrapper_inst/channel_inst/gthe3_channel_gen.gen_gthe3_channel_inst[0].GTHE3_CHANNEL_PRIM_INST/TXOUTCLK
                         net (fo=3, routed)           0.035     0.035    example_wrapper_inst/eth_xcvr_gth_full_inst/inst/gen_gtwizard_gthe3_top.eth_xcvr_gth_full_gtwizard_gthe3_inst/gen_gtwizard_gthe3.gen_tx_user_clocking_internal.gen_single_instance.gtwiz_userclk_tx_inst/txoutclk_out[0]
    BUFG_GT_X0Y84        BUFG_GT (Prop_BUFG_GT_I_O)
                                                      0.130     0.165 r  example_wrapper_inst/eth_xcvr_gth_full_inst/inst/gen_gtwizard_gthe3_top.eth_xcvr_gth_full_gtwizard_gthe3_inst/gen_gtwizard_gthe3.gen_tx_user_clocking_internal.gen_single_instance.gtwiz_userclk_tx_inst/gen_gtwiz_userclk_tx_main.bufg_gt_usrclk2_inst/O
    X3Y3 (CLOCK_ROOT)    net (fo=136, routed)         0.833     0.998    example_wrapper_inst/eth_xcvr_gth_full_inst/inst/gen_gtwizard_gthe3_top.eth_xcvr_gth_full_gtwizard_gthe3_inst/gen_gtwizard_gthe3.gen_channel_container[0].gen_enabled_channel.gthe3_channel_wrapper_inst/channel_inst/gtwiz_userclk_tx_usrclk2_out[0]
    GTHE3_CHANNEL_X0Y12  GTHE3_CHANNEL                                r  example_wrapper_inst/eth_xcvr_gth_full_inst/inst/gen_gtwizard_gthe3_top.eth_xcvr_gth_full_gtwizard_gthe3_inst/gen_gtwizard_gthe3.gen_channel_container[0].gen_enabled_channel.gthe3_channel_wrapper_inst/channel_inst/gthe3_channel_gen.gen_gthe3_channel_inst[0].GTHE3_CHANNEL_PRIM_INST/TXUSRCLK2
                         clock pessimism             -0.159     0.839    
    GTHE3_CHANNEL_X0Y12  GTHE3_CHANNEL (Hold_GTHE3_CHANNEL_TXUSRCLK2_TXDATA[34])
                                                      0.123     0.962    example_wrapper_inst/eth_xcvr_gth_full_inst/inst/gen_gtwizard_gthe3_top.eth_xcvr_gth_full_gtwizard_gthe3_inst/gen_gtwizard_gthe3.gen_channel_container[0].gen_enabled_channel.gthe3_channel_wrapper_inst/channel_inst/gthe3_channel_gen.gen_gthe3_channel_inst[0].GTHE3_CHANNEL_PRIM_INST
  -------------------------------------------------------------------
                         required time                         -0.962    
                         arrival time                           1.000    
  -------------------------------------------------------------------
                         slack                                  0.038    

Slack (MET) :             0.038ns  (arrival time - required time)
  Source:                 phy_inst/eth_phy_10g_tx_inst/eth_phy_10g_tx_if_inst/serdes_tx_data_reg_reg[61]/C
                            (rising edge-triggered cell FDRE clocked by gtwiz_userclk_tx_usrclk2_int  {rise@0.000ns fall@3.200ns period=6.400ns})
  Destination:            example_wrapper_inst/eth_xcvr_gth_full_inst/inst/gen_gtwizard_gthe3_top.eth_xcvr_gth_full_gtwizard_gthe3_inst/gen_gtwizard_gthe3.gen_channel_container[0].gen_enabled_channel.gthe3_channel_wrapper_inst/channel_inst/gthe3_channel_gen.gen_gthe3_channel_inst[0].GTHE3_CHANNEL_PRIM_INST/TXDATA[2]
                            (rising edge-triggered cell GTHE3_CHANNEL clocked by gtwiz_userclk_tx_usrclk2_int  {rise@0.000ns fall@3.200ns period=6.400ns})
  Path Group:             gtwiz_userclk_tx_usrclk2_int
  Path Type:              Hold (Min at Fast Process Corner)
  Requirement:            0.000ns  (gtwiz_userclk_tx_usrclk2_int rise@0.000ns - gtwiz_userclk_tx_usrclk2_int rise@0.000ns)
  Data Path Delay:        0.169ns  (logic 0.049ns (28.994%)  route 0.120ns (71.006%))
  Logic Levels:           0  
  Clock Path Skew:        -0.016ns (DCD - SCD - CPR)
    Destination Clock Delay (DCD):    0.998ns
    Source Clock Delay      (SCD):    0.855ns
    Clock Pessimism Removal (CPR):    0.159ns
  Clock Net Delay (Source):      0.737ns (routing 0.158ns, distribution 0.579ns)
  Clock Net Delay (Destination): 0.833ns (routing 0.184ns, distribution 0.649ns)

    Location             Delay type                Incr(ns)  Path(ns)    Netlist Resource(s)
  -------------------------------------------------------------------    -------------------
                         (clock gtwiz_userclk_tx_usrclk2_int rise edge)
                                                      0.000     0.000 r  
    GTHE3_CHANNEL_X0Y12  GTHE3_CHANNEL                0.000     0.000 r  example_wrapper_inst/eth_xcvr_gth_full_inst/inst/gen_gtwizard_gthe3_top.eth_xcvr_gth_full_gtwizard_gthe3_inst/gen_gtwizard_gthe3.gen_channel_container[0].gen_enabled_channel.gthe3_channel_wrapper_inst/channel_inst/gthe3_channel_gen.gen_gthe3_channel_inst[0].GTHE3_CHANNEL_PRIM_INST/TXOUTCLK
                         net (fo=3, routed)           0.018     0.018    example_wrapper_inst/eth_xcvr_gth_full_inst/inst/gen_gtwizard_gthe3_top.eth_xcvr_gth_full_gtwizard_gthe3_inst/gen_gtwizard_gthe3.gen_tx_user_clocking_internal.gen_single_instance.gtwiz_userclk_tx_inst/txoutclk_out[0]
    BUFG_GT_X0Y84        BUFG_GT (Prop_BUFG_GT_I_O)
                                                      0.100     0.118 r  example_wrapper_inst/eth_xcvr_gth_full_inst/inst/gen_gtwizard_gthe3_top.eth_xcvr_gth_full_gtwizard_gthe3_inst/gen_gtwizard_gthe3.gen_tx_user_clocking_internal.gen_single_instance.gtwiz_userclk_tx_inst/gen_gtwiz_userclk_tx_main.bufg_gt_usrclk2_inst/O
    X3Y3 (CLOCK_ROOT)    net (fo=136, routed)         0.737     0.855    phy_inst/eth_phy_10g_tx_inst/eth_phy_10g_tx_if_inst/tx_clk
    SLICE_X100Y182       FDRE                                         r  phy_inst/eth_phy_10g_tx_inst/eth_phy_10g_tx_if_inst/serdes_tx_data_reg_reg[61]/C
  -------------------------------------------------------------------    -------------------
    SLICE_X100Y182       FDRE (Prop_EFF_SLICEM_C_Q)
                                                      0.049     0.904 r  phy_inst/eth_phy_10g_tx_inst/eth_phy_10g_tx_if_inst/serdes_tx_data_reg_reg[61]/Q
                         net (fo=1, routed)           0.120     1.024    example_wrapper_inst/eth_xcvr_gth_full_inst/inst/gen_gtwizard_gthe3_top.eth_xcvr_gth_full_gtwizard_gthe3_inst/gen_gtwizard_gthe3.gen_channel_container[0].gen_enabled_channel.gthe3_channel_wrapper_inst/channel_inst/gtwiz_userdata_tx_in[2]
    GTHE3_CHANNEL_X0Y12  GTHE3_CHANNEL                                r  example_wrapper_inst/eth_xcvr_gth_full_inst/inst/gen_gtwizard_gthe3_top.eth_xcvr_gth_full_gtwizard_gthe3_inst/gen_gtwizard_gthe3.gen_channel_container[0].gen_enabled_channel.gthe3_channel_wrapper_inst/channel_inst/gthe3_channel_gen.gen_gthe3_channel_inst[0].GTHE3_CHANNEL_PRIM_INST/TXDATA[2]
  -------------------------------------------------------------------    -------------------

                         (clock gtwiz_userclk_tx_usrclk2_int rise edge)
                                                      0.000     0.000 r  
    GTHE3_CHANNEL_X0Y12  GTHE3_CHANNEL                0.000     0.000 r  example_wrapper_inst/eth_xcvr_gth_full_inst/inst/gen_gtwizard_gthe3_top.eth_xcvr_gth_full_gtwizard_gthe3_inst/gen_gtwizard_gthe3.gen_channel_container[0].gen_enabled_channel.gthe3_channel_wrapper_inst/channel_inst/gthe3_channel_gen.gen_gthe3_channel_inst[0].GTHE3_CHANNEL_PRIM_INST/TXOUTCLK
                         net (fo=3, routed)           0.035     0.035    example_wrapper_inst/eth_xcvr_gth_full_inst/inst/gen_gtwizard_gthe3_top.eth_xcvr_gth_full_gtwizard_gthe3_inst/gen_gtwizard_gthe3.gen_tx_user_clocking_internal.gen_single_instance.gtwiz_userclk_tx_inst/txoutclk_out[0]
    BUFG_GT_X0Y84        BUFG_GT (Prop_BUFG_GT_I_O)
                                                      0.130     0.165 r  example_wrapper_inst/eth_xcvr_gth_full_inst/inst/gen_gtwizard_gthe3_top.eth_xcvr_gth_full_gtwizard_gthe3_inst/gen_gtwizard_gthe3.gen_tx_user_clocking_internal.gen_single_instance.gtwiz_userclk_tx_inst/gen_gtwiz_userclk_tx_main.bufg_gt_usrclk2_inst/O
    X3Y3 (CLOCK_ROOT)    net (fo=136, routed)         0.833     0.998    example_wrapper_inst/eth_xcvr_gth_full_inst/inst/gen_gtwizard_gthe3_top.eth_xcvr_gth_full_gtwizard_gthe3_inst/gen_gtwizard_gthe3.gen_channel_container[0].gen_enabled_channel.gthe3_channel_wrapper_inst/channel_inst/gtwiz_userclk_tx_usrclk2_out[0]
    GTHE3_CHANNEL_X0Y12  GTHE3_CHANNEL                                r  example_wrapper_inst/eth_xcvr_gth_full_inst/inst/gen_gtwizard_gthe3_top.eth_xcvr_gth_full_gtwizard_gthe3_inst/gen_gtwizard_gthe3.gen_channel_container[0].gen_enabled_channel.gthe3_channel_wrapper_inst/channel_inst/gthe3_channel_gen.gen_gthe3_channel_inst[0].GTHE3_CHANNEL_PRIM_INST/TXUSRCLK2
                         clock pessimism             -0.159     0.839    
    GTHE3_CHANNEL_X0Y12  GTHE3_CHANNEL (Hold_GTHE3_CHANNEL_TXUSRCLK2_TXDATA[2])
                                                      0.147     0.986    example_wrapper_inst/eth_xcvr_gth_full_inst/inst/gen_gtwizard_gthe3_top.eth_xcvr_gth_full_gtwizard_gthe3_inst/gen_gtwizard_gthe3.gen_channel_container[0].gen_enabled_channel.gthe3_channel_wrapper_inst/channel_inst/gthe3_channel_gen.gen_gthe3_channel_inst[0].GTHE3_CHANNEL_PRIM_INST
  -------------------------------------------------------------------
                         required time                         -0.986    
                         arrival time                           1.024    
  -------------------------------------------------------------------
                         slack                                  0.038    

Slack (MET) :             0.041ns  (arrival time - required time)
  Source:                 phy_inst/eth_phy_10g_tx_inst/eth_phy_10g_tx_if_inst/serdes_tx_data_reg_reg[49]/C
                            (rising edge-triggered cell FDRE clocked by gtwiz_userclk_tx_usrclk2_int  {rise@0.000ns fall@3.200ns period=6.400ns})
  Destination:            example_wrapper_inst/eth_xcvr_gth_full_inst/inst/gen_gtwizard_gthe3_top.eth_xcvr_gth_full_gtwizard_gthe3_inst/gen_gtwizard_gthe3.gen_channel_container[0].gen_enabled_channel.gthe3_channel_wrapper_inst/channel_inst/gthe3_channel_gen.gen_gthe3_channel_inst[0].GTHE3_CHANNEL_PRIM_INST/TXDATA[14]
                            (rising edge-triggered cell GTHE3_CHANNEL clocked by gtwiz_userclk_tx_usrclk2_int  {rise@0.000ns fall@3.200ns period=6.400ns})
  Path Group:             gtwiz_userclk_tx_usrclk2_int
  Path Type:              Hold (Min at Fast Process Corner)
  Requirement:            0.000ns  (gtwiz_userclk_tx_usrclk2_int rise@0.000ns - gtwiz_userclk_tx_usrclk2_int rise@0.000ns)
  Data Path Delay:        0.176ns  (logic 0.049ns (27.841%)  route 0.127ns (72.159%))
  Logic Levels:           0  
  Clock Path Skew:        -0.015ns (DCD - SCD - CPR)
    Destination Clock Delay (DCD):    0.998ns
    Source Clock Delay      (SCD):    0.854ns
    Clock Pessimism Removal (CPR):    0.159ns
  Clock Net Delay (Source):      0.736ns (routing 0.158ns, distribution 0.578ns)
  Clock Net Delay (Destination): 0.833ns (routing 0.184ns, distribution 0.649ns)

    Location             Delay type                Incr(ns)  Path(ns)    Netlist Resource(s)
  -------------------------------------------------------------------    -------------------
                         (clock gtwiz_userclk_tx_usrclk2_int rise edge)
                                                      0.000     0.000 r  
    GTHE3_CHANNEL_X0Y12  GTHE3_CHANNEL                0.000     0.000 r  example_wrapper_inst/eth_xcvr_gth_full_inst/inst/gen_gtwizard_gthe3_top.eth_xcvr_gth_full_gtwizard_gthe3_inst/gen_gtwizard_gthe3.gen_channel_container[0].gen_enabled_channel.gthe3_channel_wrapper_inst/channel_inst/gthe3_channel_gen.gen_gthe3_channel_inst[0].GTHE3_CHANNEL_PRIM_INST/TXOUTCLK
                         net (fo=3, routed)           0.018     0.018    example_wrapper_inst/eth_xcvr_gth_full_inst/inst/gen_gtwizard_gthe3_top.eth_xcvr_gth_full_gtwizard_gthe3_inst/gen_gtwizard_gthe3.gen_tx_user_clocking_internal.gen_single_instance.gtwiz_userclk_tx_inst/txoutclk_out[0]
    BUFG_GT_X0Y84        BUFG_GT (Prop_BUFG_GT_I_O)
                                                      0.100     0.118 r  example_wrapper_inst/eth_xcvr_gth_full_inst/inst/gen_gtwizard_gthe3_top.eth_xcvr_gth_full_gtwizard_gthe3_inst/gen_gtwizard_gthe3.gen_tx_user_clocking_internal.gen_single_instance.gtwiz_userclk_tx_inst/gen_gtwiz_userclk_tx_main.bufg_gt_usrclk2_inst/O
    X3Y3 (CLOCK_ROOT)    net (fo=136, routed)         0.736     0.854    phy_inst/eth_phy_10g_tx_inst/eth_phy_10g_tx_if_inst/tx_clk
    SLICE_X100Y183       FDRE                                         r  phy_inst/eth_phy_10g_tx_inst/eth_phy_10g_tx_if_inst/serdes_tx_data_reg_reg[49]/C
  -------------------------------------------------------------------    -------------------
    SLICE_X100Y183       FDRE (Prop_EFF_SLICEM_C_Q)
                                                      0.049     0.903 r  phy_inst/eth_phy_10g_tx_inst/eth_phy_10g_tx_if_inst/serdes_tx_data_reg_reg[49]/Q
                         net (fo=1, routed)           0.127     1.030    example_wrapper_inst/eth_xcvr_gth_full_inst/inst/gen_gtwizard_gthe3_top.eth_xcvr_gth_full_gtwizard_gthe3_inst/gen_gtwizard_gthe3.gen_channel_container[0].gen_enabled_channel.gthe3_channel_wrapper_inst/channel_inst/gtwiz_userdata_tx_in[14]
    GTHE3_CHANNEL_X0Y12  GTHE3_CHANNEL                                r  example_wrapper_inst/eth_xcvr_gth_full_inst/inst/gen_gtwizard_gthe3_top.eth_xcvr_gth_full_gtwizard_gthe3_inst/gen_gtwizard_gthe3.gen_channel_container[0].gen_enabled_channel.gthe3_channel_wrapper_inst/channel_inst/gthe3_channel_gen.gen_gthe3_channel_inst[0].GTHE3_CHANNEL_PRIM_INST/TXDATA[14]
  -------------------------------------------------------------------    -------------------

                         (clock gtwiz_userclk_tx_usrclk2_int rise edge)
                                                      0.000     0.000 r  
    GTHE3_CHANNEL_X0Y12  GTHE3_CHANNEL                0.000     0.000 r  example_wrapper_inst/eth_xcvr_gth_full_inst/inst/gen_gtwizard_gthe3_top.eth_xcvr_gth_full_gtwizard_gthe3_inst/gen_gtwizard_gthe3.gen_channel_container[0].gen_enabled_channel.gthe3_channel_wrapper_inst/channel_inst/gthe3_channel_gen.gen_gthe3_channel_inst[0].GTHE3_CHANNEL_PRIM_INST/TXOUTCLK
                         net (fo=3, routed)           0.035     0.035    example_wrapper_inst/eth_xcvr_gth_full_inst/inst/gen_gtwizard_gthe3_top.eth_xcvr_gth_full_gtwizard_gthe3_inst/gen_gtwizard_gthe3.gen_tx_user_clocking_internal.gen_single_instance.gtwiz_userclk_tx_inst/txoutclk_out[0]
    BUFG_GT_X0Y84        BUFG_GT (Prop_BUFG_GT_I_O)
                                                      0.130     0.165 r  example_wrapper_inst/eth_xcvr_gth_full_inst/inst/gen_gtwizard_gthe3_top.eth_xcvr_gth_full_gtwizard_gthe3_inst/gen_gtwizard_gthe3.gen_tx_user_clocking_internal.gen_single_instance.gtwiz_userclk_tx_inst/gen_gtwiz_userclk_tx_main.bufg_gt_usrclk2_inst/O
    X3Y3 (CLOCK_ROOT)    net (fo=136, routed)         0.833     0.998    example_wrapper_inst/eth_xcvr_gth_full_inst/inst/gen_gtwizard_gthe3_top.eth_xcvr_gth_full_gtwizard_gthe3_inst/gen_gtwizard_gthe3.gen_channel_container[0].gen_enabled_channel.gthe3_channel_wrapper_inst/channel_inst/gtwiz_userclk_tx_usrclk2_out[0]
    GTHE3_CHANNEL_X0Y12  GTHE3_CHANNEL                                r  example_wrapper_inst/eth_xcvr_gth_full_inst/inst/gen_gtwizard_gthe3_top.eth_xcvr_gth_full_gtwizard_gthe3_inst/gen_gtwizard_gthe3.gen_channel_container[0].gen_enabled_channel.gthe3_channel_wrapper_inst/channel_inst/gthe3_channel_gen.gen_gthe3_channel_inst[0].GTHE3_CHANNEL_PRIM_INST/TXUSRCLK2
                         clock pessimism             -0.159     0.839    
    GTHE3_CHANNEL_X0Y12  GTHE3_CHANNEL (Hold_GTHE3_CHANNEL_TXUSRCLK2_TXDATA[14])
                                                      0.150     0.989    example_wrapper_inst/eth_xcvr_gth_full_inst/inst/gen_gtwizard_gthe3_top.eth_xcvr_gth_full_gtwizard_gthe3_inst/gen_gtwizard_gthe3.gen_channel_container[0].gen_enabled_channel.gthe3_channel_wrapper_inst/channel_inst/gthe3_channel_gen.gen_gthe3_channel_inst[0].GTHE3_CHANNEL_PRIM_INST
  -------------------------------------------------------------------
                         required time                         -0.989    
                         arrival time                           1.030    
  -------------------------------------------------------------------
                         slack                                  0.041    

Slack (MET) :             0.045ns  (arrival time - required time)
  Source:                 phy_inst/eth_phy_10g_tx_inst/eth_phy_10g_tx_if_inst/serdes_tx_data_reg_reg[30]/C
                            (rising edge-triggered cell FDRE clocked by gtwiz_userclk_tx_usrclk2_int  {rise@0.000ns fall@3.200ns period=6.400ns})
  Destination:            example_wrapper_inst/eth_xcvr_gth_full_inst/inst/gen_gtwizard_gthe3_top.eth_xcvr_gth_full_gtwizard_gthe3_inst/gen_gtwizard_gthe3.gen_channel_container[0].gen_enabled_channel.gthe3_channel_wrapper_inst/channel_inst/gthe3_channel_gen.gen_gthe3_channel_inst[0].GTHE3_CHANNEL_PRIM_INST/TXDATA[33]
                            (rising edge-triggered cell GTHE3_CHANNEL clocked by gtwiz_userclk_tx_usrclk2_int  {rise@0.000ns fall@3.200ns period=6.400ns})
  Path Group:             gtwiz_userclk_tx_usrclk2_int
  Path Type:              Hold (Min at Fast Process Corner)
  Requirement:            0.000ns  (gtwiz_userclk_tx_usrclk2_int rise@0.000ns - gtwiz_userclk_tx_usrclk2_int rise@0.000ns)
  Data Path Delay:        0.136ns  (logic 0.048ns (35.294%)  route 0.088ns (64.706%))
  Logic Levels:           0  
  Clock Path Skew:        -0.019ns (DCD - SCD - CPR)
    Destination Clock Delay (DCD):    0.998ns
    Source Clock Delay      (SCD):    0.858ns
    Clock Pessimism Removal (CPR):    0.159ns
  Clock Net Delay (Source):      0.740ns (routing 0.158ns, distribution 0.582ns)
  Clock Net Delay (Destination): 0.833ns (routing 0.184ns, distribution 0.649ns)

    Location             Delay type                Incr(ns)  Path(ns)    Netlist Resource(s)
  -------------------------------------------------------------------    -------------------
                         (clock gtwiz_userclk_tx_usrclk2_int rise edge)
                                                      0.000     0.000 r  
    GTHE3_CHANNEL_X0Y12  GTHE3_CHANNEL                0.000     0.000 r  example_wrapper_inst/eth_xcvr_gth_full_inst/inst/gen_gtwizard_gthe3_top.eth_xcvr_gth_full_gtwizard_gthe3_inst/gen_gtwizard_gthe3.gen_channel_container[0].gen_enabled_channel.gthe3_channel_wrapper_inst/channel_inst/gthe3_channel_gen.gen_gthe3_channel_inst[0].GTHE3_CHANNEL_PRIM_INST/TXOUTCLK
                         net (fo=3, routed)           0.018     0.018    example_wrapper_inst/eth_xcvr_gth_full_inst/inst/gen_gtwizard_gthe3_top.eth_xcvr_gth_full_gtwizard_gthe3_inst/gen_gtwizard_gthe3.gen_tx_user_clocking_internal.gen_single_instance.gtwiz_userclk_tx_inst/txoutclk_out[0]
    BUFG_GT_X0Y84        BUFG_GT (Prop_BUFG_GT_I_O)
                                                      0.100     0.118 r  example_wrapper_inst/eth_xcvr_gth_full_inst/inst/gen_gtwizard_gthe3_top.eth_xcvr_gth_full_gtwizard_gthe3_inst/gen_gtwizard_gthe3.gen_tx_user_clocking_internal.gen_single_instance.gtwiz_userclk_tx_inst/gen_gtwiz_userclk_tx_main.bufg_gt_usrclk2_inst/O
    X3Y3 (CLOCK_ROOT)    net (fo=136, routed)         0.740     0.858    phy_inst/eth_phy_10g_tx_inst/eth_phy_10g_tx_if_inst/tx_clk
    SLICE_X100Y186       FDRE                                         r  phy_inst/eth_phy_10g_tx_inst/eth_phy_10g_tx_if_inst/serdes_tx_data_reg_reg[30]/C
  -------------------------------------------------------------------    -------------------
    SLICE_X100Y186       FDRE (Prop_GFF2_SLICEM_C_Q)
                                                      0.048     0.906 r  phy_inst/eth_phy_10g_tx_inst/eth_phy_10g_tx_if_inst/serdes_tx_data_reg_reg[30]/Q
                         net (fo=1, routed)           0.088     0.994    example_wrapper_inst/eth_xcvr_gth_full_inst/inst/gen_gtwizard_gthe3_top.eth_xcvr_gth_full_gtwizard_gthe3_inst/gen_gtwizard_gthe3.gen_channel_container[0].gen_enabled_channel.gthe3_channel_wrapper_inst/channel_inst/gtwiz_userdata_tx_in[33]
    GTHE3_CHANNEL_X0Y12  GTHE3_CHANNEL                                r  example_wrapper_inst/eth_xcvr_gth_full_inst/inst/gen_gtwizard_gthe3_top.eth_xcvr_gth_full_gtwizard_gthe3_inst/gen_gtwizard_gthe3.gen_channel_container[0].gen_enabled_channel.gthe3_channel_wrapper_inst/channel_inst/gthe3_channel_gen.gen_gthe3_channel_inst[0].GTHE3_CHANNEL_PRIM_INST/TXDATA[33]
  -------------------------------------------------------------------    -------------------

                         (clock gtwiz_userclk_tx_usrclk2_int rise edge)
                                                      0.000     0.000 r  
    GTHE3_CHANNEL_X0Y12  GTHE3_CHANNEL                0.000     0.000 r  example_wrapper_inst/eth_xcvr_gth_full_inst/inst/gen_gtwizard_gthe3_top.eth_xcvr_gth_full_gtwizard_gthe3_inst/gen_gtwizard_gthe3.gen_channel_container[0].gen_enabled_channel.gthe3_channel_wrapper_inst/channel_inst/gthe3_channel_gen.gen_gthe3_channel_inst[0].GTHE3_CHANNEL_PRIM_INST/TXOUTCLK
                         net (fo=3, routed)           0.035     0.035    example_wrapper_inst/eth_xcvr_gth_full_inst/inst/gen_gtwizard_gthe3_top.eth_xcvr_gth_full_gtwizard_gthe3_inst/gen_gtwizard_gthe3.gen_tx_user_clocking_internal.gen_single_instance.gtwiz_userclk_tx_inst/txoutclk_out[0]
    BUFG_GT_X0Y84        BUFG_GT (Prop_BUFG_GT_I_O)
                                                      0.130     0.165 r  example_wrapper_inst/eth_xcvr_gth_full_inst/inst/gen_gtwizard_gthe3_top.eth_xcvr_gth_full_gtwizard_gthe3_inst/gen_gtwizard_gthe3.gen_tx_user_clocking_internal.gen_single_instance.gtwiz_userclk_tx_inst/gen_gtwiz_userclk_tx_main.bufg_gt_usrclk2_inst/O
    X3Y3 (CLOCK_ROOT)    net (fo=136, routed)         0.833     0.998    example_wrapper_inst/eth_xcvr_gth_full_inst/inst/gen_gtwizard_gthe3_top.eth_xcvr_gth_full_gtwizard_gthe3_inst/gen_gtwizard_gthe3.gen_channel_container[0].gen_enabled_channel.gthe3_channel_wrapper_inst/channel_inst/gtwiz_userclk_tx_usrclk2_out[0]
    GTHE3_CHANNEL_X0Y12  GTHE3_CHANNEL                                r  example_wrapper_inst/eth_xcvr_gth_full_inst/inst/gen_gtwizard_gthe3_top.eth_xcvr_gth_full_gtwizard_gthe3_inst/gen_gtwizard_gthe3.gen_channel_container[0].gen_enabled_channel.gthe3_channel_wrapper_inst/channel_inst/gthe3_channel_gen.gen_gthe3_channel_inst[0].GTHE3_CHANNEL_PRIM_INST/TXUSRCLK2
                         clock pessimism             -0.159     0.839    
    GTHE3_CHANNEL_X0Y12  GTHE3_CHANNEL (Hold_GTHE3_CHANNEL_TXUSRCLK2_TXDATA[33])
                                                      0.110     0.949    example_wrapper_inst/eth_xcvr_gth_full_inst/inst/gen_gtwizard_gthe3_top.eth_xcvr_gth_full_gtwizard_gthe3_inst/gen_gtwizard_gthe3.gen_channel_container[0].gen_enabled_channel.gthe3_channel_wrapper_inst/channel_inst/gthe3_channel_gen.gen_gthe3_channel_inst[0].GTHE3_CHANNEL_PRIM_INST
  -------------------------------------------------------------------
                         required time                         -0.949    
                         arrival time                           0.994    
  -------------------------------------------------------------------
                         slack                                  0.045    

Slack (MET) :             0.047ns  (arrival time - required time)
  Source:                 phy_inst/eth_phy_10g_tx_inst/eth_phy_10g_tx_if_inst/serdes_tx_data_reg_reg[56]/C
                            (rising edge-triggered cell FDRE clocked by gtwiz_userclk_tx_usrclk2_int  {rise@0.000ns fall@3.200ns period=6.400ns})
  Destination:            example_wrapper_inst/eth_xcvr_gth_full_inst/inst/gen_gtwizard_gthe3_top.eth_xcvr_gth_full_gtwizard_gthe3_inst/gen_gtwizard_gthe3.gen_channel_container[0].gen_enabled_channel.gthe3_channel_wrapper_inst/channel_inst/gthe3_channel_gen.gen_gthe3_channel_inst[0].GTHE3_CHANNEL_PRIM_INST/TXDATA[7]
                            (rising edge-triggered cell GTHE3_CHANNEL clocked by gtwiz_userclk_tx_usrclk2_int  {rise@0.000ns fall@3.200ns period=6.400ns})
  Path Group:             gtwiz_userclk_tx_usrclk2_int
  Path Type:              Hold (Min at Fast Process Corner)
  Requirement:            0.000ns  (gtwiz_userclk_tx_usrclk2_int rise@0.000ns - gtwiz_userclk_tx_usrclk2_int rise@0.000ns)
  Data Path Delay:        0.179ns  (logic 0.049ns (27.374%)  route 0.130ns (72.626%))
  Logic Levels:           0  
  Clock Path Skew:        -0.035ns (DCD - SCD - CPR)
    Destination Clock Delay (DCD):    0.998ns
    Source Clock Delay      (SCD):    0.863ns
    Clock Pessimism Removal (CPR):    0.170ns
  Clock Net Delay (Source):      0.745ns (routing 0.158ns, distribution 0.587ns)
  Clock Net Delay (Destination): 0.833ns (routing 0.184ns, distribution 0.649ns)

    Location             Delay type                Incr(ns)  Path(ns)    Netlist Resource(s)
  -------------------------------------------------------------------    -------------------
                         (clock gtwiz_userclk_tx_usrclk2_int rise edge)
                                                      0.000     0.000 r  
    GTHE3_CHANNEL_X0Y12  GTHE3_CHANNEL                0.000     0.000 r  example_wrapper_inst/eth_xcvr_gth_full_inst/inst/gen_gtwizard_gthe3_top.eth_xcvr_gth_full_gtwizard_gthe3_inst/gen_gtwizard_gthe3.gen_channel_container[0].gen_enabled_channel.gthe3_channel_wrapper_inst/channel_inst/gthe3_channel_gen.gen_gthe3_channel_inst[0].GTHE3_CHANNEL_PRIM_INST/TXOUTCLK
                         net (fo=3, routed)           0.018     0.018    example_wrapper_inst/eth_xcvr_gth_full_inst/inst/gen_gtwizard_gthe3_top.eth_xcvr_gth_full_gtwizard_gthe3_inst/gen_gtwizard_gthe3.gen_tx_user_clocking_internal.gen_single_instance.gtwiz_userclk_tx_inst/txoutclk_out[0]
    BUFG_GT_X0Y84        BUFG_GT (Prop_BUFG_GT_I_O)
                                                      0.100     0.118 r  example_wrapper_inst/eth_xcvr_gth_full_inst/inst/gen_gtwizard_gthe3_top.eth_xcvr_gth_full_gtwizard_gthe3_inst/gen_gtwizard_gthe3.gen_tx_user_clocking_internal.gen_single_instance.gtwiz_userclk_tx_inst/gen_gtwiz_userclk_tx_main.bufg_gt_usrclk2_inst/O
    X3Y3 (CLOCK_ROOT)    net (fo=136, routed)         0.745     0.863    phy_inst/eth_phy_10g_tx_inst/eth_phy_10g_tx_if_inst/tx_clk
    SLICE_X100Y185       FDRE                                         r  phy_inst/eth_phy_10g_tx_inst/eth_phy_10g_tx_if_inst/serdes_tx_data_reg_reg[56]/C
  -------------------------------------------------------------------    -------------------
    SLICE_X100Y185       FDRE (Prop_DFF2_SLICEM_C_Q)
                                                      0.049     0.912 r  phy_inst/eth_phy_10g_tx_inst/eth_phy_10g_tx_if_inst/serdes_tx_data_reg_reg[56]/Q
                         net (fo=1, routed)           0.130     1.042    example_wrapper_inst/eth_xcvr_gth_full_inst/inst/gen_gtwizard_gthe3_top.eth_xcvr_gth_full_gtwizard_gthe3_inst/gen_gtwizard_gthe3.gen_channel_container[0].gen_enabled_channel.gthe3_channel_wrapper_inst/channel_inst/gtwiz_userdata_tx_in[7]
    GTHE3_CHANNEL_X0Y12  GTHE3_CHANNEL                                r  example_wrapper_inst/eth_xcvr_gth_full_inst/inst/gen_gtwizard_gthe3_top.eth_xcvr_gth_full_gtwizard_gthe3_inst/gen_gtwizard_gthe3.gen_channel_container[0].gen_enabled_channel.gthe3_channel_wrapper_inst/channel_inst/gthe3_channel_gen.gen_gthe3_channel_inst[0].GTHE3_CHANNEL_PRIM_INST/TXDATA[7]
  -------------------------------------------------------------------    -------------------

                         (clock gtwiz_userclk_tx_usrclk2_int rise edge)
                                                      0.000     0.000 r  
    GTHE3_CHANNEL_X0Y12  GTHE3_CHANNEL                0.000     0.000 r  example_wrapper_inst/eth_xcvr_gth_full_inst/inst/gen_gtwizard_gthe3_top.eth_xcvr_gth_full_gtwizard_gthe3_inst/gen_gtwizard_gthe3.gen_channel_container[0].gen_enabled_channel.gthe3_channel_wrapper_inst/channel_inst/gthe3_channel_gen.gen_gthe3_channel_inst[0].GTHE3_CHANNEL_PRIM_INST/TXOUTCLK
                         net (fo=3, routed)           0.035     0.035    example_wrapper_inst/eth_xcvr_gth_full_inst/inst/gen_gtwizard_gthe3_top.eth_xcvr_gth_full_gtwizard_gthe3_inst/gen_gtwizard_gthe3.gen_tx_user_clocking_internal.gen_single_instance.gtwiz_userclk_tx_inst/txoutclk_out[0]
    BUFG_GT_X0Y84        BUFG_GT (Prop_BUFG_GT_I_O)
                                                      0.130     0.165 r  example_wrapper_inst/eth_xcvr_gth_full_inst/inst/gen_gtwizard_gthe3_top.eth_xcvr_gth_full_gtwizard_gthe3_inst/gen_gtwizard_gthe3.gen_tx_user_clocking_internal.gen_single_instance.gtwiz_userclk_tx_inst/gen_gtwiz_userclk_tx_main.bufg_gt_usrclk2_inst/O
    X3Y3 (CLOCK_ROOT)    net (fo=136, routed)         0.833     0.998    example_wrapper_inst/eth_xcvr_gth_full_inst/inst/gen_gtwizard_gthe3_top.eth_xcvr_gth_full_gtwizard_gthe3_inst/gen_gtwizard_gthe3.gen_channel_container[0].gen_enabled_channel.gthe3_channel_wrapper_inst/channel_inst/gtwiz_userclk_tx_usrclk2_out[0]
    GTHE3_CHANNEL_X0Y12  GTHE3_CHANNEL                                r  example_wrapper_inst/eth_xcvr_gth_full_inst/inst/gen_gtwizard_gthe3_top.eth_xcvr_gth_full_gtwizard_gthe3_inst/gen_gtwizard_gthe3.gen_channel_container[0].gen_enabled_channel.gthe3_channel_wrapper_inst/channel_inst/gthe3_channel_gen.gen_gthe3_channel_inst[0].GTHE3_CHANNEL_PRIM_INST/TXUSRCLK2
                         clock pessimism             -0.170     0.828    
    GTHE3_CHANNEL_X0Y12  GTHE3_CHANNEL (Hold_GTHE3_CHANNEL_TXUSRCLK2_TXDATA[7])
                                                      0.167     0.995    example_wrapper_inst/eth_xcvr_gth_full_inst/inst/gen_gtwizard_gthe3_top.eth_xcvr_gth_full_gtwizard_gthe3_inst/gen_gtwizard_gthe3.gen_channel_container[0].gen_enabled_channel.gthe3_channel_wrapper_inst/channel_inst/gthe3_channel_gen.gen_gthe3_channel_inst[0].GTHE3_CHANNEL_PRIM_INST
  -------------------------------------------------------------------
                         required time                         -0.995    
                         arrival time                           1.042    
  -------------------------------------------------------------------
                         slack                                  0.047    

Slack (MET) :             0.050ns  (arrival time - required time)
  Source:                 phy_inst/eth_phy_10g_tx_inst/eth_phy_10g_tx_if_inst/scrambler_state_reg_reg[55]/C
                            (rising edge-triggered cell FDRE clocked by gtwiz_userclk_tx_usrclk2_int  {rise@0.000ns fall@3.200ns period=6.400ns})
  Destination:            phy_inst/eth_phy_10g_tx_inst/eth_phy_10g_tx_if_inst/serdes_tx_data_reg_reg[36]/D
                            (rising edge-triggered cell FDRE clocked by gtwiz_userclk_tx_usrclk2_int  {rise@0.000ns fall@3.200ns period=6.400ns})
  Path Group:             gtwiz_userclk_tx_usrclk2_int
  Path Type:              Hold (Min at Fast Process Corner)
  Requirement:            0.000ns  (gtwiz_userclk_tx_usrclk2_int rise@0.000ns - gtwiz_userclk_tx_usrclk2_int rise@0.000ns)
  Data Path Delay:        0.110ns  (logic 0.063ns (57.273%)  route 0.047ns (42.727%))
  Logic Levels:           1  (LUT2=1)
  Clock Path Skew:        0.004ns (DCD - SCD - CPR)
    Destination Clock Delay (DCD):    1.066ns
    Source Clock Delay      (SCD):    0.862ns
    Clock Pessimism Removal (CPR):    0.200ns
  Clock Net Delay (Source):      0.744ns (routing 0.158ns, distribution 0.586ns)
  Clock Net Delay (Destination): 0.901ns (routing 0.184ns, distribution 0.717ns)

    Location             Delay type                Incr(ns)  Path(ns)    Netlist Resource(s)
  -------------------------------------------------------------------    -------------------
                         (clock gtwiz_userclk_tx_usrclk2_int rise edge)
                                                      0.000     0.000 r  
    GTHE3_CHANNEL_X0Y12  GTHE3_CHANNEL                0.000     0.000 r  example_wrapper_inst/eth_xcvr_gth_full_inst/inst/gen_gtwizard_gthe3_top.eth_xcvr_gth_full_gtwizard_gthe3_inst/gen_gtwizard_gthe3.gen_channel_container[0].gen_enabled_channel.gthe3_channel_wrapper_inst/channel_inst/gthe3_channel_gen.gen_gthe3_channel_inst[0].GTHE3_CHANNEL_PRIM_INST/TXOUTCLK
                         net (fo=3, routed)           0.018     0.018    example_wrapper_inst/eth_xcvr_gth_full_inst/inst/gen_gtwizard_gthe3_top.eth_xcvr_gth_full_gtwizard_gthe3_inst/gen_gtwizard_gthe3.gen_tx_user_clocking_internal.gen_single_instance.gtwiz_userclk_tx_inst/txoutclk_out[0]
    BUFG_GT_X0Y84        BUFG_GT (Prop_BUFG_GT_I_O)
                                                      0.100     0.118 r  example_wrapper_inst/eth_xcvr_gth_full_inst/inst/gen_gtwizard_gthe3_top.eth_xcvr_gth_full_gtwizard_gthe3_inst/gen_gtwizard_gthe3.gen_tx_user_clocking_internal.gen_single_instance.gtwiz_userclk_tx_inst/gen_gtwiz_userclk_tx_main.bufg_gt_usrclk2_inst/O
    X3Y3 (CLOCK_ROOT)    net (fo=136, routed)         0.744     0.862    phy_inst/eth_phy_10g_tx_inst/eth_phy_10g_tx_if_inst/tx_clk
    SLICE_X100Y185       FDRE                                         r  phy_inst/eth_phy_10g_tx_inst/eth_phy_10g_tx_if_inst/scrambler_state_reg_reg[55]/C
  -------------------------------------------------------------------    -------------------
    SLICE_X100Y185       FDRE (Prop_EFF2_SLICEM_C_Q)
                                                      0.048     0.910 r  phy_inst/eth_phy_10g_tx_inst/eth_phy_10g_tx_if_inst/scrambler_state_reg_reg[55]/Q
                         net (fo=2, routed)           0.033     0.943    phy_inst/eth_phy_10g_tx_inst/eth_phy_10g_tx_if_inst/scrambler_state_reg_0[55]
    SLICE_X100Y185       LUT2 (Prop_G6LUT_SLICEM_I0_O)
                                                      0.015     0.958 r  phy_inst/eth_phy_10g_tx_inst/eth_phy_10g_tx_if_inst/serdes_tx_data_reg[36]_i_1/O
                         net (fo=2, routed)           0.014     0.972    phy_inst/eth_phy_10g_tx_inst/eth_phy_10g_tx_if_inst/scrambled_data[36]
    SLICE_X100Y185       FDRE                                         r  phy_inst/eth_phy_10g_tx_inst/eth_phy_10g_tx_if_inst/serdes_tx_data_reg_reg[36]/D
  -------------------------------------------------------------------    -------------------

                         (clock gtwiz_userclk_tx_usrclk2_int rise edge)
                                                      0.000     0.000 r  
    GTHE3_CHANNEL_X0Y12  GTHE3_CHANNEL                0.000     0.000 r  example_wrapper_inst/eth_xcvr_gth_full_inst/inst/gen_gtwizard_gthe3_top.eth_xcvr_gth_full_gtwizard_gthe3_inst/gen_gtwizard_gthe3.gen_channel_container[0].gen_enabled_channel.gthe3_channel_wrapper_inst/channel_inst/gthe3_channel_gen.gen_gthe3_channel_inst[0].GTHE3_CHANNEL_PRIM_INST/TXOUTCLK
                         net (fo=3, routed)           0.035     0.035    example_wrapper_inst/eth_xcvr_gth_full_inst/inst/gen_gtwizard_gthe3_top.eth_xcvr_gth_full_gtwizard_gthe3_inst/gen_gtwizard_gthe3.gen_tx_user_clocking_internal.gen_single_instance.gtwiz_userclk_tx_inst/txoutclk_out[0]
    BUFG_GT_X0Y84        BUFG_GT (Prop_BUFG_GT_I_O)
                                                      0.130     0.165 r  example_wrapper_inst/eth_xcvr_gth_full_inst/inst/gen_gtwizard_gthe3_top.eth_xcvr_gth_full_gtwizard_gthe3_inst/gen_gtwizard_gthe3.gen_tx_user_clocking_internal.gen_single_instance.gtwiz_userclk_tx_inst/gen_gtwiz_userclk_tx_main.bufg_gt_usrclk2_inst/O
    X3Y3 (CLOCK_ROOT)    net (fo=136, routed)         0.901     1.066    phy_inst/eth_phy_10g_tx_inst/eth_phy_10g_tx_if_inst/tx_clk
    SLICE_X100Y185       FDRE                                         r  phy_inst/eth_phy_10g_tx_inst/eth_phy_10g_tx_if_inst/serdes_tx_data_reg_reg[36]/C
                         clock pessimism             -0.200     0.866    
    SLICE_X100Y185       FDRE (Hold_GFF_SLICEM_C_D)
                                                      0.056     0.922    phy_inst/eth_phy_10g_tx_inst/eth_phy_10g_tx_if_inst/serdes_tx_data_reg_reg[36]
  -------------------------------------------------------------------
                         required time                         -0.922    
                         arrival time                           0.972    
  -------------------------------------------------------------------
                         slack                                  0.050    

Slack (MET) :             0.052ns  (arrival time - required time)
  Source:                 phy_inst/eth_phy_10g_tx_inst/eth_phy_10g_tx_if_inst/serdes_tx_data_reg_reg[35]/C
                            (rising edge-triggered cell FDRE clocked by gtwiz_userclk_tx_usrclk2_int  {rise@0.000ns fall@3.200ns period=6.400ns})
  Destination:            example_wrapper_inst/eth_xcvr_gth_full_inst/inst/gen_gtwizard_gthe3_top.eth_xcvr_gth_full_gtwizard_gthe3_inst/gen_gtwizard_gthe3.gen_channel_container[0].gen_enabled_channel.gthe3_channel_wrapper_inst/channel_inst/gthe3_channel_gen.gen_gthe3_channel_inst[0].GTHE3_CHANNEL_PRIM_INST/TXDATA[28]
                            (rising edge-triggered cell GTHE3_CHANNEL clocked by gtwiz_userclk_tx_usrclk2_int  {rise@0.000ns fall@3.200ns period=6.400ns})
  Path Group:             gtwiz_userclk_tx_usrclk2_int
  Path Type:              Hold (Min at Fast Process Corner)
  Requirement:            0.000ns  (gtwiz_userclk_tx_usrclk2_int rise@0.000ns - gtwiz_userclk_tx_usrclk2_int rise@0.000ns)
  Data Path Delay:        0.199ns  (logic 0.048ns (24.121%)  route 0.151ns (75.879%))
  Logic Levels:           0  
  Clock Path Skew:        -0.034ns (DCD - SCD - CPR)
    Destination Clock Delay (DCD):    0.998ns
    Source Clock Delay      (SCD):    0.862ns
    Clock Pessimism Removal (CPR):    0.170ns
  Clock Net Delay (Source):      0.744ns (routing 0.158ns, distribution 0.586ns)
  Clock Net Delay (Destination): 0.833ns (routing 0.184ns, distribution 0.649ns)

    Location             Delay type                Incr(ns)  Path(ns)    Netlist Resource(s)
  -------------------------------------------------------------------    -------------------
                         (clock gtwiz_userclk_tx_usrclk2_int rise edge)
                                                      0.000     0.000 r  
    GTHE3_CHANNEL_X0Y12  GTHE3_CHANNEL                0.000     0.000 r  example_wrapper_inst/eth_xcvr_gth_full_inst/inst/gen_gtwizard_gthe3_top.eth_xcvr_gth_full_gtwizard_gthe3_inst/gen_gtwizard_gthe3.gen_channel_container[0].gen_enabled_channel.gthe3_channel_wrapper_inst/channel_inst/gthe3_channel_gen.gen_gthe3_channel_inst[0].GTHE3_CHANNEL_PRIM_INST/TXOUTCLK
                         net (fo=3, routed)           0.018     0.018    example_wrapper_inst/eth_xcvr_gth_full_inst/inst/gen_gtwizard_gthe3_top.eth_xcvr_gth_full_gtwizard_gthe3_inst/gen_gtwizard_gthe3.gen_tx_user_clocking_internal.gen_single_instance.gtwiz_userclk_tx_inst/txoutclk_out[0]
    BUFG_GT_X0Y84        BUFG_GT (Prop_BUFG_GT_I_O)
                                                      0.100     0.118 r  example_wrapper_inst/eth_xcvr_gth_full_inst/inst/gen_gtwizard_gthe3_top.eth_xcvr_gth_full_gtwizard_gthe3_inst/gen_gtwizard_gthe3.gen_tx_user_clocking_internal.gen_single_instance.gtwiz_userclk_tx_inst/gen_gtwiz_userclk_tx_main.bufg_gt_usrclk2_inst/O
    X3Y3 (CLOCK_ROOT)    net (fo=136, routed)         0.744     0.862    phy_inst/eth_phy_10g_tx_inst/eth_phy_10g_tx_if_inst/tx_clk
    SLICE_X100Y185       FDRE                                         r  phy_inst/eth_phy_10g_tx_inst/eth_phy_10g_tx_if_inst/serdes_tx_data_reg_reg[35]/C
  -------------------------------------------------------------------    -------------------
    SLICE_X100Y185       FDRE (Prop_FFF2_SLICEM_C_Q)
                                                      0.048     0.910 r  phy_inst/eth_phy_10g_tx_inst/eth_phy_10g_tx_if_inst/serdes_tx_data_reg_reg[35]/Q
                         net (fo=1, routed)           0.151     1.061    example_wrapper_inst/eth_xcvr_gth_full_inst/inst/gen_gtwizard_gthe3_top.eth_xcvr_gth_full_gtwizard_gthe3_inst/gen_gtwizard_gthe3.gen_channel_container[0].gen_enabled_channel.gthe3_channel_wrapper_inst/channel_inst/gtwiz_userdata_tx_in[28]
    GTHE3_CHANNEL_X0Y12  GTHE3_CHANNEL                                r  example_wrapper_inst/eth_xcvr_gth_full_inst/inst/gen_gtwizard_gthe3_top.eth_xcvr_gth_full_gtwizard_gthe3_inst/gen_gtwizard_gthe3.gen_channel_container[0].gen_enabled_channel.gthe3_channel_wrapper_inst/channel_inst/gthe3_channel_gen.gen_gthe3_channel_inst[0].GTHE3_CHANNEL_PRIM_INST/TXDATA[28]
  -------------------------------------------------------------------    -------------------

                         (clock gtwiz_userclk_tx_usrclk2_int rise edge)
                                                      0.000     0.000 r  
    GTHE3_CHANNEL_X0Y12  GTHE3_CHANNEL                0.000     0.000 r  example_wrapper_inst/eth_xcvr_gth_full_inst/inst/gen_gtwizard_gthe3_top.eth_xcvr_gth_full_gtwizard_gthe3_inst/gen_gtwizard_gthe3.gen_channel_container[0].gen_enabled_channel.gthe3_channel_wrapper_inst/channel_inst/gthe3_channel_gen.gen_gthe3_channel_inst[0].GTHE3_CHANNEL_PRIM_INST/TXOUTCLK
                         net (fo=3, routed)           0.035     0.035    example_wrapper_inst/eth_xcvr_gth_full_inst/inst/gen_gtwizard_gthe3_top.eth_xcvr_gth_full_gtwizard_gthe3_inst/gen_gtwizard_gthe3.gen_tx_user_clocking_internal.gen_single_instance.gtwiz_userclk_tx_inst/txoutclk_out[0]
    BUFG_GT_X0Y84        BUFG_GT (Prop_BUFG_GT_I_O)
                                                      0.130     0.165 r  example_wrapper_inst/eth_xcvr_gth_full_inst/inst/gen_gtwizard_gthe3_top.eth_xcvr_gth_full_gtwizard_gthe3_inst/gen_gtwizard_gthe3.gen_tx_user_clocking_internal.gen_single_instance.gtwiz_userclk_tx_inst/gen_gtwiz_userclk_tx_main.bufg_gt_usrclk2_inst/O
    X3Y3 (CLOCK_ROOT)    net (fo=136, routed)         0.833     0.998    example_wrapper_inst/eth_xcvr_gth_full_inst/inst/gen_gtwizard_gthe3_top.eth_xcvr_gth_full_gtwizard_gthe3_inst/gen_gtwizard_gthe3.gen_channel_container[0].gen_enabled_channel.gthe3_channel_wrapper_inst/channel_inst/gtwiz_userclk_tx_usrclk2_out[0]
    GTHE3_CHANNEL_X0Y12  GTHE3_CHANNEL                                r  example_wrapper_inst/eth_xcvr_gth_full_inst/inst/gen_gtwizard_gthe3_top.eth_xcvr_gth_full_gtwizard_gthe3_inst/gen_gtwizard_gthe3.gen_channel_container[0].gen_enabled_channel.gthe3_channel_wrapper_inst/channel_inst/gthe3_channel_gen.gen_gthe3_channel_inst[0].GTHE3_CHANNEL_PRIM_INST/TXUSRCLK2
                         clock pessimism             -0.170     0.828    
    GTHE3_CHANNEL_X0Y12  GTHE3_CHANNEL (Hold_GTHE3_CHANNEL_TXUSRCLK2_TXDATA[28])
                                                      0.181     1.009    example_wrapper_inst/eth_xcvr_gth_full_inst/inst/gen_gtwizard_gthe3_top.eth_xcvr_gth_full_gtwizard_gthe3_inst/gen_gtwizard_gthe3.gen_channel_container[0].gen_enabled_channel.gthe3_channel_wrapper_inst/channel_inst/gthe3_channel_gen.gen_gthe3_channel_inst[0].GTHE3_CHANNEL_PRIM_INST
  -------------------------------------------------------------------
                         required time                         -1.009    
                         arrival time                           1.061    
  -------------------------------------------------------------------
                         slack                                  0.052    





Pulse Width Checks
--------------------------------------------------------------------------------------
Clock Name:         gtwiz_userclk_tx_usrclk2_int
Waveform(ns):       { 0.000 3.200 }
Period(ns):         6.400
Sources:            { example_wrapper_inst/eth_xcvr_gth_full_inst/inst/gen_gtwizard_gthe3_top.eth_xcvr_gth_full_gtwizard_gthe3_inst/gen_gtwizard_gthe3.gen_tx_user_clocking_internal.gen_single_instance.gtwiz_userclk_tx_inst/gen_gtwiz_userclk_tx_main.bufg_gt_usrclk2_inst/O }

Check Type        Corner  Lib Pin                  Reference Pin           Required(ns)  Actual(ns)  Slack(ns)  Location             Pin
Min Period        n/a     FDCE/C                   n/a                     0.550         6.400       5.850      SLICE_X100Y165       example_wrapper_inst/eth_xcvr_gth_full_inst/inst/gen_gtwizard_gthe3_top.eth_xcvr_gth_full_gtwizard_gthe3_inst/gen_gtwizard_gthe3.gen_tx_user_clocking_internal.gen_single_instance.gtwiz_userclk_tx_inst/gen_gtwiz_userclk_tx_main.gtwiz_userclk_tx_active_meta_reg/C
Min Period        n/a     FDCE/C                   n/a                     0.550         6.400       5.850      SLICE_X100Y165       example_wrapper_inst/eth_xcvr_gth_full_inst/inst/gen_gtwizard_gthe3_top.eth_xcvr_gth_full_gtwizard_gthe3_inst/gen_gtwizard_gthe3.gen_tx_user_clocking_internal.gen_single_instance.gtwiz_userclk_tx_inst/gen_gtwiz_userclk_tx_main.gtwiz_userclk_tx_active_sync_reg/C
Min Period        n/a     FDCE/C                   n/a                     0.550         6.400       5.850      SLICE_X92Y149        example_wrapper_inst/gtwiz_reset_inst/reset_synchronizer_tx_done_inst/rst_in_meta_reg/C
Min Period        n/a     FDCE/C                   n/a                     0.550         6.400       5.850      SLICE_X92Y149        example_wrapper_inst/gtwiz_reset_inst/reset_synchronizer_tx_done_inst/rst_in_out_reg/C
Min Period        n/a     FDCE/C                   n/a                     0.550         6.400       5.850      SLICE_X92Y149        example_wrapper_inst/gtwiz_reset_inst/reset_synchronizer_tx_done_inst/rst_in_sync1_reg/C
Min Period        n/a     FDCE/C                   n/a                     0.550         6.400       5.850      SLICE_X92Y149        example_wrapper_inst/gtwiz_reset_inst/reset_synchronizer_tx_done_inst/rst_in_sync2_reg/C
Min Period        n/a     FDCE/C                   n/a                     0.550         6.400       5.850      SLICE_X92Y149        example_wrapper_inst/gtwiz_reset_inst/reset_synchronizer_tx_done_inst/rst_in_sync3_reg/C
Min Period        n/a     FDRE/C                   n/a                     0.550         6.400       5.850      SLICE_X99Y188        phy_inst/eth_phy_10g_tx_inst/eth_phy_10g_tx_if_inst/scrambler_state_reg_reg[0]/C
Min Period        n/a     FDRE/C                   n/a                     0.550         6.400       5.850      SLICE_X100Y186       phy_inst/eth_phy_10g_tx_inst/eth_phy_10g_tx_if_inst/scrambler_state_reg_reg[10]/C
Min Period        n/a     FDRE/C                   n/a                     0.550         6.400       5.850      SLICE_X99Y185        phy_inst/eth_phy_10g_tx_inst/eth_phy_10g_tx_if_inst/scrambler_state_reg_reg[11]/C
Low Pulse Width   Slow    FDRE/C                   n/a                     0.275         3.200       2.925      SLICE_X99Y185        phy_inst/eth_phy_10g_tx_inst/eth_phy_10g_tx_if_inst/scrambler_state_reg_reg[11]/C
Low Pulse Width   Slow    FDRE/C                   n/a                     0.275         3.200       2.925      SLICE_X99Y186        phy_inst/eth_phy_10g_tx_inst/eth_phy_10g_tx_if_inst/scrambler_state_reg_reg[12]/C
Low Pulse Width   Slow    FDRE/C                   n/a                     0.275         3.200       2.925      SLICE_X99Y186        phy_inst/eth_phy_10g_tx_inst/eth_phy_10g_tx_if_inst/scrambler_state_reg_reg[15]/C
Low Pulse Width   Slow    FDRE/C                   n/a                     0.275         3.200       2.925      SLICE_X100Y185       phy_inst/eth_phy_10g_tx_inst/eth_phy_10g_tx_if_inst/scrambler_state_reg_reg[17]/C
Low Pulse Width   Slow    FDRE/C                   n/a                     0.275         3.200       2.925      SLICE_X99Y186        phy_inst/eth_phy_10g_tx_inst/eth_phy_10g_tx_if_inst/scrambler_state_reg_reg[19]/C
Low Pulse Width   Slow    FDRE/C                   n/a                     0.275         3.200       2.925      SLICE_X99Y186        phy_inst/eth_phy_10g_tx_inst/eth_phy_10g_tx_if_inst/scrambler_state_reg_reg[28]/C
Low Pulse Width   Slow    FDRE/C                   n/a                     0.275         3.200       2.925      SLICE_X100Y185       phy_inst/eth_phy_10g_tx_inst/eth_phy_10g_tx_if_inst/scrambler_state_reg_reg[37]/C
Low Pulse Width   Slow    FDRE/C                   n/a                     0.275         3.200       2.925      SLICE_X99Y186        phy_inst/eth_phy_10g_tx_inst/eth_phy_10g_tx_if_inst/scrambler_state_reg_reg[51]/C
Low Pulse Width   Slow    FDRE/C                   n/a                     0.275         3.200       2.925      SLICE_X100Y185       phy_inst/eth_phy_10g_tx_inst/eth_phy_10g_tx_if_inst/scrambler_state_reg_reg[56]/C
Low Pulse Width   Slow    FDRE/C                   n/a                     0.275         3.200       2.925      SLICE_X100Y185       phy_inst/eth_phy_10g_tx_inst/eth_phy_10g_tx_if_inst/serdes_tx_data_reg_reg[17]/C
High Pulse Width  Slow    FDRE/C                   n/a                     0.275         3.200       2.925      SLICE_X99Y188        phy_inst/eth_phy_10g_tx_inst/eth_phy_10g_tx_if_inst/scrambler_state_reg_reg[0]/C
High Pulse Width  Fast    FDRE/C                   n/a                     0.275         3.200       2.925      SLICE_X99Y188        phy_inst/eth_phy_10g_tx_inst/eth_phy_10g_tx_if_inst/scrambler_state_reg_reg[0]/C
High Pulse Width  Fast    FDRE/C                   n/a                     0.275         3.200       2.925      SLICE_X99Y185        phy_inst/eth_phy_10g_tx_inst/eth_phy_10g_tx_if_inst/scrambler_state_reg_reg[11]/C
High Pulse Width  Slow    FDRE/C                   n/a                     0.275         3.200       2.925      SLICE_X98Y186        phy_inst/eth_phy_10g_tx_inst/eth_phy_10g_tx_if_inst/scrambler_state_reg_reg[13]/C
High Pulse Width  Fast    FDRE/C                   n/a                     0.275         3.200       2.925      SLICE_X98Y186        phy_inst/eth_phy_10g_tx_inst/eth_phy_10g_tx_if_inst/scrambler_state_reg_reg[13]/C
High Pulse Width  Slow    FDRE/C                   n/a                     0.275         3.200       2.925      SLICE_X100Y185       phy_inst/eth_phy_10g_tx_inst/eth_phy_10g_tx_if_inst/scrambler_state_reg_reg[18]/C
High Pulse Width  Slow    FDRE/C                   n/a                     0.275         3.200       2.925      SLICE_X99Y188        phy_inst/eth_phy_10g_tx_inst/eth_phy_10g_tx_if_inst/scrambler_state_reg_reg[20]/C
High Pulse Width  Fast    FDRE/C                   n/a                     0.275         3.200       2.925      SLICE_X99Y188        phy_inst/eth_phy_10g_tx_inst/eth_phy_10g_tx_if_inst/scrambler_state_reg_reg[20]/C
High Pulse Width  Slow    FDRE/C                   n/a                     0.275         3.200       2.925      SLICE_X100Y187       phy_inst/eth_phy_10g_tx_inst/eth_phy_10g_tx_if_inst/scrambler_state_reg_reg[22]/C
High Pulse Width  Fast    FDRE/C                   n/a                     0.275         3.200       2.925      SLICE_X100Y187       phy_inst/eth_phy_10g_tx_inst/eth_phy_10g_tx_if_inst/scrambler_state_reg_reg[22]/C
Max Skew          Slow    GTHE3_CHANNEL/TXUSRCLK2  GTHE3_CHANNEL/TXUSRCLK  0.575         0.287       0.288      GTHE3_CHANNEL_X0Y12  example_wrapper_inst/eth_xcvr_gth_full_inst/inst/gen_gtwizard_gthe3_top.eth_xcvr_gth_full_gtwizard_gthe3_inst/gen_gtwizard_gthe3.gen_channel_container[0].gen_enabled_channel.gthe3_channel_wrapper_inst/channel_inst/gthe3_channel_gen.gen_gthe3_channel_inst[0].GTHE3_CHANNEL_PRIM_INST/TXUSRCLK2
Max Skew          Fast    GTHE3_CHANNEL/TXUSRCLK2  GTHE3_CHANNEL/TXUSRCLK  0.914         0.195       0.719      GTHE3_CHANNEL_X0Y12  example_wrapper_inst/eth_xcvr_gth_full_inst/inst/gen_gtwizard_gthe3_top.eth_xcvr_gth_full_gtwizard_gthe3_inst/gen_gtwizard_gthe3.gen_channel_container[0].gen_enabled_channel.gthe3_channel_wrapper_inst/channel_inst/gthe3_channel_gen.gen_gthe3_channel_inst[0].GTHE3_CHANNEL_PRIM_INST/TXUSRCLK2



---------------------------------------------------------------------------------------------------
From Clock:  dbg_hub/inst/BSCANID.u_xsdbm_id/SWITCH_N_EXT_BSCAN.bscan_inst/SERIES7_BSCAN.bscan_inst/TCK
  To Clock:  dbg_hub/inst/BSCANID.u_xsdbm_id/SWITCH_N_EXT_BSCAN.bscan_inst/SERIES7_BSCAN.bscan_inst/TCK

Setup :            0  Failing Endpoints,  Worst Slack       29.641ns,  Total Violation        0.000ns
Hold  :            0  Failing Endpoints,  Worst Slack        0.045ns,  Total Violation        0.000ns
PW    :            0  Failing Endpoints,  Worst Slack       15.832ns,  Total Violation        0.000ns
---------------------------------------------------------------------------------------------------


Max Delay Paths
--------------------------------------------------------------------------------------
Slack (MET) :             29.641ns  (required time - arrival time)
  Source:                 dbg_hub/inst/BSCANID.u_xsdbm_id/SWITCH_N_EXT_BSCAN.bscan_switch/portno_reg[5]/C
                            (rising edge-triggered cell FDRE clocked by dbg_hub/inst/BSCANID.u_xsdbm_id/SWITCH_N_EXT_BSCAN.bscan_inst/SERIES7_BSCAN.bscan_inst/TCK  {rise@0.000ns fall@16.500ns period=33.000ns})
  Destination:            dbg_hub/inst/BSCANID.u_xsdbm_id/CORE_XSDB.U_ICON/U_STAT/iSTAT_CNT_reg[1]/R
                            (rising edge-triggered cell FDRE clocked by dbg_hub/inst/BSCANID.u_xsdbm_id/SWITCH_N_EXT_BSCAN.bscan_inst/SERIES7_BSCAN.bscan_inst/TCK  {rise@0.000ns fall@16.500ns period=33.000ns})
  Path Group:             dbg_hub/inst/BSCANID.u_xsdbm_id/SWITCH_N_EXT_BSCAN.bscan_inst/SERIES7_BSCAN.bscan_inst/TCK
  Path Type:              Setup (Max at Slow Process Corner)
  Requirement:            33.000ns  (dbg_hub/inst/BSCANID.u_xsdbm_id/SWITCH_N_EXT_BSCAN.bscan_inst/SERIES7_BSCAN.bscan_inst/TCK rise@33.000ns - dbg_hub/inst/BSCANID.u_xsdbm_id/SWITCH_N_EXT_BSCAN.bscan_inst/SERIES7_BSCAN.bscan_inst/TCK rise@0.000ns)
  Data Path Delay:        3.001ns  (logic 0.596ns (19.860%)  route 2.405ns (80.140%))
  Logic Levels:           4  (LUT4=1 LUT5=2 LUT6=1)
  Clock Path Skew:        -0.239ns (DCD - SCD + CPR)
    Destination Clock Delay (DCD):    3.648ns = ( 36.648 - 33.000 ) 
    Source Clock Delay      (SCD):    4.372ns
    Clock Pessimism Removal (CPR):    0.485ns
  Clock Uncertainty:      0.035ns  ((TSJ^2 + TIJ^2)^1/2 + DJ) / 2 + PE
    Total System Jitter     (TSJ):    0.071ns
    Total Input Jitter      (TIJ):    0.000ns
    Discrete Jitter          (DJ):    0.000ns
    Phase Error              (PE):    0.000ns
  Clock Net Delay (Source):      2.252ns (routing 0.737ns, distribution 1.515ns)
  Clock Net Delay (Destination): 1.955ns (routing 0.679ns, distribution 1.276ns)

    Location             Delay type                Incr(ns)  Path(ns)    Netlist Resource(s)
  -------------------------------------------------------------------    -------------------
                         (clock dbg_hub/inst/BSCANID.u_xsdbm_id/SWITCH_N_EXT_BSCAN.bscan_inst/SERIES7_BSCAN.bscan_inst/TCK rise edge)
                                                      0.000     0.000 r  
    CONFIG_SITE_X0Y0     BSCANE2                      0.000     0.000 r  dbg_hub/inst/BSCANID.u_xsdbm_id/SWITCH_N_EXT_BSCAN.bscan_inst/SERIES7_BSCAN.bscan_inst/TCK
                         net (fo=1, routed)           2.037     2.037    dbg_hub/inst/BSCANID.u_xsdbm_id/tck_bs
    BUFGCE_X1Y56         BUFGCE (Prop_BUFCE_BUFGCE_I_O)
                                                      0.083     2.120 r  dbg_hub/inst/BSCANID.u_xsdbm_id/SWITCH_N_EXT_BSCAN.u_bufg_icon_tck/O
    X3Y2 (CLOCK_ROOT)    net (fo=494, routed)         2.252     4.372    dbg_hub/inst/BSCANID.u_xsdbm_id/SWITCH_N_EXT_BSCAN.bscan_switch/s_bscan_tck
    SLICE_X96Y191        FDRE                                         r  dbg_hub/inst/BSCANID.u_xsdbm_id/SWITCH_N_EXT_BSCAN.bscan_switch/portno_reg[5]/C
  -------------------------------------------------------------------    -------------------
    SLICE_X96Y191        FDRE (Prop_GFF2_SLICEL_C_Q)
                                                      0.118     4.490 r  dbg_hub/inst/BSCANID.u_xsdbm_id/SWITCH_N_EXT_BSCAN.bscan_switch/portno_reg[5]/Q
                         net (fo=1, routed)           0.372     4.862    dbg_hub/inst/BSCANID.u_xsdbm_id/SWITCH_N_EXT_BSCAN.bscan_switch/portno[5]
    SLICE_X96Y191        LUT6 (Prop_H6LUT_SLICEL_I5_O)
                                                      0.188     5.050 r  dbg_hub/inst/BSCANID.u_xsdbm_id/SWITCH_N_EXT_BSCAN.bscan_switch/m_bscan_drck[0]_INST_0_i_1/O
                         net (fo=5, routed)           0.413     5.463    dbg_hub/inst/BSCANID.u_xsdbm_id/SWITCH_N_EXT_BSCAN.bscan_switch/m_bscan_drck[0]_INST_0_i_1_n_0
    SLICE_X94Y185        LUT5 (Prop_F6LUT_SLICEM_I3_O)
                                                      0.043     5.506 f  dbg_hub/inst/BSCANID.u_xsdbm_id/SWITCH_N_EXT_BSCAN.bscan_switch/m_bscan_shift[0]_INST_0/O
                         net (fo=4, routed)           0.724     6.230    dbg_hub/inst/BSCANID.u_xsdbm_id/CORE_XSDB.U_ICON/U_CMD/icn_cmd_en_reg[7]
    SLICE_X90Y161        LUT4 (Prop_D6LUT_SLICEL_I1_O)
                                                      0.115     6.345 f  dbg_hub/inst/BSCANID.u_xsdbm_id/CORE_XSDB.U_ICON/U_CMD/iSTAT_CNT[5]_i_4/O
                         net (fo=1, routed)           0.474     6.819    dbg_hub/inst/BSCANID.u_xsdbm_id/CORE_XSDB.U_ICON/U_CMD/iSTAT_CNT[5]_i_4_n_0
    SLICE_X90Y160        LUT5 (Prop_D6LUT_SLICEL_I4_O)
                                                      0.132     6.951 r  dbg_hub/inst/BSCANID.u_xsdbm_id/CORE_XSDB.U_ICON/U_CMD/iSTAT_CNT[5]_i_1/O
                         net (fo=6, routed)           0.422     7.373    dbg_hub/inst/BSCANID.u_xsdbm_id/CORE_XSDB.U_ICON/U_STAT/SR[0]
    SLICE_X90Y163        FDRE                                         r  dbg_hub/inst/BSCANID.u_xsdbm_id/CORE_XSDB.U_ICON/U_STAT/iSTAT_CNT_reg[1]/R
  -------------------------------------------------------------------    -------------------

                         (clock dbg_hub/inst/BSCANID.u_xsdbm_id/SWITCH_N_EXT_BSCAN.bscan_inst/SERIES7_BSCAN.bscan_inst/TCK rise edge)
                                                     33.000    33.000 r  
    CONFIG_SITE_X0Y0     BSCANE2                      0.000    33.000 r  dbg_hub/inst/BSCANID.u_xsdbm_id/SWITCH_N_EXT_BSCAN.bscan_inst/SERIES7_BSCAN.bscan_inst/TCK
                         net (fo=1, routed)           1.618    34.618    dbg_hub/inst/BSCANID.u_xsdbm_id/tck_bs
    BUFGCE_X1Y56         BUFGCE (Prop_BUFCE_BUFGCE_I_O)
                                                      0.075    34.693 r  dbg_hub/inst/BSCANID.u_xsdbm_id/SWITCH_N_EXT_BSCAN.u_bufg_icon_tck/O
    X3Y2 (CLOCK_ROOT)    net (fo=494, routed)         1.955    36.648    dbg_hub/inst/BSCANID.u_xsdbm_id/CORE_XSDB.U_ICON/U_STAT/m_bscan_tck[0]
    SLICE_X90Y163        FDRE                                         r  dbg_hub/inst/BSCANID.u_xsdbm_id/CORE_XSDB.U_ICON/U_STAT/iSTAT_CNT_reg[1]/C
                         clock pessimism              0.485    37.133    
                         clock uncertainty           -0.035    37.098    
    SLICE_X90Y163        FDRE (Setup_DFF_SLICEL_C_R)
                                                     -0.084    37.014    dbg_hub/inst/BSCANID.u_xsdbm_id/CORE_XSDB.U_ICON/U_STAT/iSTAT_CNT_reg[1]
  -------------------------------------------------------------------
                         required time                         37.014    
                         arrival time                          -7.373    
  -------------------------------------------------------------------
                         slack                                 29.641    

Slack (MET) :             29.641ns  (required time - arrival time)
  Source:                 dbg_hub/inst/BSCANID.u_xsdbm_id/SWITCH_N_EXT_BSCAN.bscan_switch/portno_reg[5]/C
                            (rising edge-triggered cell FDRE clocked by dbg_hub/inst/BSCANID.u_xsdbm_id/SWITCH_N_EXT_BSCAN.bscan_inst/SERIES7_BSCAN.bscan_inst/TCK  {rise@0.000ns fall@16.500ns period=33.000ns})
  Destination:            dbg_hub/inst/BSCANID.u_xsdbm_id/CORE_XSDB.U_ICON/U_STAT/iSTAT_CNT_reg[3]/R
                            (rising edge-triggered cell FDRE clocked by dbg_hub/inst/BSCANID.u_xsdbm_id/SWITCH_N_EXT_BSCAN.bscan_inst/SERIES7_BSCAN.bscan_inst/TCK  {rise@0.000ns fall@16.500ns period=33.000ns})
  Path Group:             dbg_hub/inst/BSCANID.u_xsdbm_id/SWITCH_N_EXT_BSCAN.bscan_inst/SERIES7_BSCAN.bscan_inst/TCK
  Path Type:              Setup (Max at Slow Process Corner)
  Requirement:            33.000ns  (dbg_hub/inst/BSCANID.u_xsdbm_id/SWITCH_N_EXT_BSCAN.bscan_inst/SERIES7_BSCAN.bscan_inst/TCK rise@33.000ns - dbg_hub/inst/BSCANID.u_xsdbm_id/SWITCH_N_EXT_BSCAN.bscan_inst/SERIES7_BSCAN.bscan_inst/TCK rise@0.000ns)
  Data Path Delay:        3.001ns  (logic 0.596ns (19.860%)  route 2.405ns (80.140%))
  Logic Levels:           4  (LUT4=1 LUT5=2 LUT6=1)
  Clock Path Skew:        -0.239ns (DCD - SCD + CPR)
    Destination Clock Delay (DCD):    3.648ns = ( 36.648 - 33.000 ) 
    Source Clock Delay      (SCD):    4.372ns
    Clock Pessimism Removal (CPR):    0.485ns
  Clock Uncertainty:      0.035ns  ((TSJ^2 + TIJ^2)^1/2 + DJ) / 2 + PE
    Total System Jitter     (TSJ):    0.071ns
    Total Input Jitter      (TIJ):    0.000ns
    Discrete Jitter          (DJ):    0.000ns
    Phase Error              (PE):    0.000ns
  Clock Net Delay (Source):      2.252ns (routing 0.737ns, distribution 1.515ns)
  Clock Net Delay (Destination): 1.955ns (routing 0.679ns, distribution 1.276ns)

    Location             Delay type                Incr(ns)  Path(ns)    Netlist Resource(s)
  -------------------------------------------------------------------    -------------------
                         (clock dbg_hub/inst/BSCANID.u_xsdbm_id/SWITCH_N_EXT_BSCAN.bscan_inst/SERIES7_BSCAN.bscan_inst/TCK rise edge)
                                                      0.000     0.000 r  
    CONFIG_SITE_X0Y0     BSCANE2                      0.000     0.000 r  dbg_hub/inst/BSCANID.u_xsdbm_id/SWITCH_N_EXT_BSCAN.bscan_inst/SERIES7_BSCAN.bscan_inst/TCK
                         net (fo=1, routed)           2.037     2.037    dbg_hub/inst/BSCANID.u_xsdbm_id/tck_bs
    BUFGCE_X1Y56         BUFGCE (Prop_BUFCE_BUFGCE_I_O)
                                                      0.083     2.120 r  dbg_hub/inst/BSCANID.u_xsdbm_id/SWITCH_N_EXT_BSCAN.u_bufg_icon_tck/O
    X3Y2 (CLOCK_ROOT)    net (fo=494, routed)         2.252     4.372    dbg_hub/inst/BSCANID.u_xsdbm_id/SWITCH_N_EXT_BSCAN.bscan_switch/s_bscan_tck
    SLICE_X96Y191        FDRE                                         r  dbg_hub/inst/BSCANID.u_xsdbm_id/SWITCH_N_EXT_BSCAN.bscan_switch/portno_reg[5]/C
  -------------------------------------------------------------------    -------------------
    SLICE_X96Y191        FDRE (Prop_GFF2_SLICEL_C_Q)
                                                      0.118     4.490 r  dbg_hub/inst/BSCANID.u_xsdbm_id/SWITCH_N_EXT_BSCAN.bscan_switch/portno_reg[5]/Q
                         net (fo=1, routed)           0.372     4.862    dbg_hub/inst/BSCANID.u_xsdbm_id/SWITCH_N_EXT_BSCAN.bscan_switch/portno[5]
    SLICE_X96Y191        LUT6 (Prop_H6LUT_SLICEL_I5_O)
                                                      0.188     5.050 r  dbg_hub/inst/BSCANID.u_xsdbm_id/SWITCH_N_EXT_BSCAN.bscan_switch/m_bscan_drck[0]_INST_0_i_1/O
                         net (fo=5, routed)           0.413     5.463    dbg_hub/inst/BSCANID.u_xsdbm_id/SWITCH_N_EXT_BSCAN.bscan_switch/m_bscan_drck[0]_INST_0_i_1_n_0
    SLICE_X94Y185        LUT5 (Prop_F6LUT_SLICEM_I3_O)
                                                      0.043     5.506 f  dbg_hub/inst/BSCANID.u_xsdbm_id/SWITCH_N_EXT_BSCAN.bscan_switch/m_bscan_shift[0]_INST_0/O
                         net (fo=4, routed)           0.724     6.230    dbg_hub/inst/BSCANID.u_xsdbm_id/CORE_XSDB.U_ICON/U_CMD/icn_cmd_en_reg[7]
    SLICE_X90Y161        LUT4 (Prop_D6LUT_SLICEL_I1_O)
                                                      0.115     6.345 f  dbg_hub/inst/BSCANID.u_xsdbm_id/CORE_XSDB.U_ICON/U_CMD/iSTAT_CNT[5]_i_4/O
                         net (fo=1, routed)           0.474     6.819    dbg_hub/inst/BSCANID.u_xsdbm_id/CORE_XSDB.U_ICON/U_CMD/iSTAT_CNT[5]_i_4_n_0
    SLICE_X90Y160        LUT5 (Prop_D6LUT_SLICEL_I4_O)
                                                      0.132     6.951 r  dbg_hub/inst/BSCANID.u_xsdbm_id/CORE_XSDB.U_ICON/U_CMD/iSTAT_CNT[5]_i_1/O
                         net (fo=6, routed)           0.422     7.373    dbg_hub/inst/BSCANID.u_xsdbm_id/CORE_XSDB.U_ICON/U_STAT/SR[0]
    SLICE_X90Y163        FDRE                                         r  dbg_hub/inst/BSCANID.u_xsdbm_id/CORE_XSDB.U_ICON/U_STAT/iSTAT_CNT_reg[3]/R
  -------------------------------------------------------------------    -------------------

                         (clock dbg_hub/inst/BSCANID.u_xsdbm_id/SWITCH_N_EXT_BSCAN.bscan_inst/SERIES7_BSCAN.bscan_inst/TCK rise edge)
                                                     33.000    33.000 r  
    CONFIG_SITE_X0Y0     BSCANE2                      0.000    33.000 r  dbg_hub/inst/BSCANID.u_xsdbm_id/SWITCH_N_EXT_BSCAN.bscan_inst/SERIES7_BSCAN.bscan_inst/TCK
                         net (fo=1, routed)           1.618    34.618    dbg_hub/inst/BSCANID.u_xsdbm_id/tck_bs
    BUFGCE_X1Y56         BUFGCE (Prop_BUFCE_BUFGCE_I_O)
                                                      0.075    34.693 r  dbg_hub/inst/BSCANID.u_xsdbm_id/SWITCH_N_EXT_BSCAN.u_bufg_icon_tck/O
    X3Y2 (CLOCK_ROOT)    net (fo=494, routed)         1.955    36.648    dbg_hub/inst/BSCANID.u_xsdbm_id/CORE_XSDB.U_ICON/U_STAT/m_bscan_tck[0]
    SLICE_X90Y163        FDRE                                         r  dbg_hub/inst/BSCANID.u_xsdbm_id/CORE_XSDB.U_ICON/U_STAT/iSTAT_CNT_reg[3]/C
                         clock pessimism              0.485    37.133    
                         clock uncertainty           -0.035    37.098    
    SLICE_X90Y163        FDRE (Setup_CFF_SLICEL_C_R)
                                                     -0.084    37.014    dbg_hub/inst/BSCANID.u_xsdbm_id/CORE_XSDB.U_ICON/U_STAT/iSTAT_CNT_reg[3]
  -------------------------------------------------------------------
                         required time                         37.014    
                         arrival time                          -7.373    
  -------------------------------------------------------------------
                         slack                                 29.641    

Slack (MET) :             29.641ns  (required time - arrival time)
  Source:                 dbg_hub/inst/BSCANID.u_xsdbm_id/SWITCH_N_EXT_BSCAN.bscan_switch/portno_reg[5]/C
                            (rising edge-triggered cell FDRE clocked by dbg_hub/inst/BSCANID.u_xsdbm_id/SWITCH_N_EXT_BSCAN.bscan_inst/SERIES7_BSCAN.bscan_inst/TCK  {rise@0.000ns fall@16.500ns period=33.000ns})
  Destination:            dbg_hub/inst/BSCANID.u_xsdbm_id/CORE_XSDB.U_ICON/U_STAT/iSTAT_CNT_reg[5]/R
                            (rising edge-triggered cell FDRE clocked by dbg_hub/inst/BSCANID.u_xsdbm_id/SWITCH_N_EXT_BSCAN.bscan_inst/SERIES7_BSCAN.bscan_inst/TCK  {rise@0.000ns fall@16.500ns period=33.000ns})
  Path Group:             dbg_hub/inst/BSCANID.u_xsdbm_id/SWITCH_N_EXT_BSCAN.bscan_inst/SERIES7_BSCAN.bscan_inst/TCK
  Path Type:              Setup (Max at Slow Process Corner)
  Requirement:            33.000ns  (dbg_hub/inst/BSCANID.u_xsdbm_id/SWITCH_N_EXT_BSCAN.bscan_inst/SERIES7_BSCAN.bscan_inst/TCK rise@33.000ns - dbg_hub/inst/BSCANID.u_xsdbm_id/SWITCH_N_EXT_BSCAN.bscan_inst/SERIES7_BSCAN.bscan_inst/TCK rise@0.000ns)
  Data Path Delay:        3.001ns  (logic 0.596ns (19.860%)  route 2.405ns (80.140%))
  Logic Levels:           4  (LUT4=1 LUT5=2 LUT6=1)
  Clock Path Skew:        -0.239ns (DCD - SCD + CPR)
    Destination Clock Delay (DCD):    3.648ns = ( 36.648 - 33.000 ) 
    Source Clock Delay      (SCD):    4.372ns
    Clock Pessimism Removal (CPR):    0.485ns
  Clock Uncertainty:      0.035ns  ((TSJ^2 + TIJ^2)^1/2 + DJ) / 2 + PE
    Total System Jitter     (TSJ):    0.071ns
    Total Input Jitter      (TIJ):    0.000ns
    Discrete Jitter          (DJ):    0.000ns
    Phase Error              (PE):    0.000ns
  Clock Net Delay (Source):      2.252ns (routing 0.737ns, distribution 1.515ns)
  Clock Net Delay (Destination): 1.955ns (routing 0.679ns, distribution 1.276ns)

    Location             Delay type                Incr(ns)  Path(ns)    Netlist Resource(s)
  -------------------------------------------------------------------    -------------------
                         (clock dbg_hub/inst/BSCANID.u_xsdbm_id/SWITCH_N_EXT_BSCAN.bscan_inst/SERIES7_BSCAN.bscan_inst/TCK rise edge)
                                                      0.000     0.000 r  
    CONFIG_SITE_X0Y0     BSCANE2                      0.000     0.000 r  dbg_hub/inst/BSCANID.u_xsdbm_id/SWITCH_N_EXT_BSCAN.bscan_inst/SERIES7_BSCAN.bscan_inst/TCK
                         net (fo=1, routed)           2.037     2.037    dbg_hub/inst/BSCANID.u_xsdbm_id/tck_bs
    BUFGCE_X1Y56         BUFGCE (Prop_BUFCE_BUFGCE_I_O)
                                                      0.083     2.120 r  dbg_hub/inst/BSCANID.u_xsdbm_id/SWITCH_N_EXT_BSCAN.u_bufg_icon_tck/O
    X3Y2 (CLOCK_ROOT)    net (fo=494, routed)         2.252     4.372    dbg_hub/inst/BSCANID.u_xsdbm_id/SWITCH_N_EXT_BSCAN.bscan_switch/s_bscan_tck
    SLICE_X96Y191        FDRE                                         r  dbg_hub/inst/BSCANID.u_xsdbm_id/SWITCH_N_EXT_BSCAN.bscan_switch/portno_reg[5]/C
  -------------------------------------------------------------------    -------------------
    SLICE_X96Y191        FDRE (Prop_GFF2_SLICEL_C_Q)
                                                      0.118     4.490 r  dbg_hub/inst/BSCANID.u_xsdbm_id/SWITCH_N_EXT_BSCAN.bscan_switch/portno_reg[5]/Q
                         net (fo=1, routed)           0.372     4.862    dbg_hub/inst/BSCANID.u_xsdbm_id/SWITCH_N_EXT_BSCAN.bscan_switch/portno[5]
    SLICE_X96Y191        LUT6 (Prop_H6LUT_SLICEL_I5_O)
                                                      0.188     5.050 r  dbg_hub/inst/BSCANID.u_xsdbm_id/SWITCH_N_EXT_BSCAN.bscan_switch/m_bscan_drck[0]_INST_0_i_1/O
                         net (fo=5, routed)           0.413     5.463    dbg_hub/inst/BSCANID.u_xsdbm_id/SWITCH_N_EXT_BSCAN.bscan_switch/m_bscan_drck[0]_INST_0_i_1_n_0
    SLICE_X94Y185        LUT5 (Prop_F6LUT_SLICEM_I3_O)
                                                      0.043     5.506 f  dbg_hub/inst/BSCANID.u_xsdbm_id/SWITCH_N_EXT_BSCAN.bscan_switch/m_bscan_shift[0]_INST_0/O
                         net (fo=4, routed)           0.724     6.230    dbg_hub/inst/BSCANID.u_xsdbm_id/CORE_XSDB.U_ICON/U_CMD/icn_cmd_en_reg[7]
    SLICE_X90Y161        LUT4 (Prop_D6LUT_SLICEL_I1_O)
                                                      0.115     6.345 f  dbg_hub/inst/BSCANID.u_xsdbm_id/CORE_XSDB.U_ICON/U_CMD/iSTAT_CNT[5]_i_4/O
                         net (fo=1, routed)           0.474     6.819    dbg_hub/inst/BSCANID.u_xsdbm_id/CORE_XSDB.U_ICON/U_CMD/iSTAT_CNT[5]_i_4_n_0
    SLICE_X90Y160        LUT5 (Prop_D6LUT_SLICEL_I4_O)
                                                      0.132     6.951 r  dbg_hub/inst/BSCANID.u_xsdbm_id/CORE_XSDB.U_ICON/U_CMD/iSTAT_CNT[5]_i_1/O
                         net (fo=6, routed)           0.422     7.373    dbg_hub/inst/BSCANID.u_xsdbm_id/CORE_XSDB.U_ICON/U_STAT/SR[0]
    SLICE_X90Y163        FDRE                                         r  dbg_hub/inst/BSCANID.u_xsdbm_id/CORE_XSDB.U_ICON/U_STAT/iSTAT_CNT_reg[5]/R
  -------------------------------------------------------------------    -------------------

                         (clock dbg_hub/inst/BSCANID.u_xsdbm_id/SWITCH_N_EXT_BSCAN.bscan_inst/SERIES7_BSCAN.bscan_inst/TCK rise edge)
                                                     33.000    33.000 r  
    CONFIG_SITE_X0Y0     BSCANE2                      0.000    33.000 r  dbg_hub/inst/BSCANID.u_xsdbm_id/SWITCH_N_EXT_BSCAN.bscan_inst/SERIES7_BSCAN.bscan_inst/TCK
                         net (fo=1, routed)           1.618    34.618    dbg_hub/inst/BSCANID.u_xsdbm_id/tck_bs
    BUFGCE_X1Y56         BUFGCE (Prop_BUFCE_BUFGCE_I_O)
                                                      0.075    34.693 r  dbg_hub/inst/BSCANID.u_xsdbm_id/SWITCH_N_EXT_BSCAN.u_bufg_icon_tck/O
    X3Y2 (CLOCK_ROOT)    net (fo=494, routed)         1.955    36.648    dbg_hub/inst/BSCANID.u_xsdbm_id/CORE_XSDB.U_ICON/U_STAT/m_bscan_tck[0]
    SLICE_X90Y163        FDRE                                         r  dbg_hub/inst/BSCANID.u_xsdbm_id/CORE_XSDB.U_ICON/U_STAT/iSTAT_CNT_reg[5]/C
                         clock pessimism              0.485    37.133    
                         clock uncertainty           -0.035    37.098    
    SLICE_X90Y163        FDRE (Setup_AFF_SLICEL_C_R)
                                                     -0.084    37.014    dbg_hub/inst/BSCANID.u_xsdbm_id/CORE_XSDB.U_ICON/U_STAT/iSTAT_CNT_reg[5]
  -------------------------------------------------------------------
                         required time                         37.014    
                         arrival time                          -7.373    
  -------------------------------------------------------------------
                         slack                                 29.641    

Slack (MET) :             29.643ns  (required time - arrival time)
  Source:                 dbg_hub/inst/BSCANID.u_xsdbm_id/SWITCH_N_EXT_BSCAN.bscan_switch/portno_reg[5]/C
                            (rising edge-triggered cell FDRE clocked by dbg_hub/inst/BSCANID.u_xsdbm_id/SWITCH_N_EXT_BSCAN.bscan_inst/SERIES7_BSCAN.bscan_inst/TCK  {rise@0.000ns fall@16.500ns period=33.000ns})
  Destination:            dbg_hub/inst/BSCANID.u_xsdbm_id/CORE_XSDB.U_ICON/U_STAT/iSTAT_CNT_reg[0]/R
                            (rising edge-triggered cell FDRE clocked by dbg_hub/inst/BSCANID.u_xsdbm_id/SWITCH_N_EXT_BSCAN.bscan_inst/SERIES7_BSCAN.bscan_inst/TCK  {rise@0.000ns fall@16.500ns period=33.000ns})
  Path Group:             dbg_hub/inst/BSCANID.u_xsdbm_id/SWITCH_N_EXT_BSCAN.bscan_inst/SERIES7_BSCAN.bscan_inst/TCK
  Path Type:              Setup (Max at Slow Process Corner)
  Requirement:            33.000ns  (dbg_hub/inst/BSCANID.u_xsdbm_id/SWITCH_N_EXT_BSCAN.bscan_inst/SERIES7_BSCAN.bscan_inst/TCK rise@33.000ns - dbg_hub/inst/BSCANID.u_xsdbm_id/SWITCH_N_EXT_BSCAN.bscan_inst/SERIES7_BSCAN.bscan_inst/TCK rise@0.000ns)
  Data Path Delay:        3.001ns  (logic 0.596ns (19.860%)  route 2.405ns (80.140%))
  Logic Levels:           4  (LUT4=1 LUT5=2 LUT6=1)
  Clock Path Skew:        -0.239ns (DCD - SCD + CPR)
    Destination Clock Delay (DCD):    3.648ns = ( 36.648 - 33.000 ) 
    Source Clock Delay      (SCD):    4.372ns
    Clock Pessimism Removal (CPR):    0.485ns
  Clock Uncertainty:      0.035ns  ((TSJ^2 + TIJ^2)^1/2 + DJ) / 2 + PE
    Total System Jitter     (TSJ):    0.071ns
    Total Input Jitter      (TIJ):    0.000ns
    Discrete Jitter          (DJ):    0.000ns
    Phase Error              (PE):    0.000ns
  Clock Net Delay (Source):      2.252ns (routing 0.737ns, distribution 1.515ns)
  Clock Net Delay (Destination): 1.955ns (routing 0.679ns, distribution 1.276ns)

    Location             Delay type                Incr(ns)  Path(ns)    Netlist Resource(s)
  -------------------------------------------------------------------    -------------------
                         (clock dbg_hub/inst/BSCANID.u_xsdbm_id/SWITCH_N_EXT_BSCAN.bscan_inst/SERIES7_BSCAN.bscan_inst/TCK rise edge)
                                                      0.000     0.000 r  
    CONFIG_SITE_X0Y0     BSCANE2                      0.000     0.000 r  dbg_hub/inst/BSCANID.u_xsdbm_id/SWITCH_N_EXT_BSCAN.bscan_inst/SERIES7_BSCAN.bscan_inst/TCK
                         net (fo=1, routed)           2.037     2.037    dbg_hub/inst/BSCANID.u_xsdbm_id/tck_bs
    BUFGCE_X1Y56         BUFGCE (Prop_BUFCE_BUFGCE_I_O)
                                                      0.083     2.120 r  dbg_hub/inst/BSCANID.u_xsdbm_id/SWITCH_N_EXT_BSCAN.u_bufg_icon_tck/O
    X3Y2 (CLOCK_ROOT)    net (fo=494, routed)         2.252     4.372    dbg_hub/inst/BSCANID.u_xsdbm_id/SWITCH_N_EXT_BSCAN.bscan_switch/s_bscan_tck
    SLICE_X96Y191        FDRE                                         r  dbg_hub/inst/BSCANID.u_xsdbm_id/SWITCH_N_EXT_BSCAN.bscan_switch/portno_reg[5]/C
  -------------------------------------------------------------------    -------------------
    SLICE_X96Y191        FDRE (Prop_GFF2_SLICEL_C_Q)
                                                      0.118     4.490 r  dbg_hub/inst/BSCANID.u_xsdbm_id/SWITCH_N_EXT_BSCAN.bscan_switch/portno_reg[5]/Q
                         net (fo=1, routed)           0.372     4.862    dbg_hub/inst/BSCANID.u_xsdbm_id/SWITCH_N_EXT_BSCAN.bscan_switch/portno[5]
    SLICE_X96Y191        LUT6 (Prop_H6LUT_SLICEL_I5_O)
                                                      0.188     5.050 r  dbg_hub/inst/BSCANID.u_xsdbm_id/SWITCH_N_EXT_BSCAN.bscan_switch/m_bscan_drck[0]_INST_0_i_1/O
                         net (fo=5, routed)           0.413     5.463    dbg_hub/inst/BSCANID.u_xsdbm_id/SWITCH_N_EXT_BSCAN.bscan_switch/m_bscan_drck[0]_INST_0_i_1_n_0
    SLICE_X94Y185        LUT5 (Prop_F6LUT_SLICEM_I3_O)
                                                      0.043     5.506 f  dbg_hub/inst/BSCANID.u_xsdbm_id/SWITCH_N_EXT_BSCAN.bscan_switch/m_bscan_shift[0]_INST_0/O
                         net (fo=4, routed)           0.724     6.230    dbg_hub/inst/BSCANID.u_xsdbm_id/CORE_XSDB.U_ICON/U_CMD/icn_cmd_en_reg[7]
    SLICE_X90Y161        LUT4 (Prop_D6LUT_SLICEL_I1_O)
                                                      0.115     6.345 f  dbg_hub/inst/BSCANID.u_xsdbm_id/CORE_XSDB.U_ICON/U_CMD/iSTAT_CNT[5]_i_4/O
                         net (fo=1, routed)           0.474     6.819    dbg_hub/inst/BSCANID.u_xsdbm_id/CORE_XSDB.U_ICON/U_CMD/iSTAT_CNT[5]_i_4_n_0
    SLICE_X90Y160        LUT5 (Prop_D6LUT_SLICEL_I4_O)
                                                      0.132     6.951 r  dbg_hub/inst/BSCANID.u_xsdbm_id/CORE_XSDB.U_ICON/U_CMD/iSTAT_CNT[5]_i_1/O
                         net (fo=6, routed)           0.422     7.373    dbg_hub/inst/BSCANID.u_xsdbm_id/CORE_XSDB.U_ICON/U_STAT/SR[0]
    SLICE_X90Y163        FDRE                                         r  dbg_hub/inst/BSCANID.u_xsdbm_id/CORE_XSDB.U_ICON/U_STAT/iSTAT_CNT_reg[0]/R
  -------------------------------------------------------------------    -------------------

                         (clock dbg_hub/inst/BSCANID.u_xsdbm_id/SWITCH_N_EXT_BSCAN.bscan_inst/SERIES7_BSCAN.bscan_inst/TCK rise edge)
                                                     33.000    33.000 r  
    CONFIG_SITE_X0Y0     BSCANE2                      0.000    33.000 r  dbg_hub/inst/BSCANID.u_xsdbm_id/SWITCH_N_EXT_BSCAN.bscan_inst/SERIES7_BSCAN.bscan_inst/TCK
                         net (fo=1, routed)           1.618    34.618    dbg_hub/inst/BSCANID.u_xsdbm_id/tck_bs
    BUFGCE_X1Y56         BUFGCE (Prop_BUFCE_BUFGCE_I_O)
                                                      0.075    34.693 r  dbg_hub/inst/BSCANID.u_xsdbm_id/SWITCH_N_EXT_BSCAN.u_bufg_icon_tck/O
    X3Y2 (CLOCK_ROOT)    net (fo=494, routed)         1.955    36.648    dbg_hub/inst/BSCANID.u_xsdbm_id/CORE_XSDB.U_ICON/U_STAT/m_bscan_tck[0]
    SLICE_X90Y163        FDRE                                         r  dbg_hub/inst/BSCANID.u_xsdbm_id/CORE_XSDB.U_ICON/U_STAT/iSTAT_CNT_reg[0]/C
                         clock pessimism              0.485    37.133    
                         clock uncertainty           -0.035    37.098    
    SLICE_X90Y163        FDRE (Setup_BFF2_SLICEL_C_R)
                                                     -0.082    37.016    dbg_hub/inst/BSCANID.u_xsdbm_id/CORE_XSDB.U_ICON/U_STAT/iSTAT_CNT_reg[0]
  -------------------------------------------------------------------
                         required time                         37.016    
                         arrival time                          -7.373    
  -------------------------------------------------------------------
                         slack                                 29.643    

Slack (MET) :             29.643ns  (required time - arrival time)
  Source:                 dbg_hub/inst/BSCANID.u_xsdbm_id/SWITCH_N_EXT_BSCAN.bscan_switch/portno_reg[5]/C
                            (rising edge-triggered cell FDRE clocked by dbg_hub/inst/BSCANID.u_xsdbm_id/SWITCH_N_EXT_BSCAN.bscan_inst/SERIES7_BSCAN.bscan_inst/TCK  {rise@0.000ns fall@16.500ns period=33.000ns})
  Destination:            dbg_hub/inst/BSCANID.u_xsdbm_id/CORE_XSDB.U_ICON/U_STAT/iSTAT_CNT_reg[2]/R
                            (rising edge-triggered cell FDRE clocked by dbg_hub/inst/BSCANID.u_xsdbm_id/SWITCH_N_EXT_BSCAN.bscan_inst/SERIES7_BSCAN.bscan_inst/TCK  {rise@0.000ns fall@16.500ns period=33.000ns})
  Path Group:             dbg_hub/inst/BSCANID.u_xsdbm_id/SWITCH_N_EXT_BSCAN.bscan_inst/SERIES7_BSCAN.bscan_inst/TCK
  Path Type:              Setup (Max at Slow Process Corner)
  Requirement:            33.000ns  (dbg_hub/inst/BSCANID.u_xsdbm_id/SWITCH_N_EXT_BSCAN.bscan_inst/SERIES7_BSCAN.bscan_inst/TCK rise@33.000ns - dbg_hub/inst/BSCANID.u_xsdbm_id/SWITCH_N_EXT_BSCAN.bscan_inst/SERIES7_BSCAN.bscan_inst/TCK rise@0.000ns)
  Data Path Delay:        3.001ns  (logic 0.596ns (19.860%)  route 2.405ns (80.140%))
  Logic Levels:           4  (LUT4=1 LUT5=2 LUT6=1)
  Clock Path Skew:        -0.239ns (DCD - SCD + CPR)
    Destination Clock Delay (DCD):    3.648ns = ( 36.648 - 33.000 ) 
    Source Clock Delay      (SCD):    4.372ns
    Clock Pessimism Removal (CPR):    0.485ns
  Clock Uncertainty:      0.035ns  ((TSJ^2 + TIJ^2)^1/2 + DJ) / 2 + PE
    Total System Jitter     (TSJ):    0.071ns
    Total Input Jitter      (TIJ):    0.000ns
    Discrete Jitter          (DJ):    0.000ns
    Phase Error              (PE):    0.000ns
  Clock Net Delay (Source):      2.252ns (routing 0.737ns, distribution 1.515ns)
  Clock Net Delay (Destination): 1.955ns (routing 0.679ns, distribution 1.276ns)

    Location             Delay type                Incr(ns)  Path(ns)    Netlist Resource(s)
  -------------------------------------------------------------------    -------------------
                         (clock dbg_hub/inst/BSCANID.u_xsdbm_id/SWITCH_N_EXT_BSCAN.bscan_inst/SERIES7_BSCAN.bscan_inst/TCK rise edge)
                                                      0.000     0.000 r  
    CONFIG_SITE_X0Y0     BSCANE2                      0.000     0.000 r  dbg_hub/inst/BSCANID.u_xsdbm_id/SWITCH_N_EXT_BSCAN.bscan_inst/SERIES7_BSCAN.bscan_inst/TCK
                         net (fo=1, routed)           2.037     2.037    dbg_hub/inst/BSCANID.u_xsdbm_id/tck_bs
    BUFGCE_X1Y56         BUFGCE (Prop_BUFCE_BUFGCE_I_O)
                                                      0.083     2.120 r  dbg_hub/inst/BSCANID.u_xsdbm_id/SWITCH_N_EXT_BSCAN.u_bufg_icon_tck/O
    X3Y2 (CLOCK_ROOT)    net (fo=494, routed)         2.252     4.372    dbg_hub/inst/BSCANID.u_xsdbm_id/SWITCH_N_EXT_BSCAN.bscan_switch/s_bscan_tck
    SLICE_X96Y191        FDRE                                         r  dbg_hub/inst/BSCANID.u_xsdbm_id/SWITCH_N_EXT_BSCAN.bscan_switch/portno_reg[5]/C
  -------------------------------------------------------------------    -------------------
    SLICE_X96Y191        FDRE (Prop_GFF2_SLICEL_C_Q)
                                                      0.118     4.490 r  dbg_hub/inst/BSCANID.u_xsdbm_id/SWITCH_N_EXT_BSCAN.bscan_switch/portno_reg[5]/Q
                         net (fo=1, routed)           0.372     4.862    dbg_hub/inst/BSCANID.u_xsdbm_id/SWITCH_N_EXT_BSCAN.bscan_switch/portno[5]
    SLICE_X96Y191        LUT6 (Prop_H6LUT_SLICEL_I5_O)
                                                      0.188     5.050 r  dbg_hub/inst/BSCANID.u_xsdbm_id/SWITCH_N_EXT_BSCAN.bscan_switch/m_bscan_drck[0]_INST_0_i_1/O
                         net (fo=5, routed)           0.413     5.463    dbg_hub/inst/BSCANID.u_xsdbm_id/SWITCH_N_EXT_BSCAN.bscan_switch/m_bscan_drck[0]_INST_0_i_1_n_0
    SLICE_X94Y185        LUT5 (Prop_F6LUT_SLICEM_I3_O)
                                                      0.043     5.506 f  dbg_hub/inst/BSCANID.u_xsdbm_id/SWITCH_N_EXT_BSCAN.bscan_switch/m_bscan_shift[0]_INST_0/O
                         net (fo=4, routed)           0.724     6.230    dbg_hub/inst/BSCANID.u_xsdbm_id/CORE_XSDB.U_ICON/U_CMD/icn_cmd_en_reg[7]
    SLICE_X90Y161        LUT4 (Prop_D6LUT_SLICEL_I1_O)
                                                      0.115     6.345 f  dbg_hub/inst/BSCANID.u_xsdbm_id/CORE_XSDB.U_ICON/U_CMD/iSTAT_CNT[5]_i_4/O
                         net (fo=1, routed)           0.474     6.819    dbg_hub/inst/BSCANID.u_xsdbm_id/CORE_XSDB.U_ICON/U_CMD/iSTAT_CNT[5]_i_4_n_0
    SLICE_X90Y160        LUT5 (Prop_D6LUT_SLICEL_I4_O)
                                                      0.132     6.951 r  dbg_hub/inst/BSCANID.u_xsdbm_id/CORE_XSDB.U_ICON/U_CMD/iSTAT_CNT[5]_i_1/O
                         net (fo=6, routed)           0.422     7.373    dbg_hub/inst/BSCANID.u_xsdbm_id/CORE_XSDB.U_ICON/U_STAT/SR[0]
    SLICE_X90Y163        FDRE                                         r  dbg_hub/inst/BSCANID.u_xsdbm_id/CORE_XSDB.U_ICON/U_STAT/iSTAT_CNT_reg[2]/R
  -------------------------------------------------------------------    -------------------

                         (clock dbg_hub/inst/BSCANID.u_xsdbm_id/SWITCH_N_EXT_BSCAN.bscan_inst/SERIES7_BSCAN.bscan_inst/TCK rise edge)
                                                     33.000    33.000 r  
    CONFIG_SITE_X0Y0     BSCANE2                      0.000    33.000 r  dbg_hub/inst/BSCANID.u_xsdbm_id/SWITCH_N_EXT_BSCAN.bscan_inst/SERIES7_BSCAN.bscan_inst/TCK
                         net (fo=1, routed)           1.618    34.618    dbg_hub/inst/BSCANID.u_xsdbm_id/tck_bs
    BUFGCE_X1Y56         BUFGCE (Prop_BUFCE_BUFGCE_I_O)
                                                      0.075    34.693 r  dbg_hub/inst/BSCANID.u_xsdbm_id/SWITCH_N_EXT_BSCAN.u_bufg_icon_tck/O
    X3Y2 (CLOCK_ROOT)    net (fo=494, routed)         1.955    36.648    dbg_hub/inst/BSCANID.u_xsdbm_id/CORE_XSDB.U_ICON/U_STAT/m_bscan_tck[0]
    SLICE_X90Y163        FDRE                                         r  dbg_hub/inst/BSCANID.u_xsdbm_id/CORE_XSDB.U_ICON/U_STAT/iSTAT_CNT_reg[2]/C
                         clock pessimism              0.485    37.133    
                         clock uncertainty           -0.035    37.098    
    SLICE_X90Y163        FDRE (Setup_DFF2_SLICEL_C_R)
                                                     -0.082    37.016    dbg_hub/inst/BSCANID.u_xsdbm_id/CORE_XSDB.U_ICON/U_STAT/iSTAT_CNT_reg[2]
  -------------------------------------------------------------------
                         required time                         37.016    
                         arrival time                          -7.373    
  -------------------------------------------------------------------
                         slack                                 29.643    

Slack (MET) :             29.643ns  (required time - arrival time)
  Source:                 dbg_hub/inst/BSCANID.u_xsdbm_id/SWITCH_N_EXT_BSCAN.bscan_switch/portno_reg[5]/C
                            (rising edge-triggered cell FDRE clocked by dbg_hub/inst/BSCANID.u_xsdbm_id/SWITCH_N_EXT_BSCAN.bscan_inst/SERIES7_BSCAN.bscan_inst/TCK  {rise@0.000ns fall@16.500ns period=33.000ns})
  Destination:            dbg_hub/inst/BSCANID.u_xsdbm_id/CORE_XSDB.U_ICON/U_STAT/iSTAT_CNT_reg[4]/R
                            (rising edge-triggered cell FDRE clocked by dbg_hub/inst/BSCANID.u_xsdbm_id/SWITCH_N_EXT_BSCAN.bscan_inst/SERIES7_BSCAN.bscan_inst/TCK  {rise@0.000ns fall@16.500ns period=33.000ns})
  Path Group:             dbg_hub/inst/BSCANID.u_xsdbm_id/SWITCH_N_EXT_BSCAN.bscan_inst/SERIES7_BSCAN.bscan_inst/TCK
  Path Type:              Setup (Max at Slow Process Corner)
  Requirement:            33.000ns  (dbg_hub/inst/BSCANID.u_xsdbm_id/SWITCH_N_EXT_BSCAN.bscan_inst/SERIES7_BSCAN.bscan_inst/TCK rise@33.000ns - dbg_hub/inst/BSCANID.u_xsdbm_id/SWITCH_N_EXT_BSCAN.bscan_inst/SERIES7_BSCAN.bscan_inst/TCK rise@0.000ns)
  Data Path Delay:        3.001ns  (logic 0.596ns (19.860%)  route 2.405ns (80.140%))
  Logic Levels:           4  (LUT4=1 LUT5=2 LUT6=1)
  Clock Path Skew:        -0.239ns (DCD - SCD + CPR)
    Destination Clock Delay (DCD):    3.648ns = ( 36.648 - 33.000 ) 
    Source Clock Delay      (SCD):    4.372ns
    Clock Pessimism Removal (CPR):    0.485ns
  Clock Uncertainty:      0.035ns  ((TSJ^2 + TIJ^2)^1/2 + DJ) / 2 + PE
    Total System Jitter     (TSJ):    0.071ns
    Total Input Jitter      (TIJ):    0.000ns
    Discrete Jitter          (DJ):    0.000ns
    Phase Error              (PE):    0.000ns
  Clock Net Delay (Source):      2.252ns (routing 0.737ns, distribution 1.515ns)
  Clock Net Delay (Destination): 1.955ns (routing 0.679ns, distribution 1.276ns)

    Location             Delay type                Incr(ns)  Path(ns)    Netlist Resource(s)
  -------------------------------------------------------------------    -------------------
                         (clock dbg_hub/inst/BSCANID.u_xsdbm_id/SWITCH_N_EXT_BSCAN.bscan_inst/SERIES7_BSCAN.bscan_inst/TCK rise edge)
                                                      0.000     0.000 r  
    CONFIG_SITE_X0Y0     BSCANE2                      0.000     0.000 r  dbg_hub/inst/BSCANID.u_xsdbm_id/SWITCH_N_EXT_BSCAN.bscan_inst/SERIES7_BSCAN.bscan_inst/TCK
                         net (fo=1, routed)           2.037     2.037    dbg_hub/inst/BSCANID.u_xsdbm_id/tck_bs
    BUFGCE_X1Y56         BUFGCE (Prop_BUFCE_BUFGCE_I_O)
                                                      0.083     2.120 r  dbg_hub/inst/BSCANID.u_xsdbm_id/SWITCH_N_EXT_BSCAN.u_bufg_icon_tck/O
    X3Y2 (CLOCK_ROOT)    net (fo=494, routed)         2.252     4.372    dbg_hub/inst/BSCANID.u_xsdbm_id/SWITCH_N_EXT_BSCAN.bscan_switch/s_bscan_tck
    SLICE_X96Y191        FDRE                                         r  dbg_hub/inst/BSCANID.u_xsdbm_id/SWITCH_N_EXT_BSCAN.bscan_switch/portno_reg[5]/C
  -------------------------------------------------------------------    -------------------
    SLICE_X96Y191        FDRE (Prop_GFF2_SLICEL_C_Q)
                                                      0.118     4.490 r  dbg_hub/inst/BSCANID.u_xsdbm_id/SWITCH_N_EXT_BSCAN.bscan_switch/portno_reg[5]/Q
                         net (fo=1, routed)           0.372     4.862    dbg_hub/inst/BSCANID.u_xsdbm_id/SWITCH_N_EXT_BSCAN.bscan_switch/portno[5]
    SLICE_X96Y191        LUT6 (Prop_H6LUT_SLICEL_I5_O)
                                                      0.188     5.050 r  dbg_hub/inst/BSCANID.u_xsdbm_id/SWITCH_N_EXT_BSCAN.bscan_switch/m_bscan_drck[0]_INST_0_i_1/O
                         net (fo=5, routed)           0.413     5.463    dbg_hub/inst/BSCANID.u_xsdbm_id/SWITCH_N_EXT_BSCAN.bscan_switch/m_bscan_drck[0]_INST_0_i_1_n_0
    SLICE_X94Y185        LUT5 (Prop_F6LUT_SLICEM_I3_O)
                                                      0.043     5.506 f  dbg_hub/inst/BSCANID.u_xsdbm_id/SWITCH_N_EXT_BSCAN.bscan_switch/m_bscan_shift[0]_INST_0/O
                         net (fo=4, routed)           0.724     6.230    dbg_hub/inst/BSCANID.u_xsdbm_id/CORE_XSDB.U_ICON/U_CMD/icn_cmd_en_reg[7]
    SLICE_X90Y161        LUT4 (Prop_D6LUT_SLICEL_I1_O)
                                                      0.115     6.345 f  dbg_hub/inst/BSCANID.u_xsdbm_id/CORE_XSDB.U_ICON/U_CMD/iSTAT_CNT[5]_i_4/O
                         net (fo=1, routed)           0.474     6.819    dbg_hub/inst/BSCANID.u_xsdbm_id/CORE_XSDB.U_ICON/U_CMD/iSTAT_CNT[5]_i_4_n_0
    SLICE_X90Y160        LUT5 (Prop_D6LUT_SLICEL_I4_O)
                                                      0.132     6.951 r  dbg_hub/inst/BSCANID.u_xsdbm_id/CORE_XSDB.U_ICON/U_CMD/iSTAT_CNT[5]_i_1/O
                         net (fo=6, routed)           0.422     7.373    dbg_hub/inst/BSCANID.u_xsdbm_id/CORE_XSDB.U_ICON/U_STAT/SR[0]
    SLICE_X90Y163        FDRE                                         r  dbg_hub/inst/BSCANID.u_xsdbm_id/CORE_XSDB.U_ICON/U_STAT/iSTAT_CNT_reg[4]/R
  -------------------------------------------------------------------    -------------------

                         (clock dbg_hub/inst/BSCANID.u_xsdbm_id/SWITCH_N_EXT_BSCAN.bscan_inst/SERIES7_BSCAN.bscan_inst/TCK rise edge)
                                                     33.000    33.000 r  
    CONFIG_SITE_X0Y0     BSCANE2                      0.000    33.000 r  dbg_hub/inst/BSCANID.u_xsdbm_id/SWITCH_N_EXT_BSCAN.bscan_inst/SERIES7_BSCAN.bscan_inst/TCK
                         net (fo=1, routed)           1.618    34.618    dbg_hub/inst/BSCANID.u_xsdbm_id/tck_bs
    BUFGCE_X1Y56         BUFGCE (Prop_BUFCE_BUFGCE_I_O)
                                                      0.075    34.693 r  dbg_hub/inst/BSCANID.u_xsdbm_id/SWITCH_N_EXT_BSCAN.u_bufg_icon_tck/O
    X3Y2 (CLOCK_ROOT)    net (fo=494, routed)         1.955    36.648    dbg_hub/inst/BSCANID.u_xsdbm_id/CORE_XSDB.U_ICON/U_STAT/m_bscan_tck[0]
    SLICE_X90Y163        FDRE                                         r  dbg_hub/inst/BSCANID.u_xsdbm_id/CORE_XSDB.U_ICON/U_STAT/iSTAT_CNT_reg[4]/C
                         clock pessimism              0.485    37.133    
                         clock uncertainty           -0.035    37.098    
    SLICE_X90Y163        FDRE (Setup_CFF2_SLICEL_C_R)
                                                     -0.082    37.016    dbg_hub/inst/BSCANID.u_xsdbm_id/CORE_XSDB.U_ICON/U_STAT/iSTAT_CNT_reg[4]
  -------------------------------------------------------------------
                         required time                         37.016    
                         arrival time                          -7.373    
  -------------------------------------------------------------------
                         slack                                 29.643    

Slack (MET) :             29.969ns  (required time - arrival time)
  Source:                 dbg_hub/inst/BSCANID.u_xsdbm_id/CORE_XSDB.UUT_MASTER/U_ICON_INTERFACE/icn_cmd_en_reg[3]/C
                            (rising edge-triggered cell FDRE clocked by dbg_hub/inst/BSCANID.u_xsdbm_id/SWITCH_N_EXT_BSCAN.bscan_inst/SERIES7_BSCAN.bscan_inst/TCK  {rise@0.000ns fall@16.500ns period=33.000ns})
  Destination:            dbg_hub/inst/BSCANID.u_xsdbm_id/CORE_XSDB.U_ICON/iTDO_reg/D
                            (rising edge-triggered cell FDRE clocked by dbg_hub/inst/BSCANID.u_xsdbm_id/SWITCH_N_EXT_BSCAN.bscan_inst/SERIES7_BSCAN.bscan_inst/TCK  {rise@0.000ns fall@16.500ns period=33.000ns})
  Path Group:             dbg_hub/inst/BSCANID.u_xsdbm_id/SWITCH_N_EXT_BSCAN.bscan_inst/SERIES7_BSCAN.bscan_inst/TCK
  Path Type:              Setup (Max at Slow Process Corner)
  Requirement:            33.000ns  (dbg_hub/inst/BSCANID.u_xsdbm_id/SWITCH_N_EXT_BSCAN.bscan_inst/SERIES7_BSCAN.bscan_inst/TCK rise@33.000ns - dbg_hub/inst/BSCANID.u_xsdbm_id/SWITCH_N_EXT_BSCAN.bscan_inst/SERIES7_BSCAN.bscan_inst/TCK rise@0.000ns)
  Data Path Delay:        3.008ns  (logic 0.750ns (24.934%)  route 2.258ns (75.066%))
  Logic Levels:           4  (LUT4=1 LUT5=1 LUT6=2)
  Clock Path Skew:        -0.050ns (DCD - SCD + CPR)
    Destination Clock Delay (DCD):    3.658ns = ( 36.658 - 33.000 ) 
    Source Clock Delay      (SCD):    4.315ns
    Clock Pessimism Removal (CPR):    0.607ns
  Clock Uncertainty:      0.035ns  ((TSJ^2 + TIJ^2)^1/2 + DJ) / 2 + PE
    Total System Jitter     (TSJ):    0.071ns
    Total Input Jitter      (TIJ):    0.000ns
    Discrete Jitter          (DJ):    0.000ns
    Phase Error              (PE):    0.000ns
  Clock Net Delay (Source):      2.195ns (routing 0.737ns, distribution 1.458ns)
  Clock Net Delay (Destination): 1.965ns (routing 0.679ns, distribution 1.286ns)

    Location             Delay type                Incr(ns)  Path(ns)    Netlist Resource(s)
  -------------------------------------------------------------------    -------------------
                         (clock dbg_hub/inst/BSCANID.u_xsdbm_id/SWITCH_N_EXT_BSCAN.bscan_inst/SERIES7_BSCAN.bscan_inst/TCK rise edge)
                                                      0.000     0.000 r  
    CONFIG_SITE_X0Y0     BSCANE2                      0.000     0.000 r  dbg_hub/inst/BSCANID.u_xsdbm_id/SWITCH_N_EXT_BSCAN.bscan_inst/SERIES7_BSCAN.bscan_inst/TCK
                         net (fo=1, routed)           2.037     2.037    dbg_hub/inst/BSCANID.u_xsdbm_id/tck_bs
    BUFGCE_X1Y56         BUFGCE (Prop_BUFCE_BUFGCE_I_O)
                                                      0.083     2.120 r  dbg_hub/inst/BSCANID.u_xsdbm_id/SWITCH_N_EXT_BSCAN.u_bufg_icon_tck/O
    X3Y2 (CLOCK_ROOT)    net (fo=494, routed)         2.195     4.315    dbg_hub/inst/BSCANID.u_xsdbm_id/CORE_XSDB.UUT_MASTER/U_ICON_INTERFACE/m_bscan_tck[0]
    SLICE_X90Y159        FDRE                                         r  dbg_hub/inst/BSCANID.u_xsdbm_id/CORE_XSDB.UUT_MASTER/U_ICON_INTERFACE/icn_cmd_en_reg[3]/C
  -------------------------------------------------------------------    -------------------
    SLICE_X90Y159        FDRE (Prop_BFF2_SLICEL_C_Q)
                                                      0.118     4.433 r  dbg_hub/inst/BSCANID.u_xsdbm_id/CORE_XSDB.UUT_MASTER/U_ICON_INTERFACE/icn_cmd_en_reg[3]/Q
                         net (fo=4, routed)           0.880     5.313    dbg_hub/inst/BSCANID.u_xsdbm_id/CORE_XSDB.UUT_MASTER/U_ICON_INTERFACE/U_CMD3/icn_cmd_en_temp_reg_0
    SLICE_X83Y131        LUT4 (Prop_E6LUT_SLICEL_I0_O)
                                                      0.185     5.498 r  dbg_hub/inst/BSCANID.u_xsdbm_id/CORE_XSDB.UUT_MASTER/U_ICON_INTERFACE/U_CMD3/iTDO_i_13/O
                         net (fo=1, routed)           0.145     5.643    dbg_hub/inst/BSCANID.u_xsdbm_id/CORE_XSDB.UUT_MASTER/U_ICON_INTERFACE/U_CMD7_STAT/iTDO_i_4_0
    SLICE_X83Y130        LUT6 (Prop_E6LUT_SLICEL_I5_O)
                                                      0.185     5.828 r  dbg_hub/inst/BSCANID.u_xsdbm_id/CORE_XSDB.UUT_MASTER/U_ICON_INTERFACE/U_CMD7_STAT/iTDO_i_7/O
                         net (fo=1, routed)           0.657     6.485    dbg_hub/inst/BSCANID.u_xsdbm_id/CORE_XSDB.UUT_MASTER/U_ICON_INTERFACE/U_CMD6_RD/U_RD_FIFO/iTDO_reg_3
    SLICE_X90Y128        LUT6 (Prop_H6LUT_SLICEL_I1_O)
                                                      0.070     6.555 r  dbg_hub/inst/BSCANID.u_xsdbm_id/CORE_XSDB.UUT_MASTER/U_ICON_INTERFACE/U_CMD6_RD/U_RD_FIFO/iTDO_i_4/O
                         net (fo=1, routed)           0.541     7.096    dbg_hub/inst/BSCANID.u_xsdbm_id/CORE_XSDB.UUT_MASTER/U_ICON_INTERFACE/U_CMD6_RD/U_RD_FIFO/iTDO_i_4_n_0
    SLICE_X90Y160        LUT5 (Prop_C5LUT_SLICEL_I2_O)
                                                      0.192     7.288 r  dbg_hub/inst/BSCANID.u_xsdbm_id/CORE_XSDB.UUT_MASTER/U_ICON_INTERFACE/U_CMD6_RD/U_RD_FIFO/iTDO_i_1/O
                         net (fo=1, routed)           0.035     7.323    dbg_hub/inst/BSCANID.u_xsdbm_id/CORE_XSDB.U_ICON/iTDO_next
    SLICE_X90Y160        FDRE                                         r  dbg_hub/inst/BSCANID.u_xsdbm_id/CORE_XSDB.U_ICON/iTDO_reg/D
  -------------------------------------------------------------------    -------------------

                         (clock dbg_hub/inst/BSCANID.u_xsdbm_id/SWITCH_N_EXT_BSCAN.bscan_inst/SERIES7_BSCAN.bscan_inst/TCK rise edge)
                                                     33.000    33.000 r  
    CONFIG_SITE_X0Y0     BSCANE2                      0.000    33.000 r  dbg_hub/inst/BSCANID.u_xsdbm_id/SWITCH_N_EXT_BSCAN.bscan_inst/SERIES7_BSCAN.bscan_inst/TCK
                         net (fo=1, routed)           1.618    34.618    dbg_hub/inst/BSCANID.u_xsdbm_id/tck_bs
    BUFGCE_X1Y56         BUFGCE (Prop_BUFCE_BUFGCE_I_O)
                                                      0.075    34.693 r  dbg_hub/inst/BSCANID.u_xsdbm_id/SWITCH_N_EXT_BSCAN.u_bufg_icon_tck/O
    X3Y2 (CLOCK_ROOT)    net (fo=494, routed)         1.965    36.658    dbg_hub/inst/BSCANID.u_xsdbm_id/CORE_XSDB.U_ICON/m_bscan_tck[0]
    SLICE_X90Y160        FDRE                                         r  dbg_hub/inst/BSCANID.u_xsdbm_id/CORE_XSDB.U_ICON/iTDO_reg/C
                         clock pessimism              0.607    37.265    
                         clock uncertainty           -0.035    37.230    
    SLICE_X90Y160        FDRE (Setup_CFF2_SLICEL_C_D)
                                                      0.062    37.292    dbg_hub/inst/BSCANID.u_xsdbm_id/CORE_XSDB.U_ICON/iTDO_reg
  -------------------------------------------------------------------
                         required time                         37.292    
                         arrival time                          -7.323    
  -------------------------------------------------------------------
                         slack                                 29.969    

Slack (MET) :             29.999ns  (required time - arrival time)
  Source:                 dbg_hub/inst/BSCANID.u_xsdbm_id/SWITCH_N_EXT_BSCAN.bscan_switch/state_reg[0]/C
                            (rising edge-triggered cell FDRE clocked by dbg_hub/inst/BSCANID.u_xsdbm_id/SWITCH_N_EXT_BSCAN.bscan_inst/SERIES7_BSCAN.bscan_inst/TCK  {rise@0.000ns fall@16.500ns period=33.000ns})
  Destination:            dbg_hub/inst/BSCANID.u_xsdbm_id/SWITCH_N_EXT_BSCAN.bscan_switch/portno_temp_reg[0]/D
                            (rising edge-triggered cell FDRE clocked by dbg_hub/inst/BSCANID.u_xsdbm_id/SWITCH_N_EXT_BSCAN.bscan_inst/SERIES7_BSCAN.bscan_inst/TCK  {rise@0.000ns fall@16.500ns period=33.000ns})
  Path Group:             dbg_hub/inst/BSCANID.u_xsdbm_id/SWITCH_N_EXT_BSCAN.bscan_inst/SERIES7_BSCAN.bscan_inst/TCK
  Path Type:              Setup (Max at Slow Process Corner)
  Requirement:            33.000ns  (dbg_hub/inst/BSCANID.u_xsdbm_id/SWITCH_N_EXT_BSCAN.bscan_inst/SERIES7_BSCAN.bscan_inst/TCK rise@33.000ns - dbg_hub/inst/BSCANID.u_xsdbm_id/SWITCH_N_EXT_BSCAN.bscan_inst/SERIES7_BSCAN.bscan_inst/TCK rise@0.000ns)
  Data Path Delay:        2.928ns  (logic 1.221ns (41.701%)  route 1.707ns (58.299%))
  Logic Levels:           5  (CARRY8=1 LUT3=1 LUT4=1 LUT5=1 LUT6=1)
  Clock Path Skew:        -0.101ns (DCD - SCD + CPR)
    Destination Clock Delay (DCD):    3.691ns = ( 36.691 - 33.000 ) 
    Source Clock Delay      (SCD):    4.339ns
    Clock Pessimism Removal (CPR):    0.547ns
  Clock Uncertainty:      0.035ns  ((TSJ^2 + TIJ^2)^1/2 + DJ) / 2 + PE
    Total System Jitter     (TSJ):    0.071ns
    Total Input Jitter      (TIJ):    0.000ns
    Discrete Jitter          (DJ):    0.000ns
    Phase Error              (PE):    0.000ns
  Clock Net Delay (Source):      2.219ns (routing 0.737ns, distribution 1.482ns)
  Clock Net Delay (Destination): 1.998ns (routing 0.679ns, distribution 1.319ns)

    Location             Delay type                Incr(ns)  Path(ns)    Netlist Resource(s)
  -------------------------------------------------------------------    -------------------
                         (clock dbg_hub/inst/BSCANID.u_xsdbm_id/SWITCH_N_EXT_BSCAN.bscan_inst/SERIES7_BSCAN.bscan_inst/TCK rise edge)
                                                      0.000     0.000 r  
    CONFIG_SITE_X0Y0     BSCANE2                      0.000     0.000 r  dbg_hub/inst/BSCANID.u_xsdbm_id/SWITCH_N_EXT_BSCAN.bscan_inst/SERIES7_BSCAN.bscan_inst/TCK
                         net (fo=1, routed)           2.037     2.037    dbg_hub/inst/BSCANID.u_xsdbm_id/tck_bs
    BUFGCE_X1Y56         BUFGCE (Prop_BUFCE_BUFGCE_I_O)
                                                      0.083     2.120 r  dbg_hub/inst/BSCANID.u_xsdbm_id/SWITCH_N_EXT_BSCAN.u_bufg_icon_tck/O
    X3Y2 (CLOCK_ROOT)    net (fo=494, routed)         2.219     4.339    dbg_hub/inst/BSCANID.u_xsdbm_id/SWITCH_N_EXT_BSCAN.bscan_switch/s_bscan_tck
    SLICE_X95Y190        FDRE                                         r  dbg_hub/inst/BSCANID.u_xsdbm_id/SWITCH_N_EXT_BSCAN.bscan_switch/state_reg[0]/C
  -------------------------------------------------------------------    -------------------
    SLICE_X95Y190        FDRE (Prop_EFF_SLICEL_C_Q)
                                                      0.114     4.453 r  dbg_hub/inst/BSCANID.u_xsdbm_id/SWITCH_N_EXT_BSCAN.bscan_switch/state_reg[0]/Q
                         net (fo=50, routed)          0.582     5.035    dbg_hub/inst/BSCANID.u_xsdbm_id/SWITCH_N_EXT_BSCAN.bscan_switch/state[0]
    SLICE_X100Y193       LUT4 (Prop_H6LUT_SLICEM_I1_O)
                                                      0.191     5.226 r  dbg_hub/inst/BSCANID.u_xsdbm_id/SWITCH_N_EXT_BSCAN.bscan_switch/curid_inferred_i_18/O
                         net (fo=2, routed)           0.286     5.512    dbg_hub/inst/BSCANID.u_xsdbm_id/SWITCH_N_EXT_BSCAN.bscan_switch/curid[14]
    SLICE_X99Y194        LUT6 (Prop_C6LUT_SLICEL_I1_O)
                                                      0.185     5.697 r  dbg_hub/inst/BSCANID.u_xsdbm_id/SWITCH_N_EXT_BSCAN.bscan_switch/state_temp[0]_i_9/O
                         net (fo=1, routed)           0.000     5.697    dbg_hub/inst/BSCANID.u_xsdbm_id/SWITCH_N_EXT_BSCAN.bscan_switch/state_temp[0]_i_9_n_0
    SLICE_X99Y194        CARRY8 (Prop_CARRY8_SLICEL_S[2]_CO[7])
                                                      0.353     6.050 f  dbg_hub/inst/BSCANID.u_xsdbm_id/SWITCH_N_EXT_BSCAN.bscan_switch/state_temp_reg[0]_i_3/CO[7]
                         net (fo=4, routed)           0.522     6.572    dbg_hub/inst/BSCANID.u_xsdbm_id/SWITCH_N_EXT_BSCAN.bscan_switch/state_temp_reg[0]_i_3_n_0
    SLICE_X96Y191        LUT5 (Prop_E6LUT_SLICEL_I1_O)
                                                      0.173     6.745 r  dbg_hub/inst/BSCANID.u_xsdbm_id/SWITCH_N_EXT_BSCAN.bscan_switch/portno_temp[5]_i_2/O
                         net (fo=7, routed)           0.282     7.027    dbg_hub/inst/BSCANID.u_xsdbm_id/SWITCH_N_EXT_BSCAN.bscan_switch/portno_temp[5]_i_2_n_0
    SLICE_X96Y191        LUT3 (Prop_D5LUT_SLICEL_I1_O)
                                                      0.205     7.232 r  dbg_hub/inst/BSCANID.u_xsdbm_id/SWITCH_N_EXT_BSCAN.bscan_switch/portno_temp[0]_i_1/O
                         net (fo=1, routed)           0.035     7.267    dbg_hub/inst/BSCANID.u_xsdbm_id/SWITCH_N_EXT_BSCAN.bscan_switch/portno_temp[0]_i_1_n_0
    SLICE_X96Y191        FDRE                                         r  dbg_hub/inst/BSCANID.u_xsdbm_id/SWITCH_N_EXT_BSCAN.bscan_switch/portno_temp_reg[0]/D
  -------------------------------------------------------------------    -------------------

                         (clock dbg_hub/inst/BSCANID.u_xsdbm_id/SWITCH_N_EXT_BSCAN.bscan_inst/SERIES7_BSCAN.bscan_inst/TCK rise edge)
                                                     33.000    33.000 r  
    CONFIG_SITE_X0Y0     BSCANE2                      0.000    33.000 r  dbg_hub/inst/BSCANID.u_xsdbm_id/SWITCH_N_EXT_BSCAN.bscan_inst/SERIES7_BSCAN.bscan_inst/TCK
                         net (fo=1, routed)           1.618    34.618    dbg_hub/inst/BSCANID.u_xsdbm_id/tck_bs
    BUFGCE_X1Y56         BUFGCE (Prop_BUFCE_BUFGCE_I_O)
                                                      0.075    34.693 r  dbg_hub/inst/BSCANID.u_xsdbm_id/SWITCH_N_EXT_BSCAN.u_bufg_icon_tck/O
    X3Y2 (CLOCK_ROOT)    net (fo=494, routed)         1.998    36.691    dbg_hub/inst/BSCANID.u_xsdbm_id/SWITCH_N_EXT_BSCAN.bscan_switch/s_bscan_tck
    SLICE_X96Y191        FDRE                                         r  dbg_hub/inst/BSCANID.u_xsdbm_id/SWITCH_N_EXT_BSCAN.bscan_switch/portno_temp_reg[0]/C
                         clock pessimism              0.547    37.238    
                         clock uncertainty           -0.035    37.203    
    SLICE_X96Y191        FDRE (Setup_DFF2_SLICEL_C_D)
                                                      0.063    37.266    dbg_hub/inst/BSCANID.u_xsdbm_id/SWITCH_N_EXT_BSCAN.bscan_switch/portno_temp_reg[0]
  -------------------------------------------------------------------
                         required time                         37.266    
                         arrival time                          -7.267    
  -------------------------------------------------------------------
                         slack                                 29.999    

Slack (MET) :             30.020ns  (required time - arrival time)
  Source:                 dbg_hub/inst/BSCANID.u_xsdbm_id/SWITCH_N_EXT_BSCAN.bscan_switch/state_reg[0]/C
                            (rising edge-triggered cell FDRE clocked by dbg_hub/inst/BSCANID.u_xsdbm_id/SWITCH_N_EXT_BSCAN.bscan_inst/SERIES7_BSCAN.bscan_inst/TCK  {rise@0.000ns fall@16.500ns period=33.000ns})
  Destination:            dbg_hub/inst/BSCANID.u_xsdbm_id/SWITCH_N_EXT_BSCAN.bscan_switch/portno_temp_reg[2]/D
                            (rising edge-triggered cell FDRE clocked by dbg_hub/inst/BSCANID.u_xsdbm_id/SWITCH_N_EXT_BSCAN.bscan_inst/SERIES7_BSCAN.bscan_inst/TCK  {rise@0.000ns fall@16.500ns period=33.000ns})
  Path Group:             dbg_hub/inst/BSCANID.u_xsdbm_id/SWITCH_N_EXT_BSCAN.bscan_inst/SERIES7_BSCAN.bscan_inst/TCK
  Path Type:              Setup (Max at Slow Process Corner)
  Requirement:            33.000ns  (dbg_hub/inst/BSCANID.u_xsdbm_id/SWITCH_N_EXT_BSCAN.bscan_inst/SERIES7_BSCAN.bscan_inst/TCK rise@33.000ns - dbg_hub/inst/BSCANID.u_xsdbm_id/SWITCH_N_EXT_BSCAN.bscan_inst/SERIES7_BSCAN.bscan_inst/TCK rise@0.000ns)
  Data Path Delay:        2.903ns  (logic 1.204ns (41.474%)  route 1.699ns (58.526%))
  Logic Levels:           5  (CARRY8=1 LUT3=1 LUT4=1 LUT5=1 LUT6=1)
  Clock Path Skew:        -0.101ns (DCD - SCD + CPR)
    Destination Clock Delay (DCD):    3.691ns = ( 36.691 - 33.000 ) 
    Source Clock Delay      (SCD):    4.339ns
    Clock Pessimism Removal (CPR):    0.547ns
  Clock Uncertainty:      0.035ns  ((TSJ^2 + TIJ^2)^1/2 + DJ) / 2 + PE
    Total System Jitter     (TSJ):    0.071ns
    Total Input Jitter      (TIJ):    0.000ns
    Discrete Jitter          (DJ):    0.000ns
    Phase Error              (PE):    0.000ns
  Clock Net Delay (Source):      2.219ns (routing 0.737ns, distribution 1.482ns)
  Clock Net Delay (Destination): 1.998ns (routing 0.679ns, distribution 1.319ns)

    Location             Delay type                Incr(ns)  Path(ns)    Netlist Resource(s)
  -------------------------------------------------------------------    -------------------
                         (clock dbg_hub/inst/BSCANID.u_xsdbm_id/SWITCH_N_EXT_BSCAN.bscan_inst/SERIES7_BSCAN.bscan_inst/TCK rise edge)
                                                      0.000     0.000 r  
    CONFIG_SITE_X0Y0     BSCANE2                      0.000     0.000 r  dbg_hub/inst/BSCANID.u_xsdbm_id/SWITCH_N_EXT_BSCAN.bscan_inst/SERIES7_BSCAN.bscan_inst/TCK
                         net (fo=1, routed)           2.037     2.037    dbg_hub/inst/BSCANID.u_xsdbm_id/tck_bs
    BUFGCE_X1Y56         BUFGCE (Prop_BUFCE_BUFGCE_I_O)
                                                      0.083     2.120 r  dbg_hub/inst/BSCANID.u_xsdbm_id/SWITCH_N_EXT_BSCAN.u_bufg_icon_tck/O
    X3Y2 (CLOCK_ROOT)    net (fo=494, routed)         2.219     4.339    dbg_hub/inst/BSCANID.u_xsdbm_id/SWITCH_N_EXT_BSCAN.bscan_switch/s_bscan_tck
    SLICE_X95Y190        FDRE                                         r  dbg_hub/inst/BSCANID.u_xsdbm_id/SWITCH_N_EXT_BSCAN.bscan_switch/state_reg[0]/C
  -------------------------------------------------------------------    -------------------
    SLICE_X95Y190        FDRE (Prop_EFF_SLICEL_C_Q)
                                                      0.114     4.453 r  dbg_hub/inst/BSCANID.u_xsdbm_id/SWITCH_N_EXT_BSCAN.bscan_switch/state_reg[0]/Q
                         net (fo=50, routed)          0.582     5.035    dbg_hub/inst/BSCANID.u_xsdbm_id/SWITCH_N_EXT_BSCAN.bscan_switch/state[0]
    SLICE_X100Y193       LUT4 (Prop_H6LUT_SLICEM_I1_O)
                                                      0.191     5.226 r  dbg_hub/inst/BSCANID.u_xsdbm_id/SWITCH_N_EXT_BSCAN.bscan_switch/curid_inferred_i_18/O
                         net (fo=2, routed)           0.286     5.512    dbg_hub/inst/BSCANID.u_xsdbm_id/SWITCH_N_EXT_BSCAN.bscan_switch/curid[14]
    SLICE_X99Y194        LUT6 (Prop_C6LUT_SLICEL_I1_O)
                                                      0.185     5.697 r  dbg_hub/inst/BSCANID.u_xsdbm_id/SWITCH_N_EXT_BSCAN.bscan_switch/state_temp[0]_i_9/O
                         net (fo=1, routed)           0.000     5.697    dbg_hub/inst/BSCANID.u_xsdbm_id/SWITCH_N_EXT_BSCAN.bscan_switch/state_temp[0]_i_9_n_0
    SLICE_X99Y194        CARRY8 (Prop_CARRY8_SLICEL_S[2]_CO[7])
                                                      0.353     6.050 f  dbg_hub/inst/BSCANID.u_xsdbm_id/SWITCH_N_EXT_BSCAN.bscan_switch/state_temp_reg[0]_i_3/CO[7]
                         net (fo=4, routed)           0.522     6.572    dbg_hub/inst/BSCANID.u_xsdbm_id/SWITCH_N_EXT_BSCAN.bscan_switch/state_temp_reg[0]_i_3_n_0
    SLICE_X96Y191        LUT5 (Prop_E6LUT_SLICEL_I1_O)
                                                      0.173     6.745 r  dbg_hub/inst/BSCANID.u_xsdbm_id/SWITCH_N_EXT_BSCAN.bscan_switch/portno_temp[5]_i_2/O
                         net (fo=7, routed)           0.282     7.027    dbg_hub/inst/BSCANID.u_xsdbm_id/SWITCH_N_EXT_BSCAN.bscan_switch/portno_temp[5]_i_2_n_0
    SLICE_X96Y191        LUT3 (Prop_D6LUT_SLICEL_I1_O)
                                                      0.188     7.215 r  dbg_hub/inst/BSCANID.u_xsdbm_id/SWITCH_N_EXT_BSCAN.bscan_switch/portno_temp[2]_i_1/O
                         net (fo=1, routed)           0.027     7.242    dbg_hub/inst/BSCANID.u_xsdbm_id/SWITCH_N_EXT_BSCAN.bscan_switch/portno_temp[2]_i_1_n_0
    SLICE_X96Y191        FDRE                                         r  dbg_hub/inst/BSCANID.u_xsdbm_id/SWITCH_N_EXT_BSCAN.bscan_switch/portno_temp_reg[2]/D
  -------------------------------------------------------------------    -------------------

                         (clock dbg_hub/inst/BSCANID.u_xsdbm_id/SWITCH_N_EXT_BSCAN.bscan_inst/SERIES7_BSCAN.bscan_inst/TCK rise edge)
                                                     33.000    33.000 r  
    CONFIG_SITE_X0Y0     BSCANE2                      0.000    33.000 r  dbg_hub/inst/BSCANID.u_xsdbm_id/SWITCH_N_EXT_BSCAN.bscan_inst/SERIES7_BSCAN.bscan_inst/TCK
                         net (fo=1, routed)           1.618    34.618    dbg_hub/inst/BSCANID.u_xsdbm_id/tck_bs
    BUFGCE_X1Y56         BUFGCE (Prop_BUFCE_BUFGCE_I_O)
                                                      0.075    34.693 r  dbg_hub/inst/BSCANID.u_xsdbm_id/SWITCH_N_EXT_BSCAN.u_bufg_icon_tck/O
    X3Y2 (CLOCK_ROOT)    net (fo=494, routed)         1.998    36.691    dbg_hub/inst/BSCANID.u_xsdbm_id/SWITCH_N_EXT_BSCAN.bscan_switch/s_bscan_tck
    SLICE_X96Y191        FDRE                                         r  dbg_hub/inst/BSCANID.u_xsdbm_id/SWITCH_N_EXT_BSCAN.bscan_switch/portno_temp_reg[2]/C
                         clock pessimism              0.547    37.238    
                         clock uncertainty           -0.035    37.203    
    SLICE_X96Y191        FDRE (Setup_DFF_SLICEL_C_D)
                                                      0.059    37.262    dbg_hub/inst/BSCANID.u_xsdbm_id/SWITCH_N_EXT_BSCAN.bscan_switch/portno_temp_reg[2]
  -------------------------------------------------------------------
                         required time                         37.262    
                         arrival time                          -7.242    
  -------------------------------------------------------------------
                         slack                                 30.020    

Slack (MET) :             30.084ns  (required time - arrival time)
  Source:                 dbg_hub/inst/BSCANID.u_xsdbm_id/SWITCH_N_EXT_BSCAN.bscan_switch/state_reg[0]/C
                            (rising edge-triggered cell FDRE clocked by dbg_hub/inst/BSCANID.u_xsdbm_id/SWITCH_N_EXT_BSCAN.bscan_inst/SERIES7_BSCAN.bscan_inst/TCK  {rise@0.000ns fall@16.500ns period=33.000ns})
  Destination:            dbg_hub/inst/BSCANID.u_xsdbm_id/SWITCH_N_EXT_BSCAN.bscan_switch/state_temp_reg[2]/D
                            (rising edge-triggered cell FDRE clocked by dbg_hub/inst/BSCANID.u_xsdbm_id/SWITCH_N_EXT_BSCAN.bscan_inst/SERIES7_BSCAN.bscan_inst/TCK  {rise@0.000ns fall@16.500ns period=33.000ns})
  Path Group:             dbg_hub/inst/BSCANID.u_xsdbm_id/SWITCH_N_EXT_BSCAN.bscan_inst/SERIES7_BSCAN.bscan_inst/TCK
  Path Type:              Setup (Max at Slow Process Corner)
  Requirement:            33.000ns  (dbg_hub/inst/BSCANID.u_xsdbm_id/SWITCH_N_EXT_BSCAN.bscan_inst/SERIES7_BSCAN.bscan_inst/TCK rise@33.000ns - dbg_hub/inst/BSCANID.u_xsdbm_id/SWITCH_N_EXT_BSCAN.bscan_inst/SERIES7_BSCAN.bscan_inst/TCK rise@0.000ns)
  Data Path Delay:        2.826ns  (logic 1.189ns (42.074%)  route 1.637ns (57.926%))
  Logic Levels:           5  (CARRY8=1 LUT4=1 LUT5=1 LUT6=2)
  Clock Path Skew:        -0.113ns (DCD - SCD + CPR)
    Destination Clock Delay (DCD):    3.679ns = ( 36.679 - 33.000 ) 
    Source Clock Delay      (SCD):    4.339ns
    Clock Pessimism Removal (CPR):    0.547ns
  Clock Uncertainty:      0.035ns  ((TSJ^2 + TIJ^2)^1/2 + DJ) / 2 + PE
    Total System Jitter     (TSJ):    0.071ns
    Total Input Jitter      (TIJ):    0.000ns
    Discrete Jitter          (DJ):    0.000ns
    Phase Error              (PE):    0.000ns
  Clock Net Delay (Source):      2.219ns (routing 0.737ns, distribution 1.482ns)
  Clock Net Delay (Destination): 1.986ns (routing 0.679ns, distribution 1.307ns)

    Location             Delay type                Incr(ns)  Path(ns)    Netlist Resource(s)
  -------------------------------------------------------------------    -------------------
                         (clock dbg_hub/inst/BSCANID.u_xsdbm_id/SWITCH_N_EXT_BSCAN.bscan_inst/SERIES7_BSCAN.bscan_inst/TCK rise edge)
                                                      0.000     0.000 r  
    CONFIG_SITE_X0Y0     BSCANE2                      0.000     0.000 r  dbg_hub/inst/BSCANID.u_xsdbm_id/SWITCH_N_EXT_BSCAN.bscan_inst/SERIES7_BSCAN.bscan_inst/TCK
                         net (fo=1, routed)           2.037     2.037    dbg_hub/inst/BSCANID.u_xsdbm_id/tck_bs
    BUFGCE_X1Y56         BUFGCE (Prop_BUFCE_BUFGCE_I_O)
                                                      0.083     2.120 r  dbg_hub/inst/BSCANID.u_xsdbm_id/SWITCH_N_EXT_BSCAN.u_bufg_icon_tck/O
    X3Y2 (CLOCK_ROOT)    net (fo=494, routed)         2.219     4.339    dbg_hub/inst/BSCANID.u_xsdbm_id/SWITCH_N_EXT_BSCAN.bscan_switch/s_bscan_tck
    SLICE_X95Y190        FDRE                                         r  dbg_hub/inst/BSCANID.u_xsdbm_id/SWITCH_N_EXT_BSCAN.bscan_switch/state_reg[0]/C
  -------------------------------------------------------------------    -------------------
    SLICE_X95Y190        FDRE (Prop_EFF_SLICEL_C_Q)
                                                      0.114     4.453 r  dbg_hub/inst/BSCANID.u_xsdbm_id/SWITCH_N_EXT_BSCAN.bscan_switch/state_reg[0]/Q
                         net (fo=50, routed)          0.582     5.035    dbg_hub/inst/BSCANID.u_xsdbm_id/SWITCH_N_EXT_BSCAN.bscan_switch/state[0]
    SLICE_X100Y193       LUT4 (Prop_H6LUT_SLICEM_I1_O)
                                                      0.191     5.226 r  dbg_hub/inst/BSCANID.u_xsdbm_id/SWITCH_N_EXT_BSCAN.bscan_switch/curid_inferred_i_18/O
                         net (fo=2, routed)           0.286     5.512    dbg_hub/inst/BSCANID.u_xsdbm_id/SWITCH_N_EXT_BSCAN.bscan_switch/curid[14]
    SLICE_X99Y194        LUT6 (Prop_C6LUT_SLICEL_I1_O)
                                                      0.185     5.697 r  dbg_hub/inst/BSCANID.u_xsdbm_id/SWITCH_N_EXT_BSCAN.bscan_switch/state_temp[0]_i_9/O
                         net (fo=1, routed)           0.000     5.697    dbg_hub/inst/BSCANID.u_xsdbm_id/SWITCH_N_EXT_BSCAN.bscan_switch/state_temp[0]_i_9_n_0
    SLICE_X99Y194        CARRY8 (Prop_CARRY8_SLICEL_S[2]_CO[7])
                                                      0.353     6.050 f  dbg_hub/inst/BSCANID.u_xsdbm_id/SWITCH_N_EXT_BSCAN.bscan_switch/state_temp_reg[0]_i_3/CO[7]
                         net (fo=4, routed)           0.522     6.572    dbg_hub/inst/BSCANID.u_xsdbm_id/SWITCH_N_EXT_BSCAN.bscan_switch/state_temp_reg[0]_i_3_n_0
    SLICE_X96Y191        LUT5 (Prop_E6LUT_SLICEL_I1_O)
                                                      0.173     6.745 r  dbg_hub/inst/BSCANID.u_xsdbm_id/SWITCH_N_EXT_BSCAN.bscan_switch/portno_temp[5]_i_2/O
                         net (fo=7, routed)           0.221     6.966    dbg_hub/inst/BSCANID.u_xsdbm_id/SWITCH_N_EXT_BSCAN.bscan_switch/portno_temp[5]_i_2_n_0
    SLICE_X96Y190        LUT6 (Prop_B6LUT_SLICEL_I2_O)
                                                      0.173     7.139 r  dbg_hub/inst/BSCANID.u_xsdbm_id/SWITCH_N_EXT_BSCAN.bscan_switch/state_temp[2]_i_1/O
                         net (fo=1, routed)           0.026     7.165    dbg_hub/inst/BSCANID.u_xsdbm_id/SWITCH_N_EXT_BSCAN.bscan_switch/state_temp[2]_i_1_n_0
    SLICE_X96Y190        FDRE                                         r  dbg_hub/inst/BSCANID.u_xsdbm_id/SWITCH_N_EXT_BSCAN.bscan_switch/state_temp_reg[2]/D
  -------------------------------------------------------------------    -------------------

                         (clock dbg_hub/inst/BSCANID.u_xsdbm_id/SWITCH_N_EXT_BSCAN.bscan_inst/SERIES7_BSCAN.bscan_inst/TCK rise edge)
                                                     33.000    33.000 r  
    CONFIG_SITE_X0Y0     BSCANE2                      0.000    33.000 r  dbg_hub/inst/BSCANID.u_xsdbm_id/SWITCH_N_EXT_BSCAN.bscan_inst/SERIES7_BSCAN.bscan_inst/TCK
                         net (fo=1, routed)           1.618    34.618    dbg_hub/inst/BSCANID.u_xsdbm_id/tck_bs
    BUFGCE_X1Y56         BUFGCE (Prop_BUFCE_BUFGCE_I_O)
                                                      0.075    34.693 r  dbg_hub/inst/BSCANID.u_xsdbm_id/SWITCH_N_EXT_BSCAN.u_bufg_icon_tck/O
    X3Y2 (CLOCK_ROOT)    net (fo=494, routed)         1.986    36.679    dbg_hub/inst/BSCANID.u_xsdbm_id/SWITCH_N_EXT_BSCAN.bscan_switch/s_bscan_tck
    SLICE_X96Y190        FDRE                                         r  dbg_hub/inst/BSCANID.u_xsdbm_id/SWITCH_N_EXT_BSCAN.bscan_switch/state_temp_reg[2]/C
                         clock pessimism              0.547    37.226    
                         clock uncertainty           -0.035    37.191    
    SLICE_X96Y190        FDRE (Setup_BFF_SLICEL_C_D)
                                                      0.058    37.249    dbg_hub/inst/BSCANID.u_xsdbm_id/SWITCH_N_EXT_BSCAN.bscan_switch/state_temp_reg[2]
  -------------------------------------------------------------------
                         required time                         37.249    
                         arrival time                          -7.165    
  -------------------------------------------------------------------
                         slack                                 30.084    





Min Delay Paths
--------------------------------------------------------------------------------------
Slack (MET) :             0.045ns  (arrival time - required time)
  Source:                 dbg_hub/inst/BSCANID.u_xsdbm_id/CORE_XSDB.UUT_MASTER/U_ICON_INTERFACE/U_CMD6_RD/U_RD_FIFO/SUBCORE_FIFO.xsdbm_v3_0_0_rdfifo_inst/inst_fifo_gen/gconvfifo.rf/grf.rf/gntv_or_sync_fifo.mem/goreg_dm.dout_i_reg[5]/C
                            (rising edge-triggered cell FDRE clocked by dbg_hub/inst/BSCANID.u_xsdbm_id/SWITCH_N_EXT_BSCAN.bscan_inst/SERIES7_BSCAN.bscan_inst/TCK  {rise@0.000ns fall@16.500ns period=33.000ns})
  Destination:            dbg_hub/inst/BSCANID.u_xsdbm_id/CORE_XSDB.UUT_MASTER/U_ICON_INTERFACE/U_CMD6_RD/shift_reg_in_reg[4]/D
                            (rising edge-triggered cell FDCE clocked by dbg_hub/inst/BSCANID.u_xsdbm_id/SWITCH_N_EXT_BSCAN.bscan_inst/SERIES7_BSCAN.bscan_inst/TCK  {rise@0.000ns fall@16.500ns period=33.000ns})
  Path Group:             dbg_hub/inst/BSCANID.u_xsdbm_id/SWITCH_N_EXT_BSCAN.bscan_inst/SERIES7_BSCAN.bscan_inst/TCK
  Path Type:              Hold (Min at Fast Process Corner)
  Requirement:            0.000ns  (dbg_hub/inst/BSCANID.u_xsdbm_id/SWITCH_N_EXT_BSCAN.bscan_inst/SERIES7_BSCAN.bscan_inst/TCK rise@0.000ns - dbg_hub/inst/BSCANID.u_xsdbm_id/SWITCH_N_EXT_BSCAN.bscan_inst/SERIES7_BSCAN.bscan_inst/TCK rise@0.000ns)
  Data Path Delay:        0.143ns  (logic 0.093ns (65.035%)  route 0.050ns (34.965%))
  Logic Levels:           1  (LUT5=1)
  Clock Path Skew:        0.042ns (DCD - SCD - CPR)
    Destination Clock Delay (DCD):    2.523ns
    Source Clock Delay      (SCD):    1.987ns
    Clock Pessimism Removal (CPR):    0.494ns
  Clock Net Delay (Source):      0.974ns (routing 0.347ns, distribution 0.627ns)
  Clock Net Delay (Destination): 1.149ns (routing 0.383ns, distribution 0.766ns)

    Location             Delay type                Incr(ns)  Path(ns)    Netlist Resource(s)
  -------------------------------------------------------------------    -------------------
                         (clock dbg_hub/inst/BSCANID.u_xsdbm_id/SWITCH_N_EXT_BSCAN.bscan_inst/SERIES7_BSCAN.bscan_inst/TCK rise edge)
                                                      0.000     0.000 r  
    CONFIG_SITE_X0Y0     BSCANE2                      0.000     0.000 r  dbg_hub/inst/BSCANID.u_xsdbm_id/SWITCH_N_EXT_BSCAN.bscan_inst/SERIES7_BSCAN.bscan_inst/TCK
                         net (fo=1, routed)           0.986     0.986    dbg_hub/inst/BSCANID.u_xsdbm_id/tck_bs
    BUFGCE_X1Y56         BUFGCE (Prop_BUFCE_BUFGCE_I_O)
                                                      0.027     1.013 r  dbg_hub/inst/BSCANID.u_xsdbm_id/SWITCH_N_EXT_BSCAN.u_bufg_icon_tck/O
    X3Y2 (CLOCK_ROOT)    net (fo=494, routed)         0.974     1.987    dbg_hub/inst/BSCANID.u_xsdbm_id/CORE_XSDB.UUT_MASTER/U_ICON_INTERFACE/U_CMD6_RD/U_RD_FIFO/SUBCORE_FIFO.xsdbm_v3_0_0_rdfifo_inst/inst_fifo_gen/gconvfifo.rf/grf.rf/gntv_or_sync_fifo.mem/rd_clk
    SLICE_X93Y116        FDRE                                         r  dbg_hub/inst/BSCANID.u_xsdbm_id/CORE_XSDB.UUT_MASTER/U_ICON_INTERFACE/U_CMD6_RD/U_RD_FIFO/SUBCORE_FIFO.xsdbm_v3_0_0_rdfifo_inst/inst_fifo_gen/gconvfifo.rf/grf.rf/gntv_or_sync_fifo.mem/goreg_dm.dout_i_reg[5]/C
  -------------------------------------------------------------------    -------------------
    SLICE_X93Y116        FDRE (Prop_HFF2_SLICEL_C_Q)
                                                      0.048     2.035 r  dbg_hub/inst/BSCANID.u_xsdbm_id/CORE_XSDB.UUT_MASTER/U_ICON_INTERFACE/U_CMD6_RD/U_RD_FIFO/SUBCORE_FIFO.xsdbm_v3_0_0_rdfifo_inst/inst_fifo_gen/gconvfifo.rf/grf.rf/gntv_or_sync_fifo.mem/goreg_dm.dout_i_reg[5]/Q
                         net (fo=1, routed)           0.034     2.069    dbg_hub/inst/BSCANID.u_xsdbm_id/CORE_XSDB.UUT_MASTER/U_ICON_INTERFACE/U_CMD6_RD/U_RD_FIFO/fifo_dout[5]
    SLICE_X93Y116        LUT5 (Prop_D6LUT_SLICEL_I3_O)
                                                      0.045     2.114 r  dbg_hub/inst/BSCANID.u_xsdbm_id/CORE_XSDB.UUT_MASTER/U_ICON_INTERFACE/U_CMD6_RD/U_RD_FIFO/shift_reg_in[4]_i_1/O
                         net (fo=1, routed)           0.016     2.130    dbg_hub/inst/BSCANID.u_xsdbm_id/CORE_XSDB.UUT_MASTER/U_ICON_INTERFACE/U_CMD6_RD/U_RD_FIFO_n_11
    SLICE_X93Y116        FDCE                                         r  dbg_hub/inst/BSCANID.u_xsdbm_id/CORE_XSDB.UUT_MASTER/U_ICON_INTERFACE/U_CMD6_RD/shift_reg_in_reg[4]/D
  -------------------------------------------------------------------    -------------------

                         (clock dbg_hub/inst/BSCANID.u_xsdbm_id/SWITCH_N_EXT_BSCAN.bscan_inst/SERIES7_BSCAN.bscan_inst/TCK rise edge)
                                                      0.000     0.000 r  
    CONFIG_SITE_X0Y0     BSCANE2                      0.000     0.000 r  dbg_hub/inst/BSCANID.u_xsdbm_id/SWITCH_N_EXT_BSCAN.bscan_inst/SERIES7_BSCAN.bscan_inst/TCK
                         net (fo=1, routed)           1.343     1.343    dbg_hub/inst/BSCANID.u_xsdbm_id/tck_bs
    BUFGCE_X1Y56         BUFGCE (Prop_BUFCE_BUFGCE_I_O)
                                                      0.031     1.374 r  dbg_hub/inst/BSCANID.u_xsdbm_id/SWITCH_N_EXT_BSCAN.u_bufg_icon_tck/O
    X3Y2 (CLOCK_ROOT)    net (fo=494, routed)         1.149     2.523    dbg_hub/inst/BSCANID.u_xsdbm_id/CORE_XSDB.UUT_MASTER/U_ICON_INTERFACE/U_CMD6_RD/m_bscan_tck[0]
    SLICE_X93Y116        FDCE                                         r  dbg_hub/inst/BSCANID.u_xsdbm_id/CORE_XSDB.UUT_MASTER/U_ICON_INTERFACE/U_CMD6_RD/shift_reg_in_reg[4]/C
                         clock pessimism             -0.494     2.029    
    SLICE_X93Y116        FDCE (Hold_DFF_SLICEL_C_D)
                                                      0.056     2.085    dbg_hub/inst/BSCANID.u_xsdbm_id/CORE_XSDB.UUT_MASTER/U_ICON_INTERFACE/U_CMD6_RD/shift_reg_in_reg[4]
  -------------------------------------------------------------------
                         required time                         -2.085    
                         arrival time                           2.130    
  -------------------------------------------------------------------
                         slack                                  0.045    

Slack (MET) :             0.046ns  (arrival time - required time)
  Source:                 dbg_hub/inst/BSCANID.u_xsdbm_id/SWITCH_N_EXT_BSCAN.bscan_switch/bscanid_reg[14]/C
                            (rising edge-triggered cell FDRE clocked by dbg_hub/inst/BSCANID.u_xsdbm_id/SWITCH_N_EXT_BSCAN.bscan_inst/SERIES7_BSCAN.bscan_inst/TCK  {rise@0.000ns fall@16.500ns period=33.000ns})
  Destination:            dbg_hub/inst/BSCANID.u_xsdbm_id/SWITCH_N_EXT_BSCAN.bscan_switch/bscanid_reg[13]/D
                            (rising edge-triggered cell FDRE clocked by dbg_hub/inst/BSCANID.u_xsdbm_id/SWITCH_N_EXT_BSCAN.bscan_inst/SERIES7_BSCAN.bscan_inst/TCK  {rise@0.000ns fall@16.500ns period=33.000ns})
  Path Group:             dbg_hub/inst/BSCANID.u_xsdbm_id/SWITCH_N_EXT_BSCAN.bscan_inst/SERIES7_BSCAN.bscan_inst/TCK
  Path Type:              Hold (Min at Fast Process Corner)
  Requirement:            0.000ns  (dbg_hub/inst/BSCANID.u_xsdbm_id/SWITCH_N_EXT_BSCAN.bscan_inst/SERIES7_BSCAN.bscan_inst/TCK rise@0.000ns - dbg_hub/inst/BSCANID.u_xsdbm_id/SWITCH_N_EXT_BSCAN.bscan_inst/SERIES7_BSCAN.bscan_inst/TCK rise@0.000ns)
  Data Path Delay:        0.141ns  (logic 0.094ns (66.667%)  route 0.047ns (33.333%))
  Logic Levels:           1  (LUT2=1)
  Clock Path Skew:        0.039ns (DCD - SCD - CPR)
    Destination Clock Delay (DCD):    2.529ns
    Source Clock Delay      (SCD):    1.994ns
    Clock Pessimism Removal (CPR):    0.496ns
  Clock Net Delay (Source):      0.981ns (routing 0.347ns, distribution 0.634ns)
  Clock Net Delay (Destination): 1.155ns (routing 0.383ns, distribution 0.772ns)

    Location             Delay type                Incr(ns)  Path(ns)    Netlist Resource(s)
  -------------------------------------------------------------------    -------------------
                         (clock dbg_hub/inst/BSCANID.u_xsdbm_id/SWITCH_N_EXT_BSCAN.bscan_inst/SERIES7_BSCAN.bscan_inst/TCK rise edge)
                                                      0.000     0.000 r  
    CONFIG_SITE_X0Y0     BSCANE2                      0.000     0.000 r  dbg_hub/inst/BSCANID.u_xsdbm_id/SWITCH_N_EXT_BSCAN.bscan_inst/SERIES7_BSCAN.bscan_inst/TCK
                         net (fo=1, routed)           0.986     0.986    dbg_hub/inst/BSCANID.u_xsdbm_id/tck_bs
    BUFGCE_X1Y56         BUFGCE (Prop_BUFCE_BUFGCE_I_O)
                                                      0.027     1.013 r  dbg_hub/inst/BSCANID.u_xsdbm_id/SWITCH_N_EXT_BSCAN.u_bufg_icon_tck/O
    X3Y2 (CLOCK_ROOT)    net (fo=494, routed)         0.981     1.994    dbg_hub/inst/BSCANID.u_xsdbm_id/SWITCH_N_EXT_BSCAN.bscan_switch/s_bscan_tck
    SLICE_X97Y196        FDRE                                         r  dbg_hub/inst/BSCANID.u_xsdbm_id/SWITCH_N_EXT_BSCAN.bscan_switch/bscanid_reg[14]/C
  -------------------------------------------------------------------    -------------------
    SLICE_X97Y196        FDRE (Prop_DFF_SLICEL_C_Q)
                                                      0.049     2.043 r  dbg_hub/inst/BSCANID.u_xsdbm_id/SWITCH_N_EXT_BSCAN.bscan_switch/bscanid_reg[14]/Q
                         net (fo=1, routed)           0.035     2.078    dbg_hub/inst/BSCANID.u_xsdbm_id/SWITCH_N_EXT_BSCAN.bscan_switch/bscanid__0[14]
    SLICE_X97Y196        LUT2 (Prop_F6LUT_SLICEL_I1_O)
                                                      0.045     2.123 r  dbg_hub/inst/BSCANID.u_xsdbm_id/SWITCH_N_EXT_BSCAN.bscan_switch/bscanid[13]_i_1/O
                         net (fo=1, routed)           0.012     2.135    dbg_hub/inst/BSCANID.u_xsdbm_id/SWITCH_N_EXT_BSCAN.bscan_switch/bscanid[13]_i_1_n_0
    SLICE_X97Y196        FDRE                                         r  dbg_hub/inst/BSCANID.u_xsdbm_id/SWITCH_N_EXT_BSCAN.bscan_switch/bscanid_reg[13]/D
  -------------------------------------------------------------------    -------------------

                         (clock dbg_hub/inst/BSCANID.u_xsdbm_id/SWITCH_N_EXT_BSCAN.bscan_inst/SERIES7_BSCAN.bscan_inst/TCK rise edge)
                                                      0.000     0.000 r  
    CONFIG_SITE_X0Y0     BSCANE2                      0.000     0.000 r  dbg_hub/inst/BSCANID.u_xsdbm_id/SWITCH_N_EXT_BSCAN.bscan_inst/SERIES7_BSCAN.bscan_inst/TCK
                         net (fo=1, routed)           1.343     1.343    dbg_hub/inst/BSCANID.u_xsdbm_id/tck_bs
    BUFGCE_X1Y56         BUFGCE (Prop_BUFCE_BUFGCE_I_O)
                                                      0.031     1.374 r  dbg_hub/inst/BSCANID.u_xsdbm_id/SWITCH_N_EXT_BSCAN.u_bufg_icon_tck/O
    X3Y2 (CLOCK_ROOT)    net (fo=494, routed)         1.155     2.529    dbg_hub/inst/BSCANID.u_xsdbm_id/SWITCH_N_EXT_BSCAN.bscan_switch/s_bscan_tck
    SLICE_X97Y196        FDRE                                         r  dbg_hub/inst/BSCANID.u_xsdbm_id/SWITCH_N_EXT_BSCAN.bscan_switch/bscanid_reg[13]/C
                         clock pessimism             -0.496     2.033    
    SLICE_X97Y196        FDRE (Hold_FFF_SLICEL_C_D)
                                                      0.056     2.089    dbg_hub/inst/BSCANID.u_xsdbm_id/SWITCH_N_EXT_BSCAN.bscan_switch/bscanid_reg[13]
  -------------------------------------------------------------------
                         required time                         -2.089    
                         arrival time                           2.135    
  -------------------------------------------------------------------
                         slack                                  0.046    

Slack (MET) :             0.047ns  (arrival time - required time)
  Source:                 dbg_hub/inst/BSCANID.u_xsdbm_id/SWITCH_N_EXT_BSCAN.bscanid_reg[10]/C
                            (rising edge-triggered cell FDRE clocked by dbg_hub/inst/BSCANID.u_xsdbm_id/SWITCH_N_EXT_BSCAN.bscan_inst/SERIES7_BSCAN.bscan_inst/TCK  {rise@0.000ns fall@16.500ns period=33.000ns})
  Destination:            dbg_hub/inst/BSCANID.u_xsdbm_id/SWITCH_N_EXT_BSCAN.bscanid_reg[9]/D
                            (rising edge-triggered cell FDSE clocked by dbg_hub/inst/BSCANID.u_xsdbm_id/SWITCH_N_EXT_BSCAN.bscan_inst/SERIES7_BSCAN.bscan_inst/TCK  {rise@0.000ns fall@16.500ns period=33.000ns})
  Path Group:             dbg_hub/inst/BSCANID.u_xsdbm_id/SWITCH_N_EXT_BSCAN.bscan_inst/SERIES7_BSCAN.bscan_inst/TCK
  Path Type:              Hold (Min at Fast Process Corner)
  Requirement:            0.000ns  (dbg_hub/inst/BSCANID.u_xsdbm_id/SWITCH_N_EXT_BSCAN.bscan_inst/SERIES7_BSCAN.bscan_inst/TCK rise@0.000ns - dbg_hub/inst/BSCANID.u_xsdbm_id/SWITCH_N_EXT_BSCAN.bscan_inst/SERIES7_BSCAN.bscan_inst/TCK rise@0.000ns)
  Data Path Delay:        0.145ns  (logic 0.063ns (43.448%)  route 0.082ns (56.552%))
  Logic Levels:           1  (LUT4=1)
  Clock Path Skew:        0.042ns (DCD - SCD - CPR)
    Destination Clock Delay (DCD):    2.537ns
    Source Clock Delay      (SCD):    1.997ns
    Clock Pessimism Removal (CPR):    0.498ns
  Clock Net Delay (Source):      0.984ns (routing 0.347ns, distribution 0.637ns)
  Clock Net Delay (Destination): 1.163ns (routing 0.383ns, distribution 0.780ns)

    Location             Delay type                Incr(ns)  Path(ns)    Netlist Resource(s)
  -------------------------------------------------------------------    -------------------
                         (clock dbg_hub/inst/BSCANID.u_xsdbm_id/SWITCH_N_EXT_BSCAN.bscan_inst/SERIES7_BSCAN.bscan_inst/TCK rise edge)
                                                      0.000     0.000 r  
    CONFIG_SITE_X0Y0     BSCANE2                      0.000     0.000 r  dbg_hub/inst/BSCANID.u_xsdbm_id/SWITCH_N_EXT_BSCAN.bscan_inst/SERIES7_BSCAN.bscan_inst/TCK
                         net (fo=1, routed)           0.986     0.986    dbg_hub/inst/BSCANID.u_xsdbm_id/tck_bs
    BUFGCE_X1Y56         BUFGCE (Prop_BUFCE_BUFGCE_I_O)
                                                      0.027     1.013 r  dbg_hub/inst/BSCANID.u_xsdbm_id/SWITCH_N_EXT_BSCAN.u_bufg_icon_tck/O
    X3Y2 (CLOCK_ROOT)    net (fo=494, routed)         0.984     1.997    dbg_hub/inst/BSCANID.u_xsdbm_id/itck_i
    SLICE_X93Y190        FDRE                                         r  dbg_hub/inst/BSCANID.u_xsdbm_id/SWITCH_N_EXT_BSCAN.bscanid_reg[10]/C
  -------------------------------------------------------------------    -------------------
    SLICE_X93Y190        FDRE (Prop_HFF_SLICEL_C_Q)
                                                      0.048     2.045 r  dbg_hub/inst/BSCANID.u_xsdbm_id/SWITCH_N_EXT_BSCAN.bscanid_reg[10]/Q
                         net (fo=2, routed)           0.070     2.115    dbg_hub/inst/BSCANID.u_xsdbm_id/bscanid[10]
    SLICE_X93Y190        LUT4 (Prop_A6LUT_SLICEL_I2_O)
                                                      0.015     2.130 r  dbg_hub/inst/BSCANID.u_xsdbm_id/SWITCH_N_EXT_BSCAN.bscanid[9]_i_1/O
                         net (fo=1, routed)           0.012     2.142    dbg_hub/inst/BSCANID.u_xsdbm_id/p_2_in[9]
    SLICE_X93Y190        FDSE                                         r  dbg_hub/inst/BSCANID.u_xsdbm_id/SWITCH_N_EXT_BSCAN.bscanid_reg[9]/D
  -------------------------------------------------------------------    -------------------

                         (clock dbg_hub/inst/BSCANID.u_xsdbm_id/SWITCH_N_EXT_BSCAN.bscan_inst/SERIES7_BSCAN.bscan_inst/TCK rise edge)
                                                      0.000     0.000 r  
    CONFIG_SITE_X0Y0     BSCANE2                      0.000     0.000 r  dbg_hub/inst/BSCANID.u_xsdbm_id/SWITCH_N_EXT_BSCAN.bscan_inst/SERIES7_BSCAN.bscan_inst/TCK
                         net (fo=1, routed)           1.343     1.343    dbg_hub/inst/BSCANID.u_xsdbm_id/tck_bs
    BUFGCE_X1Y56         BUFGCE (Prop_BUFCE_BUFGCE_I_O)
                                                      0.031     1.374 r  dbg_hub/inst/BSCANID.u_xsdbm_id/SWITCH_N_EXT_BSCAN.u_bufg_icon_tck/O
    X3Y2 (CLOCK_ROOT)    net (fo=494, routed)         1.163     2.537    dbg_hub/inst/BSCANID.u_xsdbm_id/itck_i
    SLICE_X93Y190        FDSE                                         r  dbg_hub/inst/BSCANID.u_xsdbm_id/SWITCH_N_EXT_BSCAN.bscanid_reg[9]/C
                         clock pessimism             -0.498     2.039    
    SLICE_X93Y190        FDSE (Hold_AFF_SLICEL_C_D)
                                                      0.056     2.095    dbg_hub/inst/BSCANID.u_xsdbm_id/SWITCH_N_EXT_BSCAN.bscanid_reg[9]
  -------------------------------------------------------------------
                         required time                         -2.095    
                         arrival time                           2.142    
  -------------------------------------------------------------------
                         slack                                  0.047    

Slack (MET) :             0.048ns  (arrival time - required time)
  Source:                 dbg_hub/inst/BSCANID.u_xsdbm_id/SWITCH_N_EXT_BSCAN.bscan_switch/bscanid_reg[20]/C
                            (rising edge-triggered cell FDSE clocked by dbg_hub/inst/BSCANID.u_xsdbm_id/SWITCH_N_EXT_BSCAN.bscan_inst/SERIES7_BSCAN.bscan_inst/TCK  {rise@0.000ns fall@16.500ns period=33.000ns})
  Destination:            dbg_hub/inst/BSCANID.u_xsdbm_id/SWITCH_N_EXT_BSCAN.bscan_switch/bscanid_reg[19]/D
                            (rising edge-triggered cell FDRE clocked by dbg_hub/inst/BSCANID.u_xsdbm_id/SWITCH_N_EXT_BSCAN.bscan_inst/SERIES7_BSCAN.bscan_inst/TCK  {rise@0.000ns fall@16.500ns period=33.000ns})
  Path Group:             dbg_hub/inst/BSCANID.u_xsdbm_id/SWITCH_N_EXT_BSCAN.bscan_inst/SERIES7_BSCAN.bscan_inst/TCK
  Path Type:              Hold (Min at Fast Process Corner)
  Requirement:            0.000ns  (dbg_hub/inst/BSCANID.u_xsdbm_id/SWITCH_N_EXT_BSCAN.bscan_inst/SERIES7_BSCAN.bscan_inst/TCK rise@0.000ns - dbg_hub/inst/BSCANID.u_xsdbm_id/SWITCH_N_EXT_BSCAN.bscan_inst/SERIES7_BSCAN.bscan_inst/TCK rise@0.000ns)
  Data Path Delay:        0.140ns  (logic 0.094ns (67.143%)  route 0.046ns (32.857%))
  Logic Levels:           1  (LUT2=1)
  Clock Path Skew:        0.036ns (DCD - SCD - CPR)
    Destination Clock Delay (DCD):    2.525ns
    Source Clock Delay      (SCD):    1.993ns
    Clock Pessimism Removal (CPR):    0.496ns
  Clock Net Delay (Source):      0.980ns (routing 0.347ns, distribution 0.633ns)
  Clock Net Delay (Destination): 1.151ns (routing 0.383ns, distribution 0.768ns)

    Location             Delay type                Incr(ns)  Path(ns)    Netlist Resource(s)
  -------------------------------------------------------------------    -------------------
                         (clock dbg_hub/inst/BSCANID.u_xsdbm_id/SWITCH_N_EXT_BSCAN.bscan_inst/SERIES7_BSCAN.bscan_inst/TCK rise edge)
                                                      0.000     0.000 r  
    CONFIG_SITE_X0Y0     BSCANE2                      0.000     0.000 r  dbg_hub/inst/BSCANID.u_xsdbm_id/SWITCH_N_EXT_BSCAN.bscan_inst/SERIES7_BSCAN.bscan_inst/TCK
                         net (fo=1, routed)           0.986     0.986    dbg_hub/inst/BSCANID.u_xsdbm_id/tck_bs
    BUFGCE_X1Y56         BUFGCE (Prop_BUFCE_BUFGCE_I_O)
                                                      0.027     1.013 r  dbg_hub/inst/BSCANID.u_xsdbm_id/SWITCH_N_EXT_BSCAN.u_bufg_icon_tck/O
    X3Y2 (CLOCK_ROOT)    net (fo=494, routed)         0.980     1.993    dbg_hub/inst/BSCANID.u_xsdbm_id/SWITCH_N_EXT_BSCAN.bscan_switch/s_bscan_tck
    SLICE_X96Y196        FDSE                                         r  dbg_hub/inst/BSCANID.u_xsdbm_id/SWITCH_N_EXT_BSCAN.bscan_switch/bscanid_reg[20]/C
  -------------------------------------------------------------------    -------------------
    SLICE_X96Y196        FDSE (Prop_DFF_SLICEL_C_Q)
                                                      0.049     2.042 r  dbg_hub/inst/BSCANID.u_xsdbm_id/SWITCH_N_EXT_BSCAN.bscan_switch/bscanid_reg[20]/Q
                         net (fo=1, routed)           0.034     2.076    dbg_hub/inst/BSCANID.u_xsdbm_id/SWITCH_N_EXT_BSCAN.bscan_switch/bscanid__0[20]
    SLICE_X96Y196        LUT2 (Prop_E6LUT_SLICEL_I1_O)
                                                      0.045     2.121 r  dbg_hub/inst/BSCANID.u_xsdbm_id/SWITCH_N_EXT_BSCAN.bscan_switch/bscanid[19]_i_1/O
                         net (fo=1, routed)           0.012     2.133    dbg_hub/inst/BSCANID.u_xsdbm_id/SWITCH_N_EXT_BSCAN.bscan_switch/bscanid[19]_i_1_n_0
    SLICE_X96Y196        FDRE                                         r  dbg_hub/inst/BSCANID.u_xsdbm_id/SWITCH_N_EXT_BSCAN.bscan_switch/bscanid_reg[19]/D
  -------------------------------------------------------------------    -------------------

                         (clock dbg_hub/inst/BSCANID.u_xsdbm_id/SWITCH_N_EXT_BSCAN.bscan_inst/SERIES7_BSCAN.bscan_inst/TCK rise edge)
                                                      0.000     0.000 r  
    CONFIG_SITE_X0Y0     BSCANE2                      0.000     0.000 r  dbg_hub/inst/BSCANID.u_xsdbm_id/SWITCH_N_EXT_BSCAN.bscan_inst/SERIES7_BSCAN.bscan_inst/TCK
                         net (fo=1, routed)           1.343     1.343    dbg_hub/inst/BSCANID.u_xsdbm_id/tck_bs
    BUFGCE_X1Y56         BUFGCE (Prop_BUFCE_BUFGCE_I_O)
                                                      0.031     1.374 r  dbg_hub/inst/BSCANID.u_xsdbm_id/SWITCH_N_EXT_BSCAN.u_bufg_icon_tck/O
    X3Y2 (CLOCK_ROOT)    net (fo=494, routed)         1.151     2.525    dbg_hub/inst/BSCANID.u_xsdbm_id/SWITCH_N_EXT_BSCAN.bscan_switch/s_bscan_tck
    SLICE_X96Y196        FDRE                                         r  dbg_hub/inst/BSCANID.u_xsdbm_id/SWITCH_N_EXT_BSCAN.bscan_switch/bscanid_reg[19]/C
                         clock pessimism             -0.496     2.029    
    SLICE_X96Y196        FDRE (Hold_EFF_SLICEL_C_D)
                                                      0.056     2.085    dbg_hub/inst/BSCANID.u_xsdbm_id/SWITCH_N_EXT_BSCAN.bscan_switch/bscanid_reg[19]
  -------------------------------------------------------------------
                         required time                         -2.085    
                         arrival time                           2.133    
  -------------------------------------------------------------------
                         slack                                  0.048    

Slack (MET) :             0.049ns  (arrival time - required time)
  Source:                 dbg_hub/inst/BSCANID.u_xsdbm_id/SWITCH_N_EXT_BSCAN.bscan_switch/shiftreg_reg[26]/C
                            (rising edge-triggered cell FDRE clocked by dbg_hub/inst/BSCANID.u_xsdbm_id/SWITCH_N_EXT_BSCAN.bscan_inst/SERIES7_BSCAN.bscan_inst/TCK  {rise@0.000ns fall@16.500ns period=33.000ns})
  Destination:            dbg_hub/inst/BSCANID.u_xsdbm_id/SWITCH_N_EXT_BSCAN.bscan_switch/shiftreg_reg[25]/D
                            (rising edge-triggered cell FDRE clocked by dbg_hub/inst/BSCANID.u_xsdbm_id/SWITCH_N_EXT_BSCAN.bscan_inst/SERIES7_BSCAN.bscan_inst/TCK  {rise@0.000ns fall@16.500ns period=33.000ns})
  Path Group:             dbg_hub/inst/BSCANID.u_xsdbm_id/SWITCH_N_EXT_BSCAN.bscan_inst/SERIES7_BSCAN.bscan_inst/TCK
  Path Type:              Hold (Min at Fast Process Corner)
  Requirement:            0.000ns  (dbg_hub/inst/BSCANID.u_xsdbm_id/SWITCH_N_EXT_BSCAN.bscan_inst/SERIES7_BSCAN.bscan_inst/TCK rise@0.000ns - dbg_hub/inst/BSCANID.u_xsdbm_id/SWITCH_N_EXT_BSCAN.bscan_inst/SERIES7_BSCAN.bscan_inst/TCK rise@0.000ns)
  Data Path Delay:        0.186ns  (logic 0.094ns (50.538%)  route 0.092ns (49.462%))
  Logic Levels:           1  (LUT5=1)
  Clock Path Skew:        0.081ns (DCD - SCD - CPR)
    Destination Clock Delay (DCD):    2.526ns
    Source Clock Delay      (SCD):    1.991ns
    Clock Pessimism Removal (CPR):    0.454ns
  Clock Net Delay (Source):      0.978ns (routing 0.347ns, distribution 0.631ns)
  Clock Net Delay (Destination): 1.152ns (routing 0.383ns, distribution 0.769ns)

    Location             Delay type                Incr(ns)  Path(ns)    Netlist Resource(s)
  -------------------------------------------------------------------    -------------------
                         (clock dbg_hub/inst/BSCANID.u_xsdbm_id/SWITCH_N_EXT_BSCAN.bscan_inst/SERIES7_BSCAN.bscan_inst/TCK rise edge)
                                                      0.000     0.000 r  
    CONFIG_SITE_X0Y0     BSCANE2                      0.000     0.000 r  dbg_hub/inst/BSCANID.u_xsdbm_id/SWITCH_N_EXT_BSCAN.bscan_inst/SERIES7_BSCAN.bscan_inst/TCK
                         net (fo=1, routed)           0.986     0.986    dbg_hub/inst/BSCANID.u_xsdbm_id/tck_bs
    BUFGCE_X1Y56         BUFGCE (Prop_BUFCE_BUFGCE_I_O)
                                                      0.027     1.013 r  dbg_hub/inst/BSCANID.u_xsdbm_id/SWITCH_N_EXT_BSCAN.u_bufg_icon_tck/O
    X3Y2 (CLOCK_ROOT)    net (fo=494, routed)         0.978     1.991    dbg_hub/inst/BSCANID.u_xsdbm_id/SWITCH_N_EXT_BSCAN.bscan_switch/s_bscan_tck
    SLICE_X100Y193       FDRE                                         r  dbg_hub/inst/BSCANID.u_xsdbm_id/SWITCH_N_EXT_BSCAN.bscan_switch/shiftreg_reg[26]/C
  -------------------------------------------------------------------    -------------------
    SLICE_X100Y193       FDRE (Prop_DFF_SLICEM_C_Q)
                                                      0.049     2.040 r  dbg_hub/inst/BSCANID.u_xsdbm_id/SWITCH_N_EXT_BSCAN.bscan_switch/shiftreg_reg[26]/Q
                         net (fo=3, routed)           0.080     2.120    dbg_hub/inst/BSCANID.u_xsdbm_id/SWITCH_N_EXT_BSCAN.bscan_switch/shiftreg[26]
    SLICE_X99Y193        LUT5 (Prop_E6LUT_SLICEL_I2_O)
                                                      0.045     2.165 r  dbg_hub/inst/BSCANID.u_xsdbm_id/SWITCH_N_EXT_BSCAN.bscan_switch/shiftreg[25]_i_1/O
                         net (fo=1, routed)           0.012     2.177    dbg_hub/inst/BSCANID.u_xsdbm_id/SWITCH_N_EXT_BSCAN.bscan_switch/shiftreg[25]_i_1_n_0
    SLICE_X99Y193        FDRE                                         r  dbg_hub/inst/BSCANID.u_xsdbm_id/SWITCH_N_EXT_BSCAN.bscan_switch/shiftreg_reg[25]/D
  -------------------------------------------------------------------    -------------------

                         (clock dbg_hub/inst/BSCANID.u_xsdbm_id/SWITCH_N_EXT_BSCAN.bscan_inst/SERIES7_BSCAN.bscan_inst/TCK rise edge)
                                                      0.000     0.000 r  
    CONFIG_SITE_X0Y0     BSCANE2                      0.000     0.000 r  dbg_hub/inst/BSCANID.u_xsdbm_id/SWITCH_N_EXT_BSCAN.bscan_inst/SERIES7_BSCAN.bscan_inst/TCK
                         net (fo=1, routed)           1.343     1.343    dbg_hub/inst/BSCANID.u_xsdbm_id/tck_bs
    BUFGCE_X1Y56         BUFGCE (Prop_BUFCE_BUFGCE_I_O)
                                                      0.031     1.374 r  dbg_hub/inst/BSCANID.u_xsdbm_id/SWITCH_N_EXT_BSCAN.u_bufg_icon_tck/O
    X3Y2 (CLOCK_ROOT)    net (fo=494, routed)         1.152     2.526    dbg_hub/inst/BSCANID.u_xsdbm_id/SWITCH_N_EXT_BSCAN.bscan_switch/s_bscan_tck
    SLICE_X99Y193        FDRE                                         r  dbg_hub/inst/BSCANID.u_xsdbm_id/SWITCH_N_EXT_BSCAN.bscan_switch/shiftreg_reg[25]/C
                         clock pessimism             -0.454     2.072    
    SLICE_X99Y193        FDRE (Hold_EFF_SLICEL_C_D)
                                                      0.056     2.128    dbg_hub/inst/BSCANID.u_xsdbm_id/SWITCH_N_EXT_BSCAN.bscan_switch/shiftreg_reg[25]
  -------------------------------------------------------------------
                         required time                         -2.128    
                         arrival time                           2.177    
  -------------------------------------------------------------------
                         slack                                  0.049    

Slack (MET) :             0.049ns  (arrival time - required time)
  Source:                 dbg_hub/inst/BSCANID.u_xsdbm_id/SWITCH_N_EXT_BSCAN.bscan_switch/bscanid_reg[27]/C
                            (rising edge-triggered cell FDRE clocked by dbg_hub/inst/BSCANID.u_xsdbm_id/SWITCH_N_EXT_BSCAN.bscan_inst/SERIES7_BSCAN.bscan_inst/TCK  {rise@0.000ns fall@16.500ns period=33.000ns})
  Destination:            dbg_hub/inst/BSCANID.u_xsdbm_id/SWITCH_N_EXT_BSCAN.bscan_switch/bscanid_reg[26]/D
                            (rising edge-triggered cell FDSE clocked by dbg_hub/inst/BSCANID.u_xsdbm_id/SWITCH_N_EXT_BSCAN.bscan_inst/SERIES7_BSCAN.bscan_inst/TCK  {rise@0.000ns fall@16.500ns period=33.000ns})
  Path Group:             dbg_hub/inst/BSCANID.u_xsdbm_id/SWITCH_N_EXT_BSCAN.bscan_inst/SERIES7_BSCAN.bscan_inst/TCK
  Path Type:              Hold (Min at Fast Process Corner)
  Requirement:            0.000ns  (dbg_hub/inst/BSCANID.u_xsdbm_id/SWITCH_N_EXT_BSCAN.bscan_inst/SERIES7_BSCAN.bscan_inst/TCK rise@0.000ns - dbg_hub/inst/BSCANID.u_xsdbm_id/SWITCH_N_EXT_BSCAN.bscan_inst/SERIES7_BSCAN.bscan_inst/TCK rise@0.000ns)
  Data Path Delay:        0.110ns  (logic 0.064ns (58.182%)  route 0.046ns (41.818%))
  Logic Levels:           1  (LUT2=1)
  Clock Path Skew:        0.005ns (DCD - SCD - CPR)
    Destination Clock Delay (DCD):    2.529ns
    Source Clock Delay      (SCD):    1.994ns
    Clock Pessimism Removal (CPR):    0.530ns
  Clock Net Delay (Source):      0.981ns (routing 0.347ns, distribution 0.634ns)
  Clock Net Delay (Destination): 1.155ns (routing 0.383ns, distribution 0.772ns)

    Location             Delay type                Incr(ns)  Path(ns)    Netlist Resource(s)
  -------------------------------------------------------------------    -------------------
                         (clock dbg_hub/inst/BSCANID.u_xsdbm_id/SWITCH_N_EXT_BSCAN.bscan_inst/SERIES7_BSCAN.bscan_inst/TCK rise edge)
                                                      0.000     0.000 r  
    CONFIG_SITE_X0Y0     BSCANE2                      0.000     0.000 r  dbg_hub/inst/BSCANID.u_xsdbm_id/SWITCH_N_EXT_BSCAN.bscan_inst/SERIES7_BSCAN.bscan_inst/TCK
                         net (fo=1, routed)           0.986     0.986    dbg_hub/inst/BSCANID.u_xsdbm_id/tck_bs
    BUFGCE_X1Y56         BUFGCE (Prop_BUFCE_BUFGCE_I_O)
                                                      0.027     1.013 r  dbg_hub/inst/BSCANID.u_xsdbm_id/SWITCH_N_EXT_BSCAN.u_bufg_icon_tck/O
    X3Y2 (CLOCK_ROOT)    net (fo=494, routed)         0.981     1.994    dbg_hub/inst/BSCANID.u_xsdbm_id/SWITCH_N_EXT_BSCAN.bscan_switch/s_bscan_tck
    SLICE_X96Y194        FDRE                                         r  dbg_hub/inst/BSCANID.u_xsdbm_id/SWITCH_N_EXT_BSCAN.bscan_switch/bscanid_reg[27]/C
  -------------------------------------------------------------------    -------------------
    SLICE_X96Y194        FDRE (Prop_AFF_SLICEL_C_Q)
                                                      0.049     2.043 r  dbg_hub/inst/BSCANID.u_xsdbm_id/SWITCH_N_EXT_BSCAN.bscan_switch/bscanid_reg[27]/Q
                         net (fo=1, routed)           0.031     2.074    dbg_hub/inst/BSCANID.u_xsdbm_id/SWITCH_N_EXT_BSCAN.bscan_switch/bscanid__0[27]
    SLICE_X96Y194        LUT2 (Prop_B6LUT_SLICEL_I0_O)
                                                      0.015     2.089 r  dbg_hub/inst/BSCANID.u_xsdbm_id/SWITCH_N_EXT_BSCAN.bscan_switch/bscanid[26]_i_1/O
                         net (fo=1, routed)           0.015     2.104    dbg_hub/inst/BSCANID.u_xsdbm_id/SWITCH_N_EXT_BSCAN.bscan_switch/bscanid[26]_i_1_n_0
    SLICE_X96Y194        FDSE                                         r  dbg_hub/inst/BSCANID.u_xsdbm_id/SWITCH_N_EXT_BSCAN.bscan_switch/bscanid_reg[26]/D
  -------------------------------------------------------------------    -------------------

                         (clock dbg_hub/inst/BSCANID.u_xsdbm_id/SWITCH_N_EXT_BSCAN.bscan_inst/SERIES7_BSCAN.bscan_inst/TCK rise edge)
                                                      0.000     0.000 r  
    CONFIG_SITE_X0Y0     BSCANE2                      0.000     0.000 r  dbg_hub/inst/BSCANID.u_xsdbm_id/SWITCH_N_EXT_BSCAN.bscan_inst/SERIES7_BSCAN.bscan_inst/TCK
                         net (fo=1, routed)           1.343     1.343    dbg_hub/inst/BSCANID.u_xsdbm_id/tck_bs
    BUFGCE_X1Y56         BUFGCE (Prop_BUFCE_BUFGCE_I_O)
                                                      0.031     1.374 r  dbg_hub/inst/BSCANID.u_xsdbm_id/SWITCH_N_EXT_BSCAN.u_bufg_icon_tck/O
    X3Y2 (CLOCK_ROOT)    net (fo=494, routed)         1.155     2.529    dbg_hub/inst/BSCANID.u_xsdbm_id/SWITCH_N_EXT_BSCAN.bscan_switch/s_bscan_tck
    SLICE_X96Y194        FDSE                                         r  dbg_hub/inst/BSCANID.u_xsdbm_id/SWITCH_N_EXT_BSCAN.bscan_switch/bscanid_reg[26]/C
                         clock pessimism             -0.530     1.999    
    SLICE_X96Y194        FDSE (Hold_BFF_SLICEL_C_D)
                                                      0.056     2.055    dbg_hub/inst/BSCANID.u_xsdbm_id/SWITCH_N_EXT_BSCAN.bscan_switch/bscanid_reg[26]
  -------------------------------------------------------------------
                         required time                         -2.055    
                         arrival time                           2.104    
  -------------------------------------------------------------------
                         slack                                  0.049    

Slack (MET) :             0.049ns  (arrival time - required time)
  Source:                 dbg_hub/inst/BSCANID.u_xsdbm_id/SWITCH_N_EXT_BSCAN.bscan_switch/bscanid_reg[23]/C
                            (rising edge-triggered cell FDSE clocked by dbg_hub/inst/BSCANID.u_xsdbm_id/SWITCH_N_EXT_BSCAN.bscan_inst/SERIES7_BSCAN.bscan_inst/TCK  {rise@0.000ns fall@16.500ns period=33.000ns})
  Destination:            dbg_hub/inst/BSCANID.u_xsdbm_id/SWITCH_N_EXT_BSCAN.bscan_switch/bscanid_reg[22]/D
                            (rising edge-triggered cell FDRE clocked by dbg_hub/inst/BSCANID.u_xsdbm_id/SWITCH_N_EXT_BSCAN.bscan_inst/SERIES7_BSCAN.bscan_inst/TCK  {rise@0.000ns fall@16.500ns period=33.000ns})
  Path Group:             dbg_hub/inst/BSCANID.u_xsdbm_id/SWITCH_N_EXT_BSCAN.bscan_inst/SERIES7_BSCAN.bscan_inst/TCK
  Path Type:              Hold (Min at Fast Process Corner)
  Requirement:            0.000ns  (dbg_hub/inst/BSCANID.u_xsdbm_id/SWITCH_N_EXT_BSCAN.bscan_inst/SERIES7_BSCAN.bscan_inst/TCK rise@0.000ns - dbg_hub/inst/BSCANID.u_xsdbm_id/SWITCH_N_EXT_BSCAN.bscan_inst/SERIES7_BSCAN.bscan_inst/TCK rise@0.000ns)
  Data Path Delay:        0.110ns  (logic 0.064ns (58.182%)  route 0.046ns (41.818%))
  Logic Levels:           1  (LUT2=1)
  Clock Path Skew:        0.005ns (DCD - SCD - CPR)
    Destination Clock Delay (DCD):    2.527ns
    Source Clock Delay      (SCD):    1.993ns
    Clock Pessimism Removal (CPR):    0.529ns
  Clock Net Delay (Source):      0.980ns (routing 0.347ns, distribution 0.633ns)
  Clock Net Delay (Destination): 1.153ns (routing 0.383ns, distribution 0.770ns)

    Location             Delay type                Incr(ns)  Path(ns)    Netlist Resource(s)
  -------------------------------------------------------------------    -------------------
                         (clock dbg_hub/inst/BSCANID.u_xsdbm_id/SWITCH_N_EXT_BSCAN.bscan_inst/SERIES7_BSCAN.bscan_inst/TCK rise edge)
                                                      0.000     0.000 r  
    CONFIG_SITE_X0Y0     BSCANE2                      0.000     0.000 r  dbg_hub/inst/BSCANID.u_xsdbm_id/SWITCH_N_EXT_BSCAN.bscan_inst/SERIES7_BSCAN.bscan_inst/TCK
                         net (fo=1, routed)           0.986     0.986    dbg_hub/inst/BSCANID.u_xsdbm_id/tck_bs
    BUFGCE_X1Y56         BUFGCE (Prop_BUFCE_BUFGCE_I_O)
                                                      0.027     1.013 r  dbg_hub/inst/BSCANID.u_xsdbm_id/SWITCH_N_EXT_BSCAN.u_bufg_icon_tck/O
    X3Y2 (CLOCK_ROOT)    net (fo=494, routed)         0.980     1.993    dbg_hub/inst/BSCANID.u_xsdbm_id/SWITCH_N_EXT_BSCAN.bscan_switch/s_bscan_tck
    SLICE_X96Y196        FDSE                                         r  dbg_hub/inst/BSCANID.u_xsdbm_id/SWITCH_N_EXT_BSCAN.bscan_switch/bscanid_reg[23]/C
  -------------------------------------------------------------------    -------------------
    SLICE_X96Y196        FDSE (Prop_AFF_SLICEL_C_Q)
                                                      0.049     2.042 r  dbg_hub/inst/BSCANID.u_xsdbm_id/SWITCH_N_EXT_BSCAN.bscan_switch/bscanid_reg[23]/Q
                         net (fo=1, routed)           0.031     2.073    dbg_hub/inst/BSCANID.u_xsdbm_id/SWITCH_N_EXT_BSCAN.bscan_switch/bscanid__0[23]
    SLICE_X96Y196        LUT2 (Prop_B6LUT_SLICEL_I1_O)
                                                      0.015     2.088 r  dbg_hub/inst/BSCANID.u_xsdbm_id/SWITCH_N_EXT_BSCAN.bscan_switch/bscanid[22]_i_1/O
                         net (fo=1, routed)           0.015     2.103    dbg_hub/inst/BSCANID.u_xsdbm_id/SWITCH_N_EXT_BSCAN.bscan_switch/bscanid[22]_i_1_n_0
    SLICE_X96Y196        FDRE                                         r  dbg_hub/inst/BSCANID.u_xsdbm_id/SWITCH_N_EXT_BSCAN.bscan_switch/bscanid_reg[22]/D
  -------------------------------------------------------------------    -------------------

                         (clock dbg_hub/inst/BSCANID.u_xsdbm_id/SWITCH_N_EXT_BSCAN.bscan_inst/SERIES7_BSCAN.bscan_inst/TCK rise edge)
                                                      0.000     0.000 r  
    CONFIG_SITE_X0Y0     BSCANE2                      0.000     0.000 r  dbg_hub/inst/BSCANID.u_xsdbm_id/SWITCH_N_EXT_BSCAN.bscan_inst/SERIES7_BSCAN.bscan_inst/TCK
                         net (fo=1, routed)           1.343     1.343    dbg_hub/inst/BSCANID.u_xsdbm_id/tck_bs
    BUFGCE_X1Y56         BUFGCE (Prop_BUFCE_BUFGCE_I_O)
                                                      0.031     1.374 r  dbg_hub/inst/BSCANID.u_xsdbm_id/SWITCH_N_EXT_BSCAN.u_bufg_icon_tck/O
    X3Y2 (CLOCK_ROOT)    net (fo=494, routed)         1.153     2.527    dbg_hub/inst/BSCANID.u_xsdbm_id/SWITCH_N_EXT_BSCAN.bscan_switch/s_bscan_tck
    SLICE_X96Y196        FDRE                                         r  dbg_hub/inst/BSCANID.u_xsdbm_id/SWITCH_N_EXT_BSCAN.bscan_switch/bscanid_reg[22]/C
                         clock pessimism             -0.529     1.998    
    SLICE_X96Y196        FDRE (Hold_BFF_SLICEL_C_D)
                                                      0.056     2.054    dbg_hub/inst/BSCANID.u_xsdbm_id/SWITCH_N_EXT_BSCAN.bscan_switch/bscanid_reg[22]
  -------------------------------------------------------------------
                         required time                         -2.054    
                         arrival time                           2.103    
  -------------------------------------------------------------------
                         slack                                  0.049    

Slack (MET) :             0.049ns  (arrival time - required time)
  Source:                 dbg_hub/inst/BSCANID.u_xsdbm_id/SWITCH_N_EXT_BSCAN.bscan_switch/bscanid_reg[6]/C
                            (rising edge-triggered cell FDRE clocked by dbg_hub/inst/BSCANID.u_xsdbm_id/SWITCH_N_EXT_BSCAN.bscan_inst/SERIES7_BSCAN.bscan_inst/TCK  {rise@0.000ns fall@16.500ns period=33.000ns})
  Destination:            dbg_hub/inst/BSCANID.u_xsdbm_id/SWITCH_N_EXT_BSCAN.bscan_switch/bscanid_reg[5]/D
                            (rising edge-triggered cell FDRE clocked by dbg_hub/inst/BSCANID.u_xsdbm_id/SWITCH_N_EXT_BSCAN.bscan_inst/SERIES7_BSCAN.bscan_inst/TCK  {rise@0.000ns fall@16.500ns period=33.000ns})
  Path Group:             dbg_hub/inst/BSCANID.u_xsdbm_id/SWITCH_N_EXT_BSCAN.bscan_inst/SERIES7_BSCAN.bscan_inst/TCK
  Path Type:              Hold (Min at Fast Process Corner)
  Requirement:            0.000ns  (dbg_hub/inst/BSCANID.u_xsdbm_id/SWITCH_N_EXT_BSCAN.bscan_inst/SERIES7_BSCAN.bscan_inst/TCK rise@0.000ns - dbg_hub/inst/BSCANID.u_xsdbm_id/SWITCH_N_EXT_BSCAN.bscan_inst/SERIES7_BSCAN.bscan_inst/TCK rise@0.000ns)
  Data Path Delay:        0.110ns  (logic 0.064ns (58.182%)  route 0.046ns (41.818%))
  Logic Levels:           1  (LUT2=1)
  Clock Path Skew:        0.005ns (DCD - SCD - CPR)
    Destination Clock Delay (DCD):    2.512ns
    Source Clock Delay      (SCD):    1.985ns
    Clock Pessimism Removal (CPR):    0.522ns
  Clock Net Delay (Source):      0.972ns (routing 0.347ns, distribution 0.625ns)
  Clock Net Delay (Destination): 1.138ns (routing 0.383ns, distribution 0.755ns)

    Location             Delay type                Incr(ns)  Path(ns)    Netlist Resource(s)
  -------------------------------------------------------------------    -------------------
                         (clock dbg_hub/inst/BSCANID.u_xsdbm_id/SWITCH_N_EXT_BSCAN.bscan_inst/SERIES7_BSCAN.bscan_inst/TCK rise edge)
                                                      0.000     0.000 r  
    CONFIG_SITE_X0Y0     BSCANE2                      0.000     0.000 r  dbg_hub/inst/BSCANID.u_xsdbm_id/SWITCH_N_EXT_BSCAN.bscan_inst/SERIES7_BSCAN.bscan_inst/TCK
                         net (fo=1, routed)           0.986     0.986    dbg_hub/inst/BSCANID.u_xsdbm_id/tck_bs
    BUFGCE_X1Y56         BUFGCE (Prop_BUFCE_BUFGCE_I_O)
                                                      0.027     1.013 r  dbg_hub/inst/BSCANID.u_xsdbm_id/SWITCH_N_EXT_BSCAN.u_bufg_icon_tck/O
    X3Y2 (CLOCK_ROOT)    net (fo=494, routed)         0.972     1.985    dbg_hub/inst/BSCANID.u_xsdbm_id/SWITCH_N_EXT_BSCAN.bscan_switch/s_bscan_tck
    SLICE_X96Y195        FDRE                                         r  dbg_hub/inst/BSCANID.u_xsdbm_id/SWITCH_N_EXT_BSCAN.bscan_switch/bscanid_reg[6]/C
  -------------------------------------------------------------------    -------------------
    SLICE_X96Y195        FDRE (Prop_AFF_SLICEL_C_Q)
                                                      0.049     2.034 r  dbg_hub/inst/BSCANID.u_xsdbm_id/SWITCH_N_EXT_BSCAN.bscan_switch/bscanid_reg[6]/Q
                         net (fo=1, routed)           0.031     2.065    dbg_hub/inst/BSCANID.u_xsdbm_id/SWITCH_N_EXT_BSCAN.bscan_switch/bscanid__0[6]
    SLICE_X96Y195        LUT2 (Prop_B6LUT_SLICEL_I1_O)
                                                      0.015     2.080 r  dbg_hub/inst/BSCANID.u_xsdbm_id/SWITCH_N_EXT_BSCAN.bscan_switch/bscanid[5]_i_1/O
                         net (fo=1, routed)           0.015     2.095    dbg_hub/inst/BSCANID.u_xsdbm_id/SWITCH_N_EXT_BSCAN.bscan_switch/bscanid[5]_i_1_n_0
    SLICE_X96Y195        FDRE                                         r  dbg_hub/inst/BSCANID.u_xsdbm_id/SWITCH_N_EXT_BSCAN.bscan_switch/bscanid_reg[5]/D
  -------------------------------------------------------------------    -------------------

                         (clock dbg_hub/inst/BSCANID.u_xsdbm_id/SWITCH_N_EXT_BSCAN.bscan_inst/SERIES7_BSCAN.bscan_inst/TCK rise edge)
                                                      0.000     0.000 r  
    CONFIG_SITE_X0Y0     BSCANE2                      0.000     0.000 r  dbg_hub/inst/BSCANID.u_xsdbm_id/SWITCH_N_EXT_BSCAN.bscan_inst/SERIES7_BSCAN.bscan_inst/TCK
                         net (fo=1, routed)           1.343     1.343    dbg_hub/inst/BSCANID.u_xsdbm_id/tck_bs
    BUFGCE_X1Y56         BUFGCE (Prop_BUFCE_BUFGCE_I_O)
                                                      0.031     1.374 r  dbg_hub/inst/BSCANID.u_xsdbm_id/SWITCH_N_EXT_BSCAN.u_bufg_icon_tck/O
    X3Y2 (CLOCK_ROOT)    net (fo=494, routed)         1.138     2.512    dbg_hub/inst/BSCANID.u_xsdbm_id/SWITCH_N_EXT_BSCAN.bscan_switch/s_bscan_tck
    SLICE_X96Y195        FDRE                                         r  dbg_hub/inst/BSCANID.u_xsdbm_id/SWITCH_N_EXT_BSCAN.bscan_switch/bscanid_reg[5]/C
                         clock pessimism             -0.522     1.990    
    SLICE_X96Y195        FDRE (Hold_BFF_SLICEL_C_D)
                                                      0.056     2.046    dbg_hub/inst/BSCANID.u_xsdbm_id/SWITCH_N_EXT_BSCAN.bscan_switch/bscanid_reg[5]
  -------------------------------------------------------------------
                         required time                         -2.046    
                         arrival time                           2.095    
  -------------------------------------------------------------------
                         slack                                  0.049    

Slack (MET) :             0.050ns  (arrival time - required time)
  Source:                 dbg_hub/inst/BSCANID.u_xsdbm_id/SWITCH_N_EXT_BSCAN.bscanid_reg[14]/C
                            (rising edge-triggered cell FDRE clocked by dbg_hub/inst/BSCANID.u_xsdbm_id/SWITCH_N_EXT_BSCAN.bscan_inst/SERIES7_BSCAN.bscan_inst/TCK  {rise@0.000ns fall@16.500ns period=33.000ns})
  Destination:            dbg_hub/inst/BSCANID.u_xsdbm_id/SWITCH_N_EXT_BSCAN.bscanid_reg[13]/D
                            (rising edge-triggered cell FDRE clocked by dbg_hub/inst/BSCANID.u_xsdbm_id/SWITCH_N_EXT_BSCAN.bscan_inst/SERIES7_BSCAN.bscan_inst/TCK  {rise@0.000ns fall@16.500ns period=33.000ns})
  Path Group:             dbg_hub/inst/BSCANID.u_xsdbm_id/SWITCH_N_EXT_BSCAN.bscan_inst/SERIES7_BSCAN.bscan_inst/TCK
  Path Type:              Hold (Min at Fast Process Corner)
  Requirement:            0.000ns  (dbg_hub/inst/BSCANID.u_xsdbm_id/SWITCH_N_EXT_BSCAN.bscan_inst/SERIES7_BSCAN.bscan_inst/TCK rise@0.000ns - dbg_hub/inst/BSCANID.u_xsdbm_id/SWITCH_N_EXT_BSCAN.bscan_inst/SERIES7_BSCAN.bscan_inst/TCK rise@0.000ns)
  Data Path Delay:        0.143ns  (logic 0.094ns (65.734%)  route 0.049ns (34.266%))
  Logic Levels:           1  (LUT4=1)
  Clock Path Skew:        0.037ns (DCD - SCD - CPR)
    Destination Clock Delay (DCD):    2.534ns
    Source Clock Delay      (SCD):    1.999ns
    Clock Pessimism Removal (CPR):    0.498ns
  Clock Net Delay (Source):      0.986ns (routing 0.347ns, distribution 0.639ns)
  Clock Net Delay (Destination): 1.160ns (routing 0.383ns, distribution 0.777ns)

    Location             Delay type                Incr(ns)  Path(ns)    Netlist Resource(s)
  -------------------------------------------------------------------    -------------------
                         (clock dbg_hub/inst/BSCANID.u_xsdbm_id/SWITCH_N_EXT_BSCAN.bscan_inst/SERIES7_BSCAN.bscan_inst/TCK rise edge)
                                                      0.000     0.000 r  
    CONFIG_SITE_X0Y0     BSCANE2                      0.000     0.000 r  dbg_hub/inst/BSCANID.u_xsdbm_id/SWITCH_N_EXT_BSCAN.bscan_inst/SERIES7_BSCAN.bscan_inst/TCK
                         net (fo=1, routed)           0.986     0.986    dbg_hub/inst/BSCANID.u_xsdbm_id/tck_bs
    BUFGCE_X1Y56         BUFGCE (Prop_BUFCE_BUFGCE_I_O)
                                                      0.027     1.013 r  dbg_hub/inst/BSCANID.u_xsdbm_id/SWITCH_N_EXT_BSCAN.u_bufg_icon_tck/O
    X3Y2 (CLOCK_ROOT)    net (fo=494, routed)         0.986     1.999    dbg_hub/inst/BSCANID.u_xsdbm_id/itck_i
    SLICE_X93Y190        FDRE                                         r  dbg_hub/inst/BSCANID.u_xsdbm_id/SWITCH_N_EXT_BSCAN.bscanid_reg[14]/C
  -------------------------------------------------------------------    -------------------
    SLICE_X93Y190        FDRE (Prop_DFF_SLICEL_C_Q)
                                                      0.049     2.048 r  dbg_hub/inst/BSCANID.u_xsdbm_id/SWITCH_N_EXT_BSCAN.bscanid_reg[14]/Q
                         net (fo=2, routed)           0.037     2.085    dbg_hub/inst/BSCANID.u_xsdbm_id/bscanid[14]
    SLICE_X93Y190        LUT4 (Prop_E6LUT_SLICEL_I3_O)
                                                      0.045     2.130 r  dbg_hub/inst/BSCANID.u_xsdbm_id/SWITCH_N_EXT_BSCAN.bscanid[13]_i_1/O
                         net (fo=1, routed)           0.012     2.142    dbg_hub/inst/BSCANID.u_xsdbm_id/p_2_in[13]
    SLICE_X93Y190        FDRE                                         r  dbg_hub/inst/BSCANID.u_xsdbm_id/SWITCH_N_EXT_BSCAN.bscanid_reg[13]/D
  -------------------------------------------------------------------    -------------------

                         (clock dbg_hub/inst/BSCANID.u_xsdbm_id/SWITCH_N_EXT_BSCAN.bscan_inst/SERIES7_BSCAN.bscan_inst/TCK rise edge)
                                                      0.000     0.000 r  
    CONFIG_SITE_X0Y0     BSCANE2                      0.000     0.000 r  dbg_hub/inst/BSCANID.u_xsdbm_id/SWITCH_N_EXT_BSCAN.bscan_inst/SERIES7_BSCAN.bscan_inst/TCK
                         net (fo=1, routed)           1.343     1.343    dbg_hub/inst/BSCANID.u_xsdbm_id/tck_bs
    BUFGCE_X1Y56         BUFGCE (Prop_BUFCE_BUFGCE_I_O)
                                                      0.031     1.374 r  dbg_hub/inst/BSCANID.u_xsdbm_id/SWITCH_N_EXT_BSCAN.u_bufg_icon_tck/O
    X3Y2 (CLOCK_ROOT)    net (fo=494, routed)         1.160     2.534    dbg_hub/inst/BSCANID.u_xsdbm_id/itck_i
    SLICE_X93Y190        FDRE                                         r  dbg_hub/inst/BSCANID.u_xsdbm_id/SWITCH_N_EXT_BSCAN.bscanid_reg[13]/C
                         clock pessimism             -0.498     2.036    
    SLICE_X93Y190        FDRE (Hold_EFF_SLICEL_C_D)
                                                      0.056     2.092    dbg_hub/inst/BSCANID.u_xsdbm_id/SWITCH_N_EXT_BSCAN.bscanid_reg[13]
  -------------------------------------------------------------------
                         required time                         -2.092    
                         arrival time                           2.142    
  -------------------------------------------------------------------
                         slack                                  0.050    

Slack (MET) :             0.050ns  (arrival time - required time)
  Source:                 dbg_hub/inst/BSCANID.u_xsdbm_id/CORE_XSDB.UUT_MASTER/U_ICON_INTERFACE/U_CMD6_RD/U_RD_FIFO/SUBCORE_FIFO.xsdbm_v3_0_0_rdfifo_inst/inst_fifo_gen/gconvfifo.rf/grf.rf/gntv_or_sync_fifo.gl0.rd/rpntr/gc0.count_d1_reg[3]/C
                            (rising edge-triggered cell FDCE clocked by dbg_hub/inst/BSCANID.u_xsdbm_id/SWITCH_N_EXT_BSCAN.bscan_inst/SERIES7_BSCAN.bscan_inst/TCK  {rise@0.000ns fall@16.500ns period=33.000ns})
  Destination:            dbg_hub/inst/BSCANID.u_xsdbm_id/CORE_XSDB.UUT_MASTER/U_ICON_INTERFACE/U_CMD6_RD/U_RD_FIFO/SUBCORE_FIFO.xsdbm_v3_0_0_rdfifo_inst/inst_fifo_gen/gconvfifo.rf/grf.rf/gntv_or_sync_fifo.gcx.clkx/gnxpm_cdc.rd_pntr_gc_reg[3]/D
                            (rising edge-triggered cell FDCE clocked by dbg_hub/inst/BSCANID.u_xsdbm_id/SWITCH_N_EXT_BSCAN.bscan_inst/SERIES7_BSCAN.bscan_inst/TCK  {rise@0.000ns fall@16.500ns period=33.000ns})
  Path Group:             dbg_hub/inst/BSCANID.u_xsdbm_id/SWITCH_N_EXT_BSCAN.bscan_inst/SERIES7_BSCAN.bscan_inst/TCK
  Path Type:              Hold (Min at Fast Process Corner)
  Requirement:            0.000ns  (dbg_hub/inst/BSCANID.u_xsdbm_id/SWITCH_N_EXT_BSCAN.bscan_inst/SERIES7_BSCAN.bscan_inst/TCK rise@0.000ns - dbg_hub/inst/BSCANID.u_xsdbm_id/SWITCH_N_EXT_BSCAN.bscan_inst/SERIES7_BSCAN.bscan_inst/TCK rise@0.000ns)
  Data Path Delay:        0.147ns  (logic 0.048ns (32.653%)  route 0.099ns (67.347%))
  Logic Levels:           0  
  Clock Path Skew:        0.041ns (DCD - SCD - CPR)
    Destination Clock Delay (DCD):    2.505ns
    Source Clock Delay      (SCD):    1.982ns
    Clock Pessimism Removal (CPR):    0.482ns
  Clock Net Delay (Source):      0.969ns (routing 0.347ns, distribution 0.622ns)
  Clock Net Delay (Destination): 1.131ns (routing 0.383ns, distribution 0.748ns)

    Location             Delay type                Incr(ns)  Path(ns)    Netlist Resource(s)
  -------------------------------------------------------------------    -------------------
                         (clock dbg_hub/inst/BSCANID.u_xsdbm_id/SWITCH_N_EXT_BSCAN.bscan_inst/SERIES7_BSCAN.bscan_inst/TCK rise edge)
                                                      0.000     0.000 r  
    CONFIG_SITE_X0Y0     BSCANE2                      0.000     0.000 r  dbg_hub/inst/BSCANID.u_xsdbm_id/SWITCH_N_EXT_BSCAN.bscan_inst/SERIES7_BSCAN.bscan_inst/TCK
                         net (fo=1, routed)           0.986     0.986    dbg_hub/inst/BSCANID.u_xsdbm_id/tck_bs
    BUFGCE_X1Y56         BUFGCE (Prop_BUFCE_BUFGCE_I_O)
                                                      0.027     1.013 r  dbg_hub/inst/BSCANID.u_xsdbm_id/SWITCH_N_EXT_BSCAN.u_bufg_icon_tck/O
    X3Y2 (CLOCK_ROOT)    net (fo=494, routed)         0.969     1.982    dbg_hub/inst/BSCANID.u_xsdbm_id/CORE_XSDB.UUT_MASTER/U_ICON_INTERFACE/U_CMD6_RD/U_RD_FIFO/SUBCORE_FIFO.xsdbm_v3_0_0_rdfifo_inst/inst_fifo_gen/gconvfifo.rf/grf.rf/gntv_or_sync_fifo.gl0.rd/rpntr/rd_clk
    SLICE_X89Y116        FDCE                                         r  dbg_hub/inst/BSCANID.u_xsdbm_id/CORE_XSDB.UUT_MASTER/U_ICON_INTERFACE/U_CMD6_RD/U_RD_FIFO/SUBCORE_FIFO.xsdbm_v3_0_0_rdfifo_inst/inst_fifo_gen/gconvfifo.rf/grf.rf/gntv_or_sync_fifo.gl0.rd/rpntr/gc0.count_d1_reg[3]/C
  -------------------------------------------------------------------    -------------------
    SLICE_X89Y116        FDCE (Prop_FFF2_SLICEL_C_Q)
                                                      0.048     2.030 r  dbg_hub/inst/BSCANID.u_xsdbm_id/CORE_XSDB.UUT_MASTER/U_ICON_INTERFACE/U_CMD6_RD/U_RD_FIFO/SUBCORE_FIFO.xsdbm_v3_0_0_rdfifo_inst/inst_fifo_gen/gconvfifo.rf/grf.rf/gntv_or_sync_fifo.gl0.rd/rpntr/gc0.count_d1_reg[3]/Q
                         net (fo=31, routed)          0.099     2.129    dbg_hub/inst/BSCANID.u_xsdbm_id/CORE_XSDB.UUT_MASTER/U_ICON_INTERFACE/U_CMD6_RD/U_RD_FIFO/SUBCORE_FIFO.xsdbm_v3_0_0_rdfifo_inst/inst_fifo_gen/gconvfifo.rf/grf.rf/gntv_or_sync_fifo.gcx.clkx/gnxpm_cdc.rd_pntr_gc_reg[3]_0[0]
    SLICE_X89Y117        FDCE                                         r  dbg_hub/inst/BSCANID.u_xsdbm_id/CORE_XSDB.UUT_MASTER/U_ICON_INTERFACE/U_CMD6_RD/U_RD_FIFO/SUBCORE_FIFO.xsdbm_v3_0_0_rdfifo_inst/inst_fifo_gen/gconvfifo.rf/grf.rf/gntv_or_sync_fifo.gcx.clkx/gnxpm_cdc.rd_pntr_gc_reg[3]/D
  -------------------------------------------------------------------    -------------------

                         (clock dbg_hub/inst/BSCANID.u_xsdbm_id/SWITCH_N_EXT_BSCAN.bscan_inst/SERIES7_BSCAN.bscan_inst/TCK rise edge)
                                                      0.000     0.000 r  
    CONFIG_SITE_X0Y0     BSCANE2                      0.000     0.000 r  dbg_hub/inst/BSCANID.u_xsdbm_id/SWITCH_N_EXT_BSCAN.bscan_inst/SERIES7_BSCAN.bscan_inst/TCK
                         net (fo=1, routed)           1.343     1.343    dbg_hub/inst/BSCANID.u_xsdbm_id/tck_bs
    BUFGCE_X1Y56         BUFGCE (Prop_BUFCE_BUFGCE_I_O)
                                                      0.031     1.374 r  dbg_hub/inst/BSCANID.u_xsdbm_id/SWITCH_N_EXT_BSCAN.u_bufg_icon_tck/O
    X3Y2 (CLOCK_ROOT)    net (fo=494, routed)         1.131     2.505    dbg_hub/inst/BSCANID.u_xsdbm_id/CORE_XSDB.UUT_MASTER/U_ICON_INTERFACE/U_CMD6_RD/U_RD_FIFO/SUBCORE_FIFO.xsdbm_v3_0_0_rdfifo_inst/inst_fifo_gen/gconvfifo.rf/grf.rf/gntv_or_sync_fifo.gcx.clkx/rd_clk
    SLICE_X89Y117        FDCE                                         r  dbg_hub/inst/BSCANID.u_xsdbm_id/CORE_XSDB.UUT_MASTER/U_ICON_INTERFACE/U_CMD6_RD/U_RD_FIFO/SUBCORE_FIFO.xsdbm_v3_0_0_rdfifo_inst/inst_fifo_gen/gconvfifo.rf/grf.rf/gntv_or_sync_fifo.gcx.clkx/gnxpm_cdc.rd_pntr_gc_reg[3]/C
                         clock pessimism             -0.482     2.023    
    SLICE_X89Y117        FDCE (Hold_GFF_SLICEL_C_D)
                                                      0.056     2.079    dbg_hub/inst/BSCANID.u_xsdbm_id/CORE_XSDB.UUT_MASTER/U_ICON_INTERFACE/U_CMD6_RD/U_RD_FIFO/SUBCORE_FIFO.xsdbm_v3_0_0_rdfifo_inst/inst_fifo_gen/gconvfifo.rf/grf.rf/gntv_or_sync_fifo.gcx.clkx/gnxpm_cdc.rd_pntr_gc_reg[3]
  -------------------------------------------------------------------
                         required time                         -2.079    
                         arrival time                           2.129    
  -------------------------------------------------------------------
                         slack                                  0.050    





Pulse Width Checks
--------------------------------------------------------------------------------------
Clock Name:         dbg_hub/inst/BSCANID.u_xsdbm_id/SWITCH_N_EXT_BSCAN.bscan_inst/SERIES7_BSCAN.bscan_inst/TCK
Waveform(ns):       { 0.000 16.500 }
Period(ns):         33.000
Sources:            { dbg_hub/inst/BSCANID.u_xsdbm_id/SWITCH_N_EXT_BSCAN.bscan_inst/SERIES7_BSCAN.bscan_inst/TCK }

Check Type        Corner  Lib Pin     Reference Pin  Required(ns)  Actual(ns)  Slack(ns)  Location       Pin
Min Period        n/a     BUFGCE/I    n/a            1.379         33.000      31.621     BUFGCE_X1Y56   dbg_hub/inst/BSCANID.u_xsdbm_id/SWITCH_N_EXT_BSCAN.u_bufg_icon_tck/I
Min Period        n/a     RAMD32/CLK  n/a            1.336         33.000      31.664     SLICE_X94Y125  dbg_hub/inst/BSCANID.u_xsdbm_id/CORE_XSDB.UUT_MASTER/U_ICON_INTERFACE/U_CMD6_WR/U_WR_FIFO/SUBCORE_FIFO.xsdbm_v3_0_0_wrfifo_inst/inst_fifo_gen/gconvfifo.rf/grf.rf/gntv_or_sync_fifo.mem/gdm.dm_gen.dm/RAM_reg_0_15_0_13/RAMA/CLK
Min Period        n/a     RAMD32/CLK  n/a            1.336         33.000      31.664     SLICE_X94Y125  dbg_hub/inst/BSCANID.u_xsdbm_id/CORE_XSDB.UUT_MASTER/U_ICON_INTERFACE/U_CMD6_WR/U_WR_FIFO/SUBCORE_FIFO.xsdbm_v3_0_0_wrfifo_inst/inst_fifo_gen/gconvfifo.rf/grf.rf/gntv_or_sync_fifo.mem/gdm.dm_gen.dm/RAM_reg_0_15_0_13/RAMA_D1/CLK
Min Period        n/a     RAMD32/CLK  n/a            1.336         33.000      31.664     SLICE_X94Y125  dbg_hub/inst/BSCANID.u_xsdbm_id/CORE_XSDB.UUT_MASTER/U_ICON_INTERFACE/U_CMD6_WR/U_WR_FIFO/SUBCORE_FIFO.xsdbm_v3_0_0_wrfifo_inst/inst_fifo_gen/gconvfifo.rf/grf.rf/gntv_or_sync_fifo.mem/gdm.dm_gen.dm/RAM_reg_0_15_0_13/RAMB/CLK
Min Period        n/a     RAMD32/CLK  n/a            1.336         33.000      31.664     SLICE_X94Y125  dbg_hub/inst/BSCANID.u_xsdbm_id/CORE_XSDB.UUT_MASTER/U_ICON_INTERFACE/U_CMD6_WR/U_WR_FIFO/SUBCORE_FIFO.xsdbm_v3_0_0_wrfifo_inst/inst_fifo_gen/gconvfifo.rf/grf.rf/gntv_or_sync_fifo.mem/gdm.dm_gen.dm/RAM_reg_0_15_0_13/RAMB_D1/CLK
Min Period        n/a     RAMD32/CLK  n/a            1.336         33.000      31.664     SLICE_X94Y125  dbg_hub/inst/BSCANID.u_xsdbm_id/CORE_XSDB.UUT_MASTER/U_ICON_INTERFACE/U_CMD6_WR/U_WR_FIFO/SUBCORE_FIFO.xsdbm_v3_0_0_wrfifo_inst/inst_fifo_gen/gconvfifo.rf/grf.rf/gntv_or_sync_fifo.mem/gdm.dm_gen.dm/RAM_reg_0_15_0_13/RAMC/CLK
Min Period        n/a     RAMD32/CLK  n/a            1.336         33.000      31.664     SLICE_X94Y125  dbg_hub/inst/BSCANID.u_xsdbm_id/CORE_XSDB.UUT_MASTER/U_ICON_INTERFACE/U_CMD6_WR/U_WR_FIFO/SUBCORE_FIFO.xsdbm_v3_0_0_wrfifo_inst/inst_fifo_gen/gconvfifo.rf/grf.rf/gntv_or_sync_fifo.mem/gdm.dm_gen.dm/RAM_reg_0_15_0_13/RAMC_D1/CLK
Min Period        n/a     RAMD32/CLK  n/a            1.336         33.000      31.664     SLICE_X94Y125  dbg_hub/inst/BSCANID.u_xsdbm_id/CORE_XSDB.UUT_MASTER/U_ICON_INTERFACE/U_CMD6_WR/U_WR_FIFO/SUBCORE_FIFO.xsdbm_v3_0_0_wrfifo_inst/inst_fifo_gen/gconvfifo.rf/grf.rf/gntv_or_sync_fifo.mem/gdm.dm_gen.dm/RAM_reg_0_15_0_13/RAMD/CLK
Min Period        n/a     RAMD32/CLK  n/a            1.336         33.000      31.664     SLICE_X94Y125  dbg_hub/inst/BSCANID.u_xsdbm_id/CORE_XSDB.UUT_MASTER/U_ICON_INTERFACE/U_CMD6_WR/U_WR_FIFO/SUBCORE_FIFO.xsdbm_v3_0_0_wrfifo_inst/inst_fifo_gen/gconvfifo.rf/grf.rf/gntv_or_sync_fifo.mem/gdm.dm_gen.dm/RAM_reg_0_15_0_13/RAMD_D1/CLK
Min Period        n/a     RAMD32/CLK  n/a            1.336         33.000      31.664     SLICE_X94Y125  dbg_hub/inst/BSCANID.u_xsdbm_id/CORE_XSDB.UUT_MASTER/U_ICON_INTERFACE/U_CMD6_WR/U_WR_FIFO/SUBCORE_FIFO.xsdbm_v3_0_0_wrfifo_inst/inst_fifo_gen/gconvfifo.rf/grf.rf/gntv_or_sync_fifo.mem/gdm.dm_gen.dm/RAM_reg_0_15_0_13/RAME/CLK
Low Pulse Width   Slow    RAMD32/CLK  n/a            0.668         16.500      15.832     SLICE_X94Y124  dbg_hub/inst/BSCANID.u_xsdbm_id/CORE_XSDB.UUT_MASTER/U_ICON_INTERFACE/U_CMD6_WR/U_WR_FIFO/SUBCORE_FIFO.xsdbm_v3_0_0_wrfifo_inst/inst_fifo_gen/gconvfifo.rf/grf.rf/gntv_or_sync_fifo.mem/gdm.dm_gen.dm/RAM_reg_0_15_14_15/RAMA/CLK
Low Pulse Width   Slow    RAMD32/CLK  n/a            0.668         16.500      15.832     SLICE_X94Y124  dbg_hub/inst/BSCANID.u_xsdbm_id/CORE_XSDB.UUT_MASTER/U_ICON_INTERFACE/U_CMD6_WR/U_WR_FIFO/SUBCORE_FIFO.xsdbm_v3_0_0_wrfifo_inst/inst_fifo_gen/gconvfifo.rf/grf.rf/gntv_or_sync_fifo.mem/gdm.dm_gen.dm/RAM_reg_0_15_14_15/RAMA_D1/CLK
Low Pulse Width   Slow    RAMD32/CLK  n/a            0.668         16.500      15.832     SLICE_X94Y124  dbg_hub/inst/BSCANID.u_xsdbm_id/CORE_XSDB.UUT_MASTER/U_ICON_INTERFACE/U_CMD6_WR/U_WR_FIFO/SUBCORE_FIFO.xsdbm_v3_0_0_wrfifo_inst/inst_fifo_gen/gconvfifo.rf/grf.rf/gntv_or_sync_fifo.mem/gdm.dm_gen.dm/RAM_reg_0_15_14_15/RAMB/CLK
Low Pulse Width   Slow    RAMD32/CLK  n/a            0.668         16.500      15.832     SLICE_X94Y124  dbg_hub/inst/BSCANID.u_xsdbm_id/CORE_XSDB.UUT_MASTER/U_ICON_INTERFACE/U_CMD6_WR/U_WR_FIFO/SUBCORE_FIFO.xsdbm_v3_0_0_wrfifo_inst/inst_fifo_gen/gconvfifo.rf/grf.rf/gntv_or_sync_fifo.mem/gdm.dm_gen.dm/RAM_reg_0_15_14_15/RAMB_D1/CLK
Low Pulse Width   Slow    RAMD32/CLK  n/a            0.668         16.500      15.832     SLICE_X94Y124  dbg_hub/inst/BSCANID.u_xsdbm_id/CORE_XSDB.UUT_MASTER/U_ICON_INTERFACE/U_CMD6_WR/U_WR_FIFO/SUBCORE_FIFO.xsdbm_v3_0_0_wrfifo_inst/inst_fifo_gen/gconvfifo.rf/grf.rf/gntv_or_sync_fifo.mem/gdm.dm_gen.dm/RAM_reg_0_15_14_15/RAMC/CLK
Low Pulse Width   Slow    RAMD32/CLK  n/a            0.668         16.500      15.832     SLICE_X94Y124  dbg_hub/inst/BSCANID.u_xsdbm_id/CORE_XSDB.UUT_MASTER/U_ICON_INTERFACE/U_CMD6_WR/U_WR_FIFO/SUBCORE_FIFO.xsdbm_v3_0_0_wrfifo_inst/inst_fifo_gen/gconvfifo.rf/grf.rf/gntv_or_sync_fifo.mem/gdm.dm_gen.dm/RAM_reg_0_15_14_15/RAMC_D1/CLK
Low Pulse Width   Slow    RAMD32/CLK  n/a            0.668         16.500      15.832     SLICE_X94Y124  dbg_hub/inst/BSCANID.u_xsdbm_id/CORE_XSDB.UUT_MASTER/U_ICON_INTERFACE/U_CMD6_WR/U_WR_FIFO/SUBCORE_FIFO.xsdbm_v3_0_0_wrfifo_inst/inst_fifo_gen/gconvfifo.rf/grf.rf/gntv_or_sync_fifo.mem/gdm.dm_gen.dm/RAM_reg_0_15_14_15/RAMD/CLK
Low Pulse Width   Slow    RAMD32/CLK  n/a            0.668         16.500      15.832     SLICE_X94Y124  dbg_hub/inst/BSCANID.u_xsdbm_id/CORE_XSDB.UUT_MASTER/U_ICON_INTERFACE/U_CMD6_WR/U_WR_FIFO/SUBCORE_FIFO.xsdbm_v3_0_0_wrfifo_inst/inst_fifo_gen/gconvfifo.rf/grf.rf/gntv_or_sync_fifo.mem/gdm.dm_gen.dm/RAM_reg_0_15_14_15/RAMD_D1/CLK
Low Pulse Width   Slow    RAMD32/CLK  n/a            0.668         16.500      15.832     SLICE_X94Y124  dbg_hub/inst/BSCANID.u_xsdbm_id/CORE_XSDB.UUT_MASTER/U_ICON_INTERFACE/U_CMD6_WR/U_WR_FIFO/SUBCORE_FIFO.xsdbm_v3_0_0_wrfifo_inst/inst_fifo_gen/gconvfifo.rf/grf.rf/gntv_or_sync_fifo.mem/gdm.dm_gen.dm/RAM_reg_0_15_14_15/RAME/CLK
Low Pulse Width   Slow    RAMD32/CLK  n/a            0.668         16.500      15.832     SLICE_X94Y124  dbg_hub/inst/BSCANID.u_xsdbm_id/CORE_XSDB.UUT_MASTER/U_ICON_INTERFACE/U_CMD6_WR/U_WR_FIFO/SUBCORE_FIFO.xsdbm_v3_0_0_wrfifo_inst/inst_fifo_gen/gconvfifo.rf/grf.rf/gntv_or_sync_fifo.mem/gdm.dm_gen.dm/RAM_reg_0_15_14_15/RAME_D1/CLK
High Pulse Width  Slow    RAMD32/CLK  n/a            0.668         16.500      15.832     SLICE_X94Y125  dbg_hub/inst/BSCANID.u_xsdbm_id/CORE_XSDB.UUT_MASTER/U_ICON_INTERFACE/U_CMD6_WR/U_WR_FIFO/SUBCORE_FIFO.xsdbm_v3_0_0_wrfifo_inst/inst_fifo_gen/gconvfifo.rf/grf.rf/gntv_or_sync_fifo.mem/gdm.dm_gen.dm/RAM_reg_0_15_0_13/RAMA/CLK
High Pulse Width  Fast    RAMD32/CLK  n/a            0.668         16.500      15.832     SLICE_X94Y125  dbg_hub/inst/BSCANID.u_xsdbm_id/CORE_XSDB.UUT_MASTER/U_ICON_INTERFACE/U_CMD6_WR/U_WR_FIFO/SUBCORE_FIFO.xsdbm_v3_0_0_wrfifo_inst/inst_fifo_gen/gconvfifo.rf/grf.rf/gntv_or_sync_fifo.mem/gdm.dm_gen.dm/RAM_reg_0_15_0_13/RAMA/CLK
High Pulse Width  Slow    RAMD32/CLK  n/a            0.668         16.500      15.832     SLICE_X94Y125  dbg_hub/inst/BSCANID.u_xsdbm_id/CORE_XSDB.UUT_MASTER/U_ICON_INTERFACE/U_CMD6_WR/U_WR_FIFO/SUBCORE_FIFO.xsdbm_v3_0_0_wrfifo_inst/inst_fifo_gen/gconvfifo.rf/grf.rf/gntv_or_sync_fifo.mem/gdm.dm_gen.dm/RAM_reg_0_15_0_13/RAMA_D1/CLK
High Pulse Width  Fast    RAMD32/CLK  n/a            0.668         16.500      15.832     SLICE_X94Y125  dbg_hub/inst/BSCANID.u_xsdbm_id/CORE_XSDB.UUT_MASTER/U_ICON_INTERFACE/U_CMD6_WR/U_WR_FIFO/SUBCORE_FIFO.xsdbm_v3_0_0_wrfifo_inst/inst_fifo_gen/gconvfifo.rf/grf.rf/gntv_or_sync_fifo.mem/gdm.dm_gen.dm/RAM_reg_0_15_0_13/RAMA_D1/CLK
High Pulse Width  Slow    RAMD32/CLK  n/a            0.668         16.500      15.832     SLICE_X94Y125  dbg_hub/inst/BSCANID.u_xsdbm_id/CORE_XSDB.UUT_MASTER/U_ICON_INTERFACE/U_CMD6_WR/U_WR_FIFO/SUBCORE_FIFO.xsdbm_v3_0_0_wrfifo_inst/inst_fifo_gen/gconvfifo.rf/grf.rf/gntv_or_sync_fifo.mem/gdm.dm_gen.dm/RAM_reg_0_15_0_13/RAMB/CLK
High Pulse Width  Fast    RAMD32/CLK  n/a            0.668         16.500      15.832     SLICE_X94Y125  dbg_hub/inst/BSCANID.u_xsdbm_id/CORE_XSDB.UUT_MASTER/U_ICON_INTERFACE/U_CMD6_WR/U_WR_FIFO/SUBCORE_FIFO.xsdbm_v3_0_0_wrfifo_inst/inst_fifo_gen/gconvfifo.rf/grf.rf/gntv_or_sync_fifo.mem/gdm.dm_gen.dm/RAM_reg_0_15_0_13/RAMB/CLK
High Pulse Width  Slow    RAMD32/CLK  n/a            0.668         16.500      15.832     SLICE_X94Y125  dbg_hub/inst/BSCANID.u_xsdbm_id/CORE_XSDB.UUT_MASTER/U_ICON_INTERFACE/U_CMD6_WR/U_WR_FIFO/SUBCORE_FIFO.xsdbm_v3_0_0_wrfifo_inst/inst_fifo_gen/gconvfifo.rf/grf.rf/gntv_or_sync_fifo.mem/gdm.dm_gen.dm/RAM_reg_0_15_0_13/RAMB_D1/CLK
High Pulse Width  Fast    RAMD32/CLK  n/a            0.668         16.500      15.832     SLICE_X94Y125  dbg_hub/inst/BSCANID.u_xsdbm_id/CORE_XSDB.UUT_MASTER/U_ICON_INTERFACE/U_CMD6_WR/U_WR_FIFO/SUBCORE_FIFO.xsdbm_v3_0_0_wrfifo_inst/inst_fifo_gen/gconvfifo.rf/grf.rf/gntv_or_sync_fifo.mem/gdm.dm_gen.dm/RAM_reg_0_15_0_13/RAMB_D1/CLK
High Pulse Width  Slow    RAMD32/CLK  n/a            0.668         16.500      15.832     SLICE_X94Y125  dbg_hub/inst/BSCANID.u_xsdbm_id/CORE_XSDB.UUT_MASTER/U_ICON_INTERFACE/U_CMD6_WR/U_WR_FIFO/SUBCORE_FIFO.xsdbm_v3_0_0_wrfifo_inst/inst_fifo_gen/gconvfifo.rf/grf.rf/gntv_or_sync_fifo.mem/gdm.dm_gen.dm/RAM_reg_0_15_0_13/RAMC/CLK
High Pulse Width  Fast    RAMD32/CLK  n/a            0.668         16.500      15.832     SLICE_X94Y125  dbg_hub/inst/BSCANID.u_xsdbm_id/CORE_XSDB.UUT_MASTER/U_ICON_INTERFACE/U_CMD6_WR/U_WR_FIFO/SUBCORE_FIFO.xsdbm_v3_0_0_wrfifo_inst/inst_fifo_gen/gconvfifo.rf/grf.rf/gntv_or_sync_fifo.mem/gdm.dm_gen.dm/RAM_reg_0_15_0_13/RAMC/CLK



---------------------------------------------------------------------------------------------------
From Clock:  gtwiz_userclk_rx_usrclk2_int
  To Clock:  clk_freerun

Setup :            5  Failing Endpoints,  Worst Slack       -2.192ns,  Total Violation      -10.036ns
Hold  :            0  Failing Endpoints,  Worst Slack        0.034ns,  Total Violation        0.000ns
---------------------------------------------------------------------------------------------------


Max Delay Paths
--------------------------------------------------------------------------------------
Slack (VIOLATED) :        -2.192ns  (required time - arrival time)
  Source:                 phy_inst/eth_phy_10g_rx_inst/eth_phy_10g_rx_if_inst/eth_phy_10g_rx_frame_sync_inst/rx_block_lock_reg_reg/C
                            (rising edge-triggered cell FDRE clocked by gtwiz_userclk_rx_usrclk2_int  {rise@0.000ns fall@3.200ns period=6.400ns})
  Destination:            bs_blocklock/i_in_meta_reg/D
                            (rising edge-triggered cell FDRE clocked by clk_freerun  {rise@0.000ns fall@5.000ns period=10.000ns})
  Path Group:             clk_freerun
  Path Type:              Setup (Max at Slow Process Corner)
  Requirement:            0.002ns  (clk_freerun rise@160.000ns - gtwiz_userclk_rx_usrclk2_int rise@159.998ns)
  Data Path Delay:        3.268ns  (logic 0.114ns (3.488%)  route 3.154ns (96.512%))
  Logic Levels:           0  
  Clock Path Skew:        1.051ns (DCD - SCD + CPR)
    Destination Clock Delay (DCD):    3.414ns = ( 163.414 - 160.000 ) 
    Source Clock Delay      (SCD):    2.363ns = ( 162.361 - 159.998 ) 
    Clock Pessimism Removal (CPR):    0.000ns
  Clock Uncertainty:      0.035ns  ((TSJ^2 + TIJ^2)^1/2 + DJ) / 2 + PE
    Total System Jitter     (TSJ):    0.071ns
    Total Input Jitter      (TIJ):    0.000ns
    Discrete Jitter          (DJ):    0.000ns
    Phase Error              (PE):    0.000ns
  Clock Net Delay (Source):      1.966ns (routing 0.316ns, distribution 1.650ns)
  Clock Net Delay (Destination): 2.357ns (routing 1.025ns, distribution 1.332ns)
  Clock Domain Crossing:  Inter clock paths are considered valid unless explicitly excluded by timing constraints such as set_clock_groups or set_false_path.

    Location             Delay type                Incr(ns)  Path(ns)    Netlist Resource(s)
  -------------------------------------------------------------------    -------------------
                         (clock gtwiz_userclk_rx_usrclk2_int rise edge)
                                                    159.998   159.998 r  
    GTHE3_CHANNEL_X0Y12  GTHE3_CHANNEL                0.000   159.998 r  example_wrapper_inst/eth_xcvr_gth_full_inst/inst/gen_gtwizard_gthe3_top.eth_xcvr_gth_full_gtwizard_gthe3_inst/gen_gtwizard_gthe3.gen_channel_container[0].gen_enabled_channel.gthe3_channel_wrapper_inst/channel_inst/gthe3_channel_gen.gen_gthe3_channel_inst[0].GTHE3_CHANNEL_PRIM_INST/RXOUTCLK
                         net (fo=3, routed)           0.082   160.080    example_wrapper_inst/eth_xcvr_gth_full_inst/inst/gen_gtwizard_gthe3_top.eth_xcvr_gth_full_gtwizard_gthe3_inst/gen_gtwizard_gthe3.gen_rx_user_clocking_internal.gen_single_instance.gtwiz_userclk_rx_inst/rxoutclk_out[0]
    BUFG_GT_X0Y86        BUFG_GT (Prop_BUFG_GT_I_O)
                                                      0.315   160.395 r  example_wrapper_inst/eth_xcvr_gth_full_inst/inst/gen_gtwizard_gthe3_top.eth_xcvr_gth_full_gtwizard_gthe3_inst/gen_gtwizard_gthe3.gen_rx_user_clocking_internal.gen_single_instance.gtwiz_userclk_rx_inst/gen_gtwiz_userclk_rx_main.bufg_gt_usrclk2_inst/O
    X3Y3 (CLOCK_ROOT)    net (fo=3729, routed)        1.966   162.361    phy_inst/eth_phy_10g_rx_inst/eth_phy_10g_rx_if_inst/eth_phy_10g_rx_frame_sync_inst/rx_clk
    SLICE_X97Y184        FDRE                                         r  phy_inst/eth_phy_10g_rx_inst/eth_phy_10g_rx_if_inst/eth_phy_10g_rx_frame_sync_inst/rx_block_lock_reg_reg/C
  -------------------------------------------------------------------    -------------------
    SLICE_X97Y184        FDRE (Prop_HFF_SLICEL_C_Q)
                                                      0.114   162.475 r  phy_inst/eth_phy_10g_rx_inst/eth_phy_10g_rx_if_inst/eth_phy_10g_rx_frame_sync_inst/rx_block_lock_reg_reg/Q
                         net (fo=9, routed)           3.154   165.629    bs_blocklock/i_in
    SLICE_X97Y186        FDRE                                         r  bs_blocklock/i_in_meta_reg/D
  -------------------------------------------------------------------    -------------------

                         (clock clk_freerun rise edge)
                                                    160.000   160.000 r  
    D18                                               0.000   160.000 r  hb_gtwiz_reset_clk_freerun_p (IN)
                         net (fo=0)                   0.000   160.000    ibufds_clk_freerun_inst/I
    HPIOBDIFFINBUF_X0Y61 DIFFINBUF (Prop_DIFFINBUF_HPIOBDIFFINBUF_DIFF_IN_P_O)
                                                      0.309   160.309 r  ibufds_clk_freerun_inst/DIFFINBUF_INST/O
                         net (fo=1, routed)           0.051   160.360    ibufds_clk_freerun_inst/OUT
    D18                  IBUFCTRL (Prop_IBUFCTRL_HPIOB_I_O)
                                                      0.000   160.360 r  ibufds_clk_freerun_inst/IBUFCTRL_INST/O
                         net (fo=1, routed)           0.622   160.982    hb_gtwiz_reset_clk_freerun_ibuf
    BUFGCE_X0Y50         BUFGCE (Prop_BUFCE_BUFGCE_I_O)
                                                      0.075   161.057 r  bufg_clk_freerun_inst/O
    X2Y2 (CLOCK_ROOT)    net (fo=585, routed)         2.357   163.414    bs_blocklock/clk_in
    SLICE_X97Y186        FDRE                                         r  bs_blocklock/i_in_meta_reg/C
                         clock pessimism              0.000   163.414    
                         clock uncertainty           -0.035   163.378    
    SLICE_X97Y186        FDRE (Setup_DFF_SLICEL_C_D)
                                                      0.059   163.437    bs_blocklock/i_in_meta_reg
  -------------------------------------------------------------------
                         required time                        163.437    
                         arrival time                        -165.629    
  -------------------------------------------------------------------
                         slack                                 -2.192    

Slack (VIOLATED) :        -2.139ns  (required time - arrival time)
  Source:                 phy_inst/eth_phy_10g_rx_inst/eth_phy_10g_rx_if_inst/eth_phy_10g_rx_watchdog_inst/serdes_rx_reset_req_reg_reg/C
                            (rising edge-triggered cell FDCE clocked by gtwiz_userclk_rx_usrclk2_int  {rise@0.000ns fall@3.200ns period=6.400ns})
  Destination:            bit_sync_rx_reset_req_inst/i_in_meta_reg/D
                            (rising edge-triggered cell FDRE clocked by clk_freerun  {rise@0.000ns fall@5.000ns period=10.000ns})
  Path Group:             clk_freerun
  Path Type:              Setup (Max at Slow Process Corner)
  Requirement:            0.002ns  (clk_freerun rise@160.000ns - gtwiz_userclk_rx_usrclk2_int rise@159.998ns)
  Data Path Delay:        3.219ns  (logic 0.113ns (3.510%)  route 3.106ns (96.490%))
  Logic Levels:           0  
  Clock Path Skew:        1.054ns (DCD - SCD + CPR)
    Destination Clock Delay (DCD):    3.411ns = ( 163.411 - 160.000 ) 
    Source Clock Delay      (SCD):    2.357ns = ( 162.355 - 159.998 ) 
    Clock Pessimism Removal (CPR):    0.000ns
  Clock Uncertainty:      0.035ns  ((TSJ^2 + TIJ^2)^1/2 + DJ) / 2 + PE
    Total System Jitter     (TSJ):    0.071ns
    Total Input Jitter      (TIJ):    0.000ns
    Discrete Jitter          (DJ):    0.000ns
    Phase Error              (PE):    0.000ns
  Clock Net Delay (Source):      1.960ns (routing 0.316ns, distribution 1.644ns)
  Clock Net Delay (Destination): 2.354ns (routing 1.025ns, distribution 1.329ns)
  Clock Domain Crossing:  Inter clock paths are considered valid unless explicitly excluded by timing constraints such as set_clock_groups or set_false_path.

    Location             Delay type                Incr(ns)  Path(ns)    Netlist Resource(s)
  -------------------------------------------------------------------    -------------------
                         (clock gtwiz_userclk_rx_usrclk2_int rise edge)
                                                    159.998   159.998 r  
    GTHE3_CHANNEL_X0Y12  GTHE3_CHANNEL                0.000   159.998 r  example_wrapper_inst/eth_xcvr_gth_full_inst/inst/gen_gtwizard_gthe3_top.eth_xcvr_gth_full_gtwizard_gthe3_inst/gen_gtwizard_gthe3.gen_channel_container[0].gen_enabled_channel.gthe3_channel_wrapper_inst/channel_inst/gthe3_channel_gen.gen_gthe3_channel_inst[0].GTHE3_CHANNEL_PRIM_INST/RXOUTCLK
                         net (fo=3, routed)           0.082   160.080    example_wrapper_inst/eth_xcvr_gth_full_inst/inst/gen_gtwizard_gthe3_top.eth_xcvr_gth_full_gtwizard_gthe3_inst/gen_gtwizard_gthe3.gen_rx_user_clocking_internal.gen_single_instance.gtwiz_userclk_rx_inst/rxoutclk_out[0]
    BUFG_GT_X0Y86        BUFG_GT (Prop_BUFG_GT_I_O)
                                                      0.315   160.395 r  example_wrapper_inst/eth_xcvr_gth_full_inst/inst/gen_gtwizard_gthe3_top.eth_xcvr_gth_full_gtwizard_gthe3_inst/gen_gtwizard_gthe3.gen_rx_user_clocking_internal.gen_single_instance.gtwiz_userclk_rx_inst/gen_gtwiz_userclk_rx_main.bufg_gt_usrclk2_inst/O
    X3Y3 (CLOCK_ROOT)    net (fo=3729, routed)        1.960   162.355    phy_inst/eth_phy_10g_rx_inst/eth_phy_10g_rx_if_inst/eth_phy_10g_rx_watchdog_inst/rx_clk
    SLICE_X94Y184        FDCE                                         r  phy_inst/eth_phy_10g_rx_inst/eth_phy_10g_rx_if_inst/eth_phy_10g_rx_watchdog_inst/serdes_rx_reset_req_reg_reg/C
  -------------------------------------------------------------------    -------------------
    SLICE_X94Y184        FDCE (Prop_BFF_SLICEM_C_Q)
                                                      0.113   162.468 r  phy_inst/eth_phy_10g_rx_inst/eth_phy_10g_rx_if_inst/eth_phy_10g_rx_watchdog_inst/serdes_rx_reset_req_reg_reg/Q
                         net (fo=1, routed)           3.106   165.574    bit_sync_rx_reset_req_inst/i_in
    SLICE_X94Y184        FDRE                                         r  bit_sync_rx_reset_req_inst/i_in_meta_reg/D
  -------------------------------------------------------------------    -------------------

                         (clock clk_freerun rise edge)
                                                    160.000   160.000 r  
    D18                                               0.000   160.000 r  hb_gtwiz_reset_clk_freerun_p (IN)
                         net (fo=0)                   0.000   160.000    ibufds_clk_freerun_inst/I
    HPIOBDIFFINBUF_X0Y61 DIFFINBUF (Prop_DIFFINBUF_HPIOBDIFFINBUF_DIFF_IN_P_O)
                                                      0.309   160.309 r  ibufds_clk_freerun_inst/DIFFINBUF_INST/O
                         net (fo=1, routed)           0.051   160.360    ibufds_clk_freerun_inst/OUT
    D18                  IBUFCTRL (Prop_IBUFCTRL_HPIOB_I_O)
                                                      0.000   160.360 r  ibufds_clk_freerun_inst/IBUFCTRL_INST/O
                         net (fo=1, routed)           0.622   160.982    hb_gtwiz_reset_clk_freerun_ibuf
    BUFGCE_X0Y50         BUFGCE (Prop_BUFCE_BUFGCE_I_O)
                                                      0.075   161.057 r  bufg_clk_freerun_inst/O
    X2Y2 (CLOCK_ROOT)    net (fo=585, routed)         2.354   163.411    bit_sync_rx_reset_req_inst/clk_in
    SLICE_X94Y184        FDRE                                         r  bit_sync_rx_reset_req_inst/i_in_meta_reg/C
                         clock pessimism              0.000   163.411    
                         clock uncertainty           -0.035   163.375    
    SLICE_X94Y184        FDRE (Setup_HFF2_SLICEM_C_D)
                                                      0.060   163.435    bit_sync_rx_reset_req_inst/i_in_meta_reg
  -------------------------------------------------------------------
                         required time                        163.435    
                         arrival time                        -165.574    
  -------------------------------------------------------------------
                         slack                                 -2.139    

Slack (VIOLATED) :        -1.937ns  (required time - arrival time)
  Source:                 phy_inst/eth_phy_10g_rx_inst/eth_phy_10g_rx_if_inst/eth_phy_10g_rx_watchdog_inst/rx_status_reg_reg/C
                            (rising edge-triggered cell FDRE clocked by gtwiz_userclk_rx_usrclk2_int  {rise@0.000ns fall@3.200ns period=6.400ns})
  Destination:            bit_sync_rx_status_inst/i_in_meta_reg/D
                            (rising edge-triggered cell FDRE clocked by clk_freerun  {rise@0.000ns fall@5.000ns period=10.000ns})
  Path Group:             clk_freerun
  Path Type:              Setup (Max at Slow Process Corner)
  Requirement:            0.002ns  (clk_freerun rise@160.000ns - gtwiz_userclk_rx_usrclk2_int rise@159.998ns)
  Data Path Delay:        3.013ns  (logic 0.114ns (3.784%)  route 2.899ns (96.216%))
  Logic Levels:           0  
  Clock Path Skew:        1.050ns (DCD - SCD + CPR)
    Destination Clock Delay (DCD):    3.395ns = ( 163.395 - 160.000 ) 
    Source Clock Delay      (SCD):    2.345ns = ( 162.343 - 159.998 ) 
    Clock Pessimism Removal (CPR):    0.000ns
  Clock Uncertainty:      0.035ns  ((TSJ^2 + TIJ^2)^1/2 + DJ) / 2 + PE
    Total System Jitter     (TSJ):    0.071ns
    Total Input Jitter      (TIJ):    0.000ns
    Discrete Jitter          (DJ):    0.000ns
    Phase Error              (PE):    0.000ns
  Clock Net Delay (Source):      1.948ns (routing 0.316ns, distribution 1.632ns)
  Clock Net Delay (Destination): 2.338ns (routing 1.025ns, distribution 1.313ns)
  Clock Domain Crossing:  Inter clock paths are considered valid unless explicitly excluded by timing constraints such as set_clock_groups or set_false_path.

    Location             Delay type                Incr(ns)  Path(ns)    Netlist Resource(s)
  -------------------------------------------------------------------    -------------------
                         (clock gtwiz_userclk_rx_usrclk2_int rise edge)
                                                    159.998   159.998 r  
    GTHE3_CHANNEL_X0Y12  GTHE3_CHANNEL                0.000   159.998 r  example_wrapper_inst/eth_xcvr_gth_full_inst/inst/gen_gtwizard_gthe3_top.eth_xcvr_gth_full_gtwizard_gthe3_inst/gen_gtwizard_gthe3.gen_channel_container[0].gen_enabled_channel.gthe3_channel_wrapper_inst/channel_inst/gthe3_channel_gen.gen_gthe3_channel_inst[0].GTHE3_CHANNEL_PRIM_INST/RXOUTCLK
                         net (fo=3, routed)           0.082   160.080    example_wrapper_inst/eth_xcvr_gth_full_inst/inst/gen_gtwizard_gthe3_top.eth_xcvr_gth_full_gtwizard_gthe3_inst/gen_gtwizard_gthe3.gen_rx_user_clocking_internal.gen_single_instance.gtwiz_userclk_rx_inst/rxoutclk_out[0]
    BUFG_GT_X0Y86        BUFG_GT (Prop_BUFG_GT_I_O)
                                                      0.315   160.395 r  example_wrapper_inst/eth_xcvr_gth_full_inst/inst/gen_gtwizard_gthe3_top.eth_xcvr_gth_full_gtwizard_gthe3_inst/gen_gtwizard_gthe3.gen_rx_user_clocking_internal.gen_single_instance.gtwiz_userclk_rx_inst/gen_gtwiz_userclk_rx_main.bufg_gt_usrclk2_inst/O
    X3Y3 (CLOCK_ROOT)    net (fo=3729, routed)        1.948   162.343    phy_inst/eth_phy_10g_rx_inst/eth_phy_10g_rx_if_inst/eth_phy_10g_rx_watchdog_inst/rx_clk
    SLICE_X94Y171        FDRE                                         r  phy_inst/eth_phy_10g_rx_inst/eth_phy_10g_rx_if_inst/eth_phy_10g_rx_watchdog_inst/rx_status_reg_reg/C
  -------------------------------------------------------------------    -------------------
    SLICE_X94Y171        FDRE (Prop_HFF_SLICEM_C_Q)
                                                      0.114   162.457 r  phy_inst/eth_phy_10g_rx_inst/eth_phy_10g_rx_if_inst/eth_phy_10g_rx_watchdog_inst/rx_status_reg_reg/Q
                         net (fo=3, routed)           2.899   165.356    bit_sync_rx_status_inst/i_in
    SLICE_X94Y168        FDRE                                         r  bit_sync_rx_status_inst/i_in_meta_reg/D
  -------------------------------------------------------------------    -------------------

                         (clock clk_freerun rise edge)
                                                    160.000   160.000 r  
    D18                                               0.000   160.000 r  hb_gtwiz_reset_clk_freerun_p (IN)
                         net (fo=0)                   0.000   160.000    ibufds_clk_freerun_inst/I
    HPIOBDIFFINBUF_X0Y61 DIFFINBUF (Prop_DIFFINBUF_HPIOBDIFFINBUF_DIFF_IN_P_O)
                                                      0.309   160.309 r  ibufds_clk_freerun_inst/DIFFINBUF_INST/O
                         net (fo=1, routed)           0.051   160.360    ibufds_clk_freerun_inst/OUT
    D18                  IBUFCTRL (Prop_IBUFCTRL_HPIOB_I_O)
                                                      0.000   160.360 r  ibufds_clk_freerun_inst/IBUFCTRL_INST/O
                         net (fo=1, routed)           0.622   160.982    hb_gtwiz_reset_clk_freerun_ibuf
    BUFGCE_X0Y50         BUFGCE (Prop_BUFCE_BUFGCE_I_O)
                                                      0.075   161.057 r  bufg_clk_freerun_inst/O
    X2Y2 (CLOCK_ROOT)    net (fo=585, routed)         2.338   163.395    bit_sync_rx_status_inst/clk_in
    SLICE_X94Y168        FDRE                                         r  bit_sync_rx_status_inst/i_in_meta_reg/C
                         clock pessimism              0.000   163.395    
                         clock uncertainty           -0.035   163.359    
    SLICE_X94Y168        FDRE (Setup_HFF2_SLICEM_C_D)
                                                      0.060   163.419    bit_sync_rx_status_inst/i_in_meta_reg
  -------------------------------------------------------------------
                         required time                        163.419    
                         arrival time                        -165.356    
  -------------------------------------------------------------------
                         slack                                 -1.937    

Slack (VIOLATED) :        -1.900ns  (required time - arrival time)
  Source:                 phy_inst/eth_phy_10g_rx_inst/eth_phy_10g_rx_if_inst/eth_phy_10g_rx_watchdog_inst/rx_status_reg_reg/C
                            (rising edge-triggered cell FDRE clocked by gtwiz_userclk_rx_usrclk2_int  {rise@0.000ns fall@3.200ns period=6.400ns})
  Destination:            bs_rxstatus/i_in_meta_reg/D
                            (rising edge-triggered cell FDRE clocked by clk_freerun  {rise@0.000ns fall@5.000ns period=10.000ns})
  Path Group:             clk_freerun
  Path Type:              Setup (Max at Slow Process Corner)
  Requirement:            0.002ns  (clk_freerun rise@160.000ns - gtwiz_userclk_rx_usrclk2_int rise@159.998ns)
  Data Path Delay:        2.980ns  (logic 0.114ns (3.826%)  route 2.866ns (96.174%))
  Logic Levels:           0  
  Clock Path Skew:        1.051ns (DCD - SCD + CPR)
    Destination Clock Delay (DCD):    3.396ns = ( 163.396 - 160.000 ) 
    Source Clock Delay      (SCD):    2.345ns = ( 162.343 - 159.998 ) 
    Clock Pessimism Removal (CPR):    0.000ns
  Clock Uncertainty:      0.035ns  ((TSJ^2 + TIJ^2)^1/2 + DJ) / 2 + PE
    Total System Jitter     (TSJ):    0.071ns
    Total Input Jitter      (TIJ):    0.000ns
    Discrete Jitter          (DJ):    0.000ns
    Phase Error              (PE):    0.000ns
  Clock Net Delay (Source):      1.948ns (routing 0.316ns, distribution 1.632ns)
  Clock Net Delay (Destination): 2.339ns (routing 1.025ns, distribution 1.314ns)
  Clock Domain Crossing:  Inter clock paths are considered valid unless explicitly excluded by timing constraints such as set_clock_groups or set_false_path.

    Location             Delay type                Incr(ns)  Path(ns)    Netlist Resource(s)
  -------------------------------------------------------------------    -------------------
                         (clock gtwiz_userclk_rx_usrclk2_int rise edge)
                                                    159.998   159.998 r  
    GTHE3_CHANNEL_X0Y12  GTHE3_CHANNEL                0.000   159.998 r  example_wrapper_inst/eth_xcvr_gth_full_inst/inst/gen_gtwizard_gthe3_top.eth_xcvr_gth_full_gtwizard_gthe3_inst/gen_gtwizard_gthe3.gen_channel_container[0].gen_enabled_channel.gthe3_channel_wrapper_inst/channel_inst/gthe3_channel_gen.gen_gthe3_channel_inst[0].GTHE3_CHANNEL_PRIM_INST/RXOUTCLK
                         net (fo=3, routed)           0.082   160.080    example_wrapper_inst/eth_xcvr_gth_full_inst/inst/gen_gtwizard_gthe3_top.eth_xcvr_gth_full_gtwizard_gthe3_inst/gen_gtwizard_gthe3.gen_rx_user_clocking_internal.gen_single_instance.gtwiz_userclk_rx_inst/rxoutclk_out[0]
    BUFG_GT_X0Y86        BUFG_GT (Prop_BUFG_GT_I_O)
                                                      0.315   160.395 r  example_wrapper_inst/eth_xcvr_gth_full_inst/inst/gen_gtwizard_gthe3_top.eth_xcvr_gth_full_gtwizard_gthe3_inst/gen_gtwizard_gthe3.gen_rx_user_clocking_internal.gen_single_instance.gtwiz_userclk_rx_inst/gen_gtwiz_userclk_rx_main.bufg_gt_usrclk2_inst/O
    X3Y3 (CLOCK_ROOT)    net (fo=3729, routed)        1.948   162.343    phy_inst/eth_phy_10g_rx_inst/eth_phy_10g_rx_if_inst/eth_phy_10g_rx_watchdog_inst/rx_clk
    SLICE_X94Y171        FDRE                                         r  phy_inst/eth_phy_10g_rx_inst/eth_phy_10g_rx_if_inst/eth_phy_10g_rx_watchdog_inst/rx_status_reg_reg/C
  -------------------------------------------------------------------    -------------------
    SLICE_X94Y171        FDRE (Prop_HFF_SLICEM_C_Q)
                                                      0.114   162.457 r  phy_inst/eth_phy_10g_rx_inst/eth_phy_10g_rx_if_inst/eth_phy_10g_rx_watchdog_inst/rx_status_reg_reg/Q
                         net (fo=3, routed)           2.866   165.323    bs_rxstatus/i_in
    SLICE_X94Y169        FDRE                                         r  bs_rxstatus/i_in_meta_reg/D
  -------------------------------------------------------------------    -------------------

                         (clock clk_freerun rise edge)
                                                    160.000   160.000 r  
    D18                                               0.000   160.000 r  hb_gtwiz_reset_clk_freerun_p (IN)
                         net (fo=0)                   0.000   160.000    ibufds_clk_freerun_inst/I
    HPIOBDIFFINBUF_X0Y61 DIFFINBUF (Prop_DIFFINBUF_HPIOBDIFFINBUF_DIFF_IN_P_O)
                                                      0.309   160.309 r  ibufds_clk_freerun_inst/DIFFINBUF_INST/O
                         net (fo=1, routed)           0.051   160.360    ibufds_clk_freerun_inst/OUT
    D18                  IBUFCTRL (Prop_IBUFCTRL_HPIOB_I_O)
                                                      0.000   160.360 r  ibufds_clk_freerun_inst/IBUFCTRL_INST/O
                         net (fo=1, routed)           0.622   160.982    hb_gtwiz_reset_clk_freerun_ibuf
    BUFGCE_X0Y50         BUFGCE (Prop_BUFCE_BUFGCE_I_O)
                                                      0.075   161.057 r  bufg_clk_freerun_inst/O
    X2Y2 (CLOCK_ROOT)    net (fo=585, routed)         2.339   163.396    bs_rxstatus/clk_in
    SLICE_X94Y169        FDRE                                         r  bs_rxstatus/i_in_meta_reg/C
                         clock pessimism              0.000   163.396    
                         clock uncertainty           -0.035   163.360    
    SLICE_X94Y169        FDRE (Setup_DFF2_SLICEM_C_D)
                                                      0.063   163.423    bs_rxstatus/i_in_meta_reg
  -------------------------------------------------------------------
                         required time                        163.423    
                         arrival time                        -165.323    
  -------------------------------------------------------------------
                         slack                                 -1.900    

Slack (VIOLATED) :        -1.867ns  (required time - arrival time)
  Source:                 example_wrapper_inst/gtwiz_reset_inst/reset_synchronizer_rx_done_inst/rst_in_out_reg/C
                            (rising edge-triggered cell FDCE clocked by gtwiz_userclk_rx_usrclk2_int  {rise@0.000ns fall@3.200ns period=6.400ns})
  Destination:            bs_rx_done/i_in_meta_reg/D
                            (rising edge-triggered cell FDRE clocked by clk_freerun  {rise@0.000ns fall@5.000ns period=10.000ns})
  Path Group:             clk_freerun
  Path Type:              Setup (Max at Slow Process Corner)
  Requirement:            0.002ns  (clk_freerun rise@160.000ns - gtwiz_userclk_rx_usrclk2_int rise@159.998ns)
  Data Path Delay:        2.960ns  (logic 0.114ns (3.851%)  route 2.846ns (96.149%))
  Logic Levels:           0  
  Clock Path Skew:        1.064ns (DCD - SCD + CPR)
    Destination Clock Delay (DCD):    3.385ns = ( 163.385 - 160.000 ) 
    Source Clock Delay      (SCD):    2.321ns = ( 162.319 - 159.998 ) 
    Clock Pessimism Removal (CPR):    0.000ns
  Clock Uncertainty:      0.035ns  ((TSJ^2 + TIJ^2)^1/2 + DJ) / 2 + PE
    Total System Jitter     (TSJ):    0.071ns
    Total Input Jitter      (TIJ):    0.000ns
    Discrete Jitter          (DJ):    0.000ns
    Phase Error              (PE):    0.000ns
  Clock Net Delay (Source):      1.924ns (routing 0.316ns, distribution 1.608ns)
  Clock Net Delay (Destination): 2.328ns (routing 1.025ns, distribution 1.303ns)
  Clock Domain Crossing:  Inter clock paths are considered valid unless explicitly excluded by timing constraints such as set_clock_groups or set_false_path.

    Location             Delay type                Incr(ns)  Path(ns)    Netlist Resource(s)
  -------------------------------------------------------------------    -------------------
                         (clock gtwiz_userclk_rx_usrclk2_int rise edge)
                                                    159.998   159.998 r  
    GTHE3_CHANNEL_X0Y12  GTHE3_CHANNEL                0.000   159.998 r  example_wrapper_inst/eth_xcvr_gth_full_inst/inst/gen_gtwizard_gthe3_top.eth_xcvr_gth_full_gtwizard_gthe3_inst/gen_gtwizard_gthe3.gen_channel_container[0].gen_enabled_channel.gthe3_channel_wrapper_inst/channel_inst/gthe3_channel_gen.gen_gthe3_channel_inst[0].GTHE3_CHANNEL_PRIM_INST/RXOUTCLK
                         net (fo=3, routed)           0.082   160.080    example_wrapper_inst/eth_xcvr_gth_full_inst/inst/gen_gtwizard_gthe3_top.eth_xcvr_gth_full_gtwizard_gthe3_inst/gen_gtwizard_gthe3.gen_rx_user_clocking_internal.gen_single_instance.gtwiz_userclk_rx_inst/rxoutclk_out[0]
    BUFG_GT_X0Y86        BUFG_GT (Prop_BUFG_GT_I_O)
                                                      0.315   160.395 r  example_wrapper_inst/eth_xcvr_gth_full_inst/inst/gen_gtwizard_gthe3_top.eth_xcvr_gth_full_gtwizard_gthe3_inst/gen_gtwizard_gthe3.gen_rx_user_clocking_internal.gen_single_instance.gtwiz_userclk_rx_inst/gen_gtwiz_userclk_rx_main.bufg_gt_usrclk2_inst/O
    X3Y3 (CLOCK_ROOT)    net (fo=3729, routed)        1.924   162.319    example_wrapper_inst/gtwiz_reset_inst/reset_synchronizer_rx_done_inst/gtwiz_userclk_rx_usrclk2_out[0]
    SLICE_X94Y156        FDCE                                         r  example_wrapper_inst/gtwiz_reset_inst/reset_synchronizer_rx_done_inst/rst_in_out_reg/C
  -------------------------------------------------------------------    -------------------
    SLICE_X94Y156        FDCE (Prop_EFF_SLICEM_C_Q)
                                                      0.114   162.433 r  example_wrapper_inst/gtwiz_reset_inst/reset_synchronizer_rx_done_inst/rst_in_out_reg/Q
                         net (fo=6, routed)           2.846   165.279    bs_rx_done/i_in
    SLICE_X94Y155        FDRE                                         r  bs_rx_done/i_in_meta_reg/D
  -------------------------------------------------------------------    -------------------

                         (clock clk_freerun rise edge)
                                                    160.000   160.000 r  
    D18                                               0.000   160.000 r  hb_gtwiz_reset_clk_freerun_p (IN)
                         net (fo=0)                   0.000   160.000    ibufds_clk_freerun_inst/I
    HPIOBDIFFINBUF_X0Y61 DIFFINBUF (Prop_DIFFINBUF_HPIOBDIFFINBUF_DIFF_IN_P_O)
                                                      0.309   160.309 r  ibufds_clk_freerun_inst/DIFFINBUF_INST/O
                         net (fo=1, routed)           0.051   160.360    ibufds_clk_freerun_inst/OUT
    D18                  IBUFCTRL (Prop_IBUFCTRL_HPIOB_I_O)
                                                      0.000   160.360 r  ibufds_clk_freerun_inst/IBUFCTRL_INST/O
                         net (fo=1, routed)           0.622   160.982    hb_gtwiz_reset_clk_freerun_ibuf
    BUFGCE_X0Y50         BUFGCE (Prop_BUFCE_BUFGCE_I_O)
                                                      0.075   161.057 r  bufg_clk_freerun_inst/O
    X2Y2 (CLOCK_ROOT)    net (fo=585, routed)         2.328   163.385    bs_rx_done/clk_in
    SLICE_X94Y155        FDRE                                         r  bs_rx_done/i_in_meta_reg/C
                         clock pessimism              0.000   163.385    
                         clock uncertainty           -0.035   163.349    
    SLICE_X94Y155        FDRE (Setup_DFF2_SLICEM_C_D)
                                                      0.063   163.412    bs_rx_done/i_in_meta_reg
  -------------------------------------------------------------------
                         required time                        163.412    
                         arrival time                        -165.279    
  -------------------------------------------------------------------
                         slack                                 -1.867    





Min Delay Paths
--------------------------------------------------------------------------------------
Slack (MET) :             0.034ns  (arrival time - required time)
  Source:                 example_wrapper_inst/gtwiz_reset_inst/reset_synchronizer_rx_done_inst/rst_in_out_reg/C
                            (rising edge-triggered cell FDCE clocked by gtwiz_userclk_rx_usrclk2_int  {rise@0.000ns fall@3.200ns period=6.400ns})
  Destination:            bs_rx_done/i_in_meta_reg/D
                            (rising edge-triggered cell FDRE clocked by clk_freerun  {rise@0.000ns fall@5.000ns period=10.000ns})
  Path Group:             clk_freerun
  Path Type:              Hold (Min at Fast Process Corner)
  Requirement:            0.000ns  (clk_freerun rise@0.000ns - gtwiz_userclk_rx_usrclk2_int rise@0.000ns)
  Data Path Delay:        1.514ns  (logic 0.049ns (3.236%)  route 1.465ns (96.764%))
  Logic Levels:           0  
  Clock Path Skew:        1.389ns (DCD - SCD - CPR)
    Destination Clock Delay (DCD):    2.339ns
    Source Clock Delay      (SCD):    0.950ns
    Clock Pessimism Removal (CPR):    -0.000ns
  Clock Uncertainty:      0.035ns  ((TSJ^2 + TIJ^2)^1/2 + DJ) / 2 + PE
    Total System Jitter     (TSJ):    0.071ns
    Total Input Jitter      (TIJ):    0.000ns
    Discrete Jitter          (DJ):    0.000ns
    Phase Error              (PE):    0.000ns
  Clock Net Delay (Source):      0.832ns (routing 0.163ns, distribution 0.669ns)
  Clock Net Delay (Destination): 1.410ns (routing 0.619ns, distribution 0.791ns)
  Clock Domain Crossing:  Inter clock paths are considered valid unless explicitly excluded by timing constraints such as set_clock_groups or set_false_path.

    Location             Delay type                Incr(ns)  Path(ns)    Netlist Resource(s)
  -------------------------------------------------------------------    -------------------
                         (clock gtwiz_userclk_rx_usrclk2_int rise edge)
                                                      0.000     0.000 r  
    GTHE3_CHANNEL_X0Y12  GTHE3_CHANNEL                0.000     0.000 r  example_wrapper_inst/eth_xcvr_gth_full_inst/inst/gen_gtwizard_gthe3_top.eth_xcvr_gth_full_gtwizard_gthe3_inst/gen_gtwizard_gthe3.gen_channel_container[0].gen_enabled_channel.gthe3_channel_wrapper_inst/channel_inst/gthe3_channel_gen.gen_gthe3_channel_inst[0].GTHE3_CHANNEL_PRIM_INST/RXOUTCLK
                         net (fo=3, routed)           0.018     0.018    example_wrapper_inst/eth_xcvr_gth_full_inst/inst/gen_gtwizard_gthe3_top.eth_xcvr_gth_full_gtwizard_gthe3_inst/gen_gtwizard_gthe3.gen_rx_user_clocking_internal.gen_single_instance.gtwiz_userclk_rx_inst/rxoutclk_out[0]
    BUFG_GT_X0Y86        BUFG_GT (Prop_BUFG_GT_I_O)
                                                      0.100     0.118 r  example_wrapper_inst/eth_xcvr_gth_full_inst/inst/gen_gtwizard_gthe3_top.eth_xcvr_gth_full_gtwizard_gthe3_inst/gen_gtwizard_gthe3.gen_rx_user_clocking_internal.gen_single_instance.gtwiz_userclk_rx_inst/gen_gtwiz_userclk_rx_main.bufg_gt_usrclk2_inst/O
    X3Y3 (CLOCK_ROOT)    net (fo=3729, routed)        0.832     0.950    example_wrapper_inst/gtwiz_reset_inst/reset_synchronizer_rx_done_inst/gtwiz_userclk_rx_usrclk2_out[0]
    SLICE_X94Y156        FDCE                                         r  example_wrapper_inst/gtwiz_reset_inst/reset_synchronizer_rx_done_inst/rst_in_out_reg/C
  -------------------------------------------------------------------    -------------------
    SLICE_X94Y156        FDCE (Prop_EFF_SLICEM_C_Q)
                                                      0.049     0.999 r  example_wrapper_inst/gtwiz_reset_inst/reset_synchronizer_rx_done_inst/rst_in_out_reg/Q
                         net (fo=6, routed)           1.465     2.464    bs_rx_done/i_in
    SLICE_X94Y155        FDRE                                         r  bs_rx_done/i_in_meta_reg/D
  -------------------------------------------------------------------    -------------------

                         (clock clk_freerun rise edge)
                                                      0.000     0.000 r  
    D18                                               0.000     0.000 r  hb_gtwiz_reset_clk_freerun_p (IN)
                         net (fo=0)                   0.000     0.000    ibufds_clk_freerun_inst/I
    HPIOBDIFFINBUF_X0Y61 DIFFINBUF (Prop_DIFFINBUF_HPIOBDIFFINBUF_DIFF_IN_P_O)
                                                      0.442     0.442 r  ibufds_clk_freerun_inst/DIFFINBUF_INST/O
                         net (fo=1, routed)           0.048     0.490    ibufds_clk_freerun_inst/OUT
    D18                  IBUFCTRL (Prop_IBUFCTRL_HPIOB_I_O)
                                                      0.000     0.490 r  ibufds_clk_freerun_inst/IBUFCTRL_INST/O
                         net (fo=1, routed)           0.408     0.898    hb_gtwiz_reset_clk_freerun_ibuf
    BUFGCE_X0Y50         BUFGCE (Prop_BUFCE_BUFGCE_I_O)
                                                      0.031     0.929 r  bufg_clk_freerun_inst/O
    X2Y2 (CLOCK_ROOT)    net (fo=585, routed)         1.410     2.339    bs_rx_done/clk_in
    SLICE_X94Y155        FDRE                                         r  bs_rx_done/i_in_meta_reg/C
                         clock pessimism              0.000     2.339    
                         clock uncertainty            0.035     2.374    
    SLICE_X94Y155        FDRE (Hold_DFF2_SLICEM_C_D)
                                                      0.056     2.430    bs_rx_done/i_in_meta_reg
  -------------------------------------------------------------------
                         required time                         -2.430    
                         arrival time                           2.464    
  -------------------------------------------------------------------
                         slack                                  0.034    

Slack (MET) :             0.050ns  (arrival time - required time)
  Source:                 phy_inst/eth_phy_10g_rx_inst/eth_phy_10g_rx_if_inst/eth_phy_10g_rx_watchdog_inst/rx_status_reg_reg/C
                            (rising edge-triggered cell FDRE clocked by gtwiz_userclk_rx_usrclk2_int  {rise@0.000ns fall@3.200ns period=6.400ns})
  Destination:            bs_rxstatus/i_in_meta_reg/D
                            (rising edge-triggered cell FDRE clocked by clk_freerun  {rise@0.000ns fall@5.000ns period=10.000ns})
  Path Group:             clk_freerun
  Path Type:              Hold (Min at Fast Process Corner)
  Requirement:            0.000ns  (clk_freerun rise@0.000ns - gtwiz_userclk_rx_usrclk2_int rise@0.000ns)
  Data Path Delay:        1.527ns  (logic 0.048ns (3.143%)  route 1.479ns (96.857%))
  Logic Levels:           0  
  Clock Path Skew:        1.386ns (DCD - SCD - CPR)
    Destination Clock Delay (DCD):    2.350ns
    Source Clock Delay      (SCD):    0.964ns
    Clock Pessimism Removal (CPR):    -0.000ns
  Clock Uncertainty:      0.035ns  ((TSJ^2 + TIJ^2)^1/2 + DJ) / 2 + PE
    Total System Jitter     (TSJ):    0.071ns
    Total Input Jitter      (TIJ):    0.000ns
    Discrete Jitter          (DJ):    0.000ns
    Phase Error              (PE):    0.000ns
  Clock Net Delay (Source):      0.846ns (routing 0.163ns, distribution 0.683ns)
  Clock Net Delay (Destination): 1.421ns (routing 0.619ns, distribution 0.802ns)
  Clock Domain Crossing:  Inter clock paths are considered valid unless explicitly excluded by timing constraints such as set_clock_groups or set_false_path.

    Location             Delay type                Incr(ns)  Path(ns)    Netlist Resource(s)
  -------------------------------------------------------------------    -------------------
                         (clock gtwiz_userclk_rx_usrclk2_int rise edge)
                                                      0.000     0.000 r  
    GTHE3_CHANNEL_X0Y12  GTHE3_CHANNEL                0.000     0.000 r  example_wrapper_inst/eth_xcvr_gth_full_inst/inst/gen_gtwizard_gthe3_top.eth_xcvr_gth_full_gtwizard_gthe3_inst/gen_gtwizard_gthe3.gen_channel_container[0].gen_enabled_channel.gthe3_channel_wrapper_inst/channel_inst/gthe3_channel_gen.gen_gthe3_channel_inst[0].GTHE3_CHANNEL_PRIM_INST/RXOUTCLK
                         net (fo=3, routed)           0.018     0.018    example_wrapper_inst/eth_xcvr_gth_full_inst/inst/gen_gtwizard_gthe3_top.eth_xcvr_gth_full_gtwizard_gthe3_inst/gen_gtwizard_gthe3.gen_rx_user_clocking_internal.gen_single_instance.gtwiz_userclk_rx_inst/rxoutclk_out[0]
    BUFG_GT_X0Y86        BUFG_GT (Prop_BUFG_GT_I_O)
                                                      0.100     0.118 r  example_wrapper_inst/eth_xcvr_gth_full_inst/inst/gen_gtwizard_gthe3_top.eth_xcvr_gth_full_gtwizard_gthe3_inst/gen_gtwizard_gthe3.gen_rx_user_clocking_internal.gen_single_instance.gtwiz_userclk_rx_inst/gen_gtwiz_userclk_rx_main.bufg_gt_usrclk2_inst/O
    X3Y3 (CLOCK_ROOT)    net (fo=3729, routed)        0.846     0.964    phy_inst/eth_phy_10g_rx_inst/eth_phy_10g_rx_if_inst/eth_phy_10g_rx_watchdog_inst/rx_clk
    SLICE_X94Y171        FDRE                                         r  phy_inst/eth_phy_10g_rx_inst/eth_phy_10g_rx_if_inst/eth_phy_10g_rx_watchdog_inst/rx_status_reg_reg/C
  -------------------------------------------------------------------    -------------------
    SLICE_X94Y171        FDRE (Prop_HFF_SLICEM_C_Q)
                                                      0.048     1.012 r  phy_inst/eth_phy_10g_rx_inst/eth_phy_10g_rx_if_inst/eth_phy_10g_rx_watchdog_inst/rx_status_reg_reg/Q
                         net (fo=3, routed)           1.479     2.491    bs_rxstatus/i_in
    SLICE_X94Y169        FDRE                                         r  bs_rxstatus/i_in_meta_reg/D
  -------------------------------------------------------------------    -------------------

                         (clock clk_freerun rise edge)
                                                      0.000     0.000 r  
    D18                                               0.000     0.000 r  hb_gtwiz_reset_clk_freerun_p (IN)
                         net (fo=0)                   0.000     0.000    ibufds_clk_freerun_inst/I
    HPIOBDIFFINBUF_X0Y61 DIFFINBUF (Prop_DIFFINBUF_HPIOBDIFFINBUF_DIFF_IN_P_O)
                                                      0.442     0.442 r  ibufds_clk_freerun_inst/DIFFINBUF_INST/O
                         net (fo=1, routed)           0.048     0.490    ibufds_clk_freerun_inst/OUT
    D18                  IBUFCTRL (Prop_IBUFCTRL_HPIOB_I_O)
                                                      0.000     0.490 r  ibufds_clk_freerun_inst/IBUFCTRL_INST/O
                         net (fo=1, routed)           0.408     0.898    hb_gtwiz_reset_clk_freerun_ibuf
    BUFGCE_X0Y50         BUFGCE (Prop_BUFCE_BUFGCE_I_O)
                                                      0.031     0.929 r  bufg_clk_freerun_inst/O
    X2Y2 (CLOCK_ROOT)    net (fo=585, routed)         1.421     2.350    bs_rxstatus/clk_in
    SLICE_X94Y169        FDRE                                         r  bs_rxstatus/i_in_meta_reg/C
                         clock pessimism              0.000     2.350    
                         clock uncertainty            0.035     2.385    
    SLICE_X94Y169        FDRE (Hold_DFF2_SLICEM_C_D)
                                                      0.056     2.441    bs_rxstatus/i_in_meta_reg
  -------------------------------------------------------------------
                         required time                         -2.441    
                         arrival time                           2.491    
  -------------------------------------------------------------------
                         slack                                  0.050    

Slack (MET) :             0.066ns  (arrival time - required time)
  Source:                 phy_inst/eth_phy_10g_rx_inst/eth_phy_10g_rx_if_inst/eth_phy_10g_rx_watchdog_inst/rx_status_reg_reg/C
                            (rising edge-triggered cell FDRE clocked by gtwiz_userclk_rx_usrclk2_int  {rise@0.000ns fall@3.200ns period=6.400ns})
  Destination:            bit_sync_rx_status_inst/i_in_meta_reg/D
                            (rising edge-triggered cell FDRE clocked by clk_freerun  {rise@0.000ns fall@5.000ns period=10.000ns})
  Path Group:             clk_freerun
  Path Type:              Hold (Min at Fast Process Corner)
  Requirement:            0.000ns  (clk_freerun rise@0.000ns - gtwiz_userclk_rx_usrclk2_int rise@0.000ns)
  Data Path Delay:        1.541ns  (logic 0.048ns (3.115%)  route 1.493ns (96.885%))
  Logic Levels:           0  
  Clock Path Skew:        1.384ns (DCD - SCD - CPR)
    Destination Clock Delay (DCD):    2.348ns
    Source Clock Delay      (SCD):    0.964ns
    Clock Pessimism Removal (CPR):    -0.000ns
  Clock Uncertainty:      0.035ns  ((TSJ^2 + TIJ^2)^1/2 + DJ) / 2 + PE
    Total System Jitter     (TSJ):    0.071ns
    Total Input Jitter      (TIJ):    0.000ns
    Discrete Jitter          (DJ):    0.000ns
    Phase Error              (PE):    0.000ns
  Clock Net Delay (Source):      0.846ns (routing 0.163ns, distribution 0.683ns)
  Clock Net Delay (Destination): 1.419ns (routing 0.619ns, distribution 0.800ns)
  Clock Domain Crossing:  Inter clock paths are considered valid unless explicitly excluded by timing constraints such as set_clock_groups or set_false_path.

    Location             Delay type                Incr(ns)  Path(ns)    Netlist Resource(s)
  -------------------------------------------------------------------    -------------------
                         (clock gtwiz_userclk_rx_usrclk2_int rise edge)
                                                      0.000     0.000 r  
    GTHE3_CHANNEL_X0Y12  GTHE3_CHANNEL                0.000     0.000 r  example_wrapper_inst/eth_xcvr_gth_full_inst/inst/gen_gtwizard_gthe3_top.eth_xcvr_gth_full_gtwizard_gthe3_inst/gen_gtwizard_gthe3.gen_channel_container[0].gen_enabled_channel.gthe3_channel_wrapper_inst/channel_inst/gthe3_channel_gen.gen_gthe3_channel_inst[0].GTHE3_CHANNEL_PRIM_INST/RXOUTCLK
                         net (fo=3, routed)           0.018     0.018    example_wrapper_inst/eth_xcvr_gth_full_inst/inst/gen_gtwizard_gthe3_top.eth_xcvr_gth_full_gtwizard_gthe3_inst/gen_gtwizard_gthe3.gen_rx_user_clocking_internal.gen_single_instance.gtwiz_userclk_rx_inst/rxoutclk_out[0]
    BUFG_GT_X0Y86        BUFG_GT (Prop_BUFG_GT_I_O)
                                                      0.100     0.118 r  example_wrapper_inst/eth_xcvr_gth_full_inst/inst/gen_gtwizard_gthe3_top.eth_xcvr_gth_full_gtwizard_gthe3_inst/gen_gtwizard_gthe3.gen_rx_user_clocking_internal.gen_single_instance.gtwiz_userclk_rx_inst/gen_gtwiz_userclk_rx_main.bufg_gt_usrclk2_inst/O
    X3Y3 (CLOCK_ROOT)    net (fo=3729, routed)        0.846     0.964    phy_inst/eth_phy_10g_rx_inst/eth_phy_10g_rx_if_inst/eth_phy_10g_rx_watchdog_inst/rx_clk
    SLICE_X94Y171        FDRE                                         r  phy_inst/eth_phy_10g_rx_inst/eth_phy_10g_rx_if_inst/eth_phy_10g_rx_watchdog_inst/rx_status_reg_reg/C
  -------------------------------------------------------------------    -------------------
    SLICE_X94Y171        FDRE (Prop_HFF_SLICEM_C_Q)
                                                      0.048     1.012 r  phy_inst/eth_phy_10g_rx_inst/eth_phy_10g_rx_if_inst/eth_phy_10g_rx_watchdog_inst/rx_status_reg_reg/Q
                         net (fo=3, routed)           1.493     2.505    bit_sync_rx_status_inst/i_in
    SLICE_X94Y168        FDRE                                         r  bit_sync_rx_status_inst/i_in_meta_reg/D
  -------------------------------------------------------------------    -------------------

                         (clock clk_freerun rise edge)
                                                      0.000     0.000 r  
    D18                                               0.000     0.000 r  hb_gtwiz_reset_clk_freerun_p (IN)
                         net (fo=0)                   0.000     0.000    ibufds_clk_freerun_inst/I
    HPIOBDIFFINBUF_X0Y61 DIFFINBUF (Prop_DIFFINBUF_HPIOBDIFFINBUF_DIFF_IN_P_O)
                                                      0.442     0.442 r  ibufds_clk_freerun_inst/DIFFINBUF_INST/O
                         net (fo=1, routed)           0.048     0.490    ibufds_clk_freerun_inst/OUT
    D18                  IBUFCTRL (Prop_IBUFCTRL_HPIOB_I_O)
                                                      0.000     0.490 r  ibufds_clk_freerun_inst/IBUFCTRL_INST/O
                         net (fo=1, routed)           0.408     0.898    hb_gtwiz_reset_clk_freerun_ibuf
    BUFGCE_X0Y50         BUFGCE (Prop_BUFCE_BUFGCE_I_O)
                                                      0.031     0.929 r  bufg_clk_freerun_inst/O
    X2Y2 (CLOCK_ROOT)    net (fo=585, routed)         1.419     2.348    bit_sync_rx_status_inst/clk_in
    SLICE_X94Y168        FDRE                                         r  bit_sync_rx_status_inst/i_in_meta_reg/C
                         clock pessimism              0.000     2.348    
                         clock uncertainty            0.035     2.383    
    SLICE_X94Y168        FDRE (Hold_HFF2_SLICEM_C_D)
                                                      0.056     2.439    bit_sync_rx_status_inst/i_in_meta_reg
  -------------------------------------------------------------------
                         required time                         -2.439    
                         arrival time                           2.505    
  -------------------------------------------------------------------
                         slack                                  0.066    

Slack (MET) :             0.107ns  (arrival time - required time)
  Source:                 phy_inst/eth_phy_10g_rx_inst/eth_phy_10g_rx_if_inst/eth_phy_10g_rx_frame_sync_inst/rx_block_lock_reg_reg/C
                            (rising edge-triggered cell FDRE clocked by gtwiz_userclk_rx_usrclk2_int  {rise@0.000ns fall@3.200ns period=6.400ns})
  Destination:            bs_blocklock/i_in_meta_reg/D
                            (rising edge-triggered cell FDRE clocked by clk_freerun  {rise@0.000ns fall@5.000ns period=10.000ns})
  Path Group:             clk_freerun
  Path Type:              Hold (Min at Fast Process Corner)
  Requirement:            0.000ns  (clk_freerun rise@0.000ns - gtwiz_userclk_rx_usrclk2_int rise@0.000ns)
  Data Path Delay:        1.615ns  (logic 0.048ns (2.972%)  route 1.567ns (97.028%))
  Logic Levels:           0  
  Clock Path Skew:        1.417ns (DCD - SCD - CPR)
    Destination Clock Delay (DCD):    2.365ns
    Source Clock Delay      (SCD):    0.948ns
    Clock Pessimism Removal (CPR):    -0.000ns
  Clock Uncertainty:      0.035ns  ((TSJ^2 + TIJ^2)^1/2 + DJ) / 2 + PE
    Total System Jitter     (TSJ):    0.071ns
    Total Input Jitter      (TIJ):    0.000ns
    Discrete Jitter          (DJ):    0.000ns
    Phase Error              (PE):    0.000ns
  Clock Net Delay (Source):      0.830ns (routing 0.163ns, distribution 0.667ns)
  Clock Net Delay (Destination): 1.436ns (routing 0.619ns, distribution 0.817ns)
  Clock Domain Crossing:  Inter clock paths are considered valid unless explicitly excluded by timing constraints such as set_clock_groups or set_false_path.

    Location             Delay type                Incr(ns)  Path(ns)    Netlist Resource(s)
  -------------------------------------------------------------------    -------------------
                         (clock gtwiz_userclk_rx_usrclk2_int rise edge)
                                                      0.000     0.000 r  
    GTHE3_CHANNEL_X0Y12  GTHE3_CHANNEL                0.000     0.000 r  example_wrapper_inst/eth_xcvr_gth_full_inst/inst/gen_gtwizard_gthe3_top.eth_xcvr_gth_full_gtwizard_gthe3_inst/gen_gtwizard_gthe3.gen_channel_container[0].gen_enabled_channel.gthe3_channel_wrapper_inst/channel_inst/gthe3_channel_gen.gen_gthe3_channel_inst[0].GTHE3_CHANNEL_PRIM_INST/RXOUTCLK
                         net (fo=3, routed)           0.018     0.018    example_wrapper_inst/eth_xcvr_gth_full_inst/inst/gen_gtwizard_gthe3_top.eth_xcvr_gth_full_gtwizard_gthe3_inst/gen_gtwizard_gthe3.gen_rx_user_clocking_internal.gen_single_instance.gtwiz_userclk_rx_inst/rxoutclk_out[0]
    BUFG_GT_X0Y86        BUFG_GT (Prop_BUFG_GT_I_O)
                                                      0.100     0.118 r  example_wrapper_inst/eth_xcvr_gth_full_inst/inst/gen_gtwizard_gthe3_top.eth_xcvr_gth_full_gtwizard_gthe3_inst/gen_gtwizard_gthe3.gen_rx_user_clocking_internal.gen_single_instance.gtwiz_userclk_rx_inst/gen_gtwiz_userclk_rx_main.bufg_gt_usrclk2_inst/O
    X3Y3 (CLOCK_ROOT)    net (fo=3729, routed)        0.830     0.948    phy_inst/eth_phy_10g_rx_inst/eth_phy_10g_rx_if_inst/eth_phy_10g_rx_frame_sync_inst/rx_clk
    SLICE_X97Y184        FDRE                                         r  phy_inst/eth_phy_10g_rx_inst/eth_phy_10g_rx_if_inst/eth_phy_10g_rx_frame_sync_inst/rx_block_lock_reg_reg/C
  -------------------------------------------------------------------    -------------------
    SLICE_X97Y184        FDRE (Prop_HFF_SLICEL_C_Q)
                                                      0.048     0.996 r  phy_inst/eth_phy_10g_rx_inst/eth_phy_10g_rx_if_inst/eth_phy_10g_rx_frame_sync_inst/rx_block_lock_reg_reg/Q
                         net (fo=9, routed)           1.567     2.563    bs_blocklock/i_in
    SLICE_X97Y186        FDRE                                         r  bs_blocklock/i_in_meta_reg/D
  -------------------------------------------------------------------    -------------------

                         (clock clk_freerun rise edge)
                                                      0.000     0.000 r  
    D18                                               0.000     0.000 r  hb_gtwiz_reset_clk_freerun_p (IN)
                         net (fo=0)                   0.000     0.000    ibufds_clk_freerun_inst/I
    HPIOBDIFFINBUF_X0Y61 DIFFINBUF (Prop_DIFFINBUF_HPIOBDIFFINBUF_DIFF_IN_P_O)
                                                      0.442     0.442 r  ibufds_clk_freerun_inst/DIFFINBUF_INST/O
                         net (fo=1, routed)           0.048     0.490    ibufds_clk_freerun_inst/OUT
    D18                  IBUFCTRL (Prop_IBUFCTRL_HPIOB_I_O)
                                                      0.000     0.490 r  ibufds_clk_freerun_inst/IBUFCTRL_INST/O
                         net (fo=1, routed)           0.408     0.898    hb_gtwiz_reset_clk_freerun_ibuf
    BUFGCE_X0Y50         BUFGCE (Prop_BUFCE_BUFGCE_I_O)
                                                      0.031     0.929 r  bufg_clk_freerun_inst/O
    X2Y2 (CLOCK_ROOT)    net (fo=585, routed)         1.436     2.365    bs_blocklock/clk_in
    SLICE_X97Y186        FDRE                                         r  bs_blocklock/i_in_meta_reg/C
                         clock pessimism              0.000     2.365    
                         clock uncertainty            0.035     2.400    
    SLICE_X97Y186        FDRE (Hold_DFF_SLICEL_C_D)
                                                      0.056     2.456    bs_blocklock/i_in_meta_reg
  -------------------------------------------------------------------
                         required time                         -2.456    
                         arrival time                           2.563    
  -------------------------------------------------------------------
                         slack                                  0.107    

Slack (MET) :             0.129ns  (arrival time - required time)
  Source:                 phy_inst/eth_phy_10g_rx_inst/eth_phy_10g_rx_if_inst/eth_phy_10g_rx_watchdog_inst/serdes_rx_reset_req_reg_reg/C
                            (rising edge-triggered cell FDCE clocked by gtwiz_userclk_rx_usrclk2_int  {rise@0.000ns fall@3.200ns period=6.400ns})
  Destination:            bit_sync_rx_reset_req_inst/i_in_meta_reg/D
                            (rising edge-triggered cell FDRE clocked by clk_freerun  {rise@0.000ns fall@5.000ns period=10.000ns})
  Path Group:             clk_freerun
  Path Type:              Hold (Min at Fast Process Corner)
  Requirement:            0.000ns  (clk_freerun rise@0.000ns - gtwiz_userclk_rx_usrclk2_int rise@0.000ns)
  Data Path Delay:        1.637ns  (logic 0.049ns (2.993%)  route 1.588ns (97.007%))
  Logic Levels:           0  
  Clock Path Skew:        1.417ns (DCD - SCD - CPR)
    Destination Clock Delay (DCD):    2.363ns
    Source Clock Delay      (SCD):    0.946ns
    Clock Pessimism Removal (CPR):    -0.000ns
  Clock Uncertainty:      0.035ns  ((TSJ^2 + TIJ^2)^1/2 + DJ) / 2 + PE
    Total System Jitter     (TSJ):    0.071ns
    Total Input Jitter      (TIJ):    0.000ns
    Discrete Jitter          (DJ):    0.000ns
    Phase Error              (PE):    0.000ns
  Clock Net Delay (Source):      0.828ns (routing 0.163ns, distribution 0.665ns)
  Clock Net Delay (Destination): 1.434ns (routing 0.619ns, distribution 0.815ns)
  Clock Domain Crossing:  Inter clock paths are considered valid unless explicitly excluded by timing constraints such as set_clock_groups or set_false_path.

    Location             Delay type                Incr(ns)  Path(ns)    Netlist Resource(s)
  -------------------------------------------------------------------    -------------------
                         (clock gtwiz_userclk_rx_usrclk2_int rise edge)
                                                      0.000     0.000 r  
    GTHE3_CHANNEL_X0Y12  GTHE3_CHANNEL                0.000     0.000 r  example_wrapper_inst/eth_xcvr_gth_full_inst/inst/gen_gtwizard_gthe3_top.eth_xcvr_gth_full_gtwizard_gthe3_inst/gen_gtwizard_gthe3.gen_channel_container[0].gen_enabled_channel.gthe3_channel_wrapper_inst/channel_inst/gthe3_channel_gen.gen_gthe3_channel_inst[0].GTHE3_CHANNEL_PRIM_INST/RXOUTCLK
                         net (fo=3, routed)           0.018     0.018    example_wrapper_inst/eth_xcvr_gth_full_inst/inst/gen_gtwizard_gthe3_top.eth_xcvr_gth_full_gtwizard_gthe3_inst/gen_gtwizard_gthe3.gen_rx_user_clocking_internal.gen_single_instance.gtwiz_userclk_rx_inst/rxoutclk_out[0]
    BUFG_GT_X0Y86        BUFG_GT (Prop_BUFG_GT_I_O)
                                                      0.100     0.118 r  example_wrapper_inst/eth_xcvr_gth_full_inst/inst/gen_gtwizard_gthe3_top.eth_xcvr_gth_full_gtwizard_gthe3_inst/gen_gtwizard_gthe3.gen_rx_user_clocking_internal.gen_single_instance.gtwiz_userclk_rx_inst/gen_gtwiz_userclk_rx_main.bufg_gt_usrclk2_inst/O
    X3Y3 (CLOCK_ROOT)    net (fo=3729, routed)        0.828     0.946    phy_inst/eth_phy_10g_rx_inst/eth_phy_10g_rx_if_inst/eth_phy_10g_rx_watchdog_inst/rx_clk
    SLICE_X94Y184        FDCE                                         r  phy_inst/eth_phy_10g_rx_inst/eth_phy_10g_rx_if_inst/eth_phy_10g_rx_watchdog_inst/serdes_rx_reset_req_reg_reg/C
  -------------------------------------------------------------------    -------------------
    SLICE_X94Y184        FDCE (Prop_BFF_SLICEM_C_Q)
                                                      0.049     0.995 r  phy_inst/eth_phy_10g_rx_inst/eth_phy_10g_rx_if_inst/eth_phy_10g_rx_watchdog_inst/serdes_rx_reset_req_reg_reg/Q
                         net (fo=1, routed)           1.588     2.583    bit_sync_rx_reset_req_inst/i_in
    SLICE_X94Y184        FDRE                                         r  bit_sync_rx_reset_req_inst/i_in_meta_reg/D
  -------------------------------------------------------------------    -------------------

                         (clock clk_freerun rise edge)
                                                      0.000     0.000 r  
    D18                                               0.000     0.000 r  hb_gtwiz_reset_clk_freerun_p (IN)
                         net (fo=0)                   0.000     0.000    ibufds_clk_freerun_inst/I
    HPIOBDIFFINBUF_X0Y61 DIFFINBUF (Prop_DIFFINBUF_HPIOBDIFFINBUF_DIFF_IN_P_O)
                                                      0.442     0.442 r  ibufds_clk_freerun_inst/DIFFINBUF_INST/O
                         net (fo=1, routed)           0.048     0.490    ibufds_clk_freerun_inst/OUT
    D18                  IBUFCTRL (Prop_IBUFCTRL_HPIOB_I_O)
                                                      0.000     0.490 r  ibufds_clk_freerun_inst/IBUFCTRL_INST/O
                         net (fo=1, routed)           0.408     0.898    hb_gtwiz_reset_clk_freerun_ibuf
    BUFGCE_X0Y50         BUFGCE (Prop_BUFCE_BUFGCE_I_O)
                                                      0.031     0.929 r  bufg_clk_freerun_inst/O
    X2Y2 (CLOCK_ROOT)    net (fo=585, routed)         1.434     2.363    bit_sync_rx_reset_req_inst/clk_in
    SLICE_X94Y184        FDRE                                         r  bit_sync_rx_reset_req_inst/i_in_meta_reg/C
                         clock pessimism              0.000     2.363    
                         clock uncertainty            0.035     2.398    
    SLICE_X94Y184        FDRE (Hold_HFF2_SLICEM_C_D)
                                                      0.056     2.454    bit_sync_rx_reset_req_inst/i_in_meta_reg
  -------------------------------------------------------------------
                         required time                         -2.454    
                         arrival time                           2.583    
  -------------------------------------------------------------------
                         slack                                  0.129    





---------------------------------------------------------------------------------------------------
From Clock:  gtwiz_userclk_tx_usrclk2_int
  To Clock:  clk_freerun

Setup :            1  Failing Endpoint ,  Worst Slack       -1.950ns,  Total Violation       -1.950ns
Hold  :            0  Failing Endpoints,  Worst Slack        0.112ns,  Total Violation        0.000ns
---------------------------------------------------------------------------------------------------


Max Delay Paths
--------------------------------------------------------------------------------------
Slack (VIOLATED) :        -1.950ns  (required time - arrival time)
  Source:                 example_wrapper_inst/gtwiz_reset_inst/reset_synchronizer_tx_done_inst/rst_in_out_reg/C
                            (rising edge-triggered cell FDCE clocked by gtwiz_userclk_tx_usrclk2_int  {rise@0.000ns fall@3.200ns period=6.400ns})
  Destination:            bs_tx_done/i_in_meta_reg/D
                            (rising edge-triggered cell FDRE clocked by clk_freerun  {rise@0.000ns fall@5.000ns period=10.000ns})
  Path Group:             clk_freerun
  Path Type:              Setup (Max at Slow Process Corner)
  Requirement:            0.002ns  (clk_freerun rise@160.000ns - gtwiz_userclk_tx_usrclk2_int rise@159.998ns)
  Data Path Delay:        3.244ns  (logic 0.114ns (3.514%)  route 3.130ns (96.486%))
  Logic Levels:           0  
  Clock Path Skew:        1.268ns (DCD - SCD + CPR)
    Destination Clock Delay (DCD):    3.378ns = ( 163.378 - 160.000 ) 
    Source Clock Delay      (SCD):    2.110ns = ( 162.108 - 159.998 ) 
    Clock Pessimism Removal (CPR):    0.000ns
  Clock Uncertainty:      0.035ns  ((TSJ^2 + TIJ^2)^1/2 + DJ) / 2 + PE
    Total System Jitter     (TSJ):    0.071ns
    Total Input Jitter      (TIJ):    0.000ns
    Discrete Jitter          (DJ):    0.000ns
    Phase Error              (PE):    0.000ns
  Clock Net Delay (Source):      1.713ns (routing 0.311ns, distribution 1.402ns)
  Clock Net Delay (Destination): 2.321ns (routing 1.025ns, distribution 1.296ns)
  Clock Domain Crossing:  Inter clock paths are considered valid unless explicitly excluded by timing constraints such as set_clock_groups or set_false_path.

    Location             Delay type                Incr(ns)  Path(ns)    Netlist Resource(s)
  -------------------------------------------------------------------    -------------------
                         (clock gtwiz_userclk_tx_usrclk2_int rise edge)
                                                    159.998   159.998 r  
    GTHE3_CHANNEL_X0Y12  GTHE3_CHANNEL                0.000   159.998 r  example_wrapper_inst/eth_xcvr_gth_full_inst/inst/gen_gtwizard_gthe3_top.eth_xcvr_gth_full_gtwizard_gthe3_inst/gen_gtwizard_gthe3.gen_channel_container[0].gen_enabled_channel.gthe3_channel_wrapper_inst/channel_inst/gthe3_channel_gen.gen_gthe3_channel_inst[0].GTHE3_CHANNEL_PRIM_INST/TXOUTCLK
                         net (fo=3, routed)           0.082   160.080    example_wrapper_inst/eth_xcvr_gth_full_inst/inst/gen_gtwizard_gthe3_top.eth_xcvr_gth_full_gtwizard_gthe3_inst/gen_gtwizard_gthe3.gen_tx_user_clocking_internal.gen_single_instance.gtwiz_userclk_tx_inst/txoutclk_out[0]
    BUFG_GT_X0Y84        BUFG_GT (Prop_BUFG_GT_I_O)
                                                      0.315   160.395 r  example_wrapper_inst/eth_xcvr_gth_full_inst/inst/gen_gtwizard_gthe3_top.eth_xcvr_gth_full_gtwizard_gthe3_inst/gen_gtwizard_gthe3.gen_tx_user_clocking_internal.gen_single_instance.gtwiz_userclk_tx_inst/gen_gtwiz_userclk_tx_main.bufg_gt_usrclk2_inst/O
    X3Y3 (CLOCK_ROOT)    net (fo=136, routed)         1.713   162.108    example_wrapper_inst/gtwiz_reset_inst/reset_synchronizer_tx_done_inst/gtwiz_userclk_tx_usrclk2_out[0]
    SLICE_X92Y149        FDCE                                         r  example_wrapper_inst/gtwiz_reset_inst/reset_synchronizer_tx_done_inst/rst_in_out_reg/C
  -------------------------------------------------------------------    -------------------
    SLICE_X92Y149        FDCE (Prop_EFF_SLICEL_C_Q)
                                                      0.114   162.222 r  example_wrapper_inst/gtwiz_reset_inst/reset_synchronizer_tx_done_inst/rst_in_out_reg/Q
                         net (fo=2, routed)           3.130   165.352    bs_tx_done/i_in
    SLICE_X91Y146        FDRE                                         r  bs_tx_done/i_in_meta_reg/D
  -------------------------------------------------------------------    -------------------

                         (clock clk_freerun rise edge)
                                                    160.000   160.000 r  
    D18                                               0.000   160.000 r  hb_gtwiz_reset_clk_freerun_p (IN)
                         net (fo=0)                   0.000   160.000    ibufds_clk_freerun_inst/I
    HPIOBDIFFINBUF_X0Y61 DIFFINBUF (Prop_DIFFINBUF_HPIOBDIFFINBUF_DIFF_IN_P_O)
                                                      0.309   160.309 r  ibufds_clk_freerun_inst/DIFFINBUF_INST/O
                         net (fo=1, routed)           0.051   160.360    ibufds_clk_freerun_inst/OUT
    D18                  IBUFCTRL (Prop_IBUFCTRL_HPIOB_I_O)
                                                      0.000   160.360 r  ibufds_clk_freerun_inst/IBUFCTRL_INST/O
                         net (fo=1, routed)           0.622   160.982    hb_gtwiz_reset_clk_freerun_ibuf
    BUFGCE_X0Y50         BUFGCE (Prop_BUFCE_BUFGCE_I_O)
                                                      0.075   161.057 r  bufg_clk_freerun_inst/O
    X2Y2 (CLOCK_ROOT)    net (fo=585, routed)         2.321   163.378    bs_tx_done/clk_in
    SLICE_X91Y146        FDRE                                         r  bs_tx_done/i_in_meta_reg/C
                         clock pessimism              0.000   163.378    
                         clock uncertainty           -0.035   163.342    
    SLICE_X91Y146        FDRE (Setup_HFF2_SLICEL_C_D)
                                                      0.060   163.402    bs_tx_done/i_in_meta_reg
  -------------------------------------------------------------------
                         required time                        163.402    
                         arrival time                        -165.352    
  -------------------------------------------------------------------
                         slack                                 -1.950    





Min Delay Paths
--------------------------------------------------------------------------------------
Slack (MET) :             0.112ns  (arrival time - required time)
  Source:                 example_wrapper_inst/gtwiz_reset_inst/reset_synchronizer_tx_done_inst/rst_in_out_reg/C
                            (rising edge-triggered cell FDCE clocked by gtwiz_userclk_tx_usrclk2_int  {rise@0.000ns fall@3.200ns period=6.400ns})
  Destination:            bs_tx_done/i_in_meta_reg/D
                            (rising edge-triggered cell FDRE clocked by clk_freerun  {rise@0.000ns fall@5.000ns period=10.000ns})
  Path Group:             clk_freerun
  Path Type:              Hold (Min at Fast Process Corner)
  Requirement:            0.000ns  (clk_freerun rise@0.000ns - gtwiz_userclk_tx_usrclk2_int rise@0.000ns)
  Data Path Delay:        1.679ns  (logic 0.049ns (2.918%)  route 1.630ns (97.082%))
  Logic Levels:           0  
  Clock Path Skew:        1.476ns (DCD - SCD - CPR)
    Destination Clock Delay (DCD):    2.329ns
    Source Clock Delay      (SCD):    0.853ns
    Clock Pessimism Removal (CPR):    -0.000ns
  Clock Uncertainty:      0.035ns  ((TSJ^2 + TIJ^2)^1/2 + DJ) / 2 + PE
    Total System Jitter     (TSJ):    0.071ns
    Total Input Jitter      (TIJ):    0.000ns
    Discrete Jitter          (DJ):    0.000ns
    Phase Error              (PE):    0.000ns
  Clock Net Delay (Source):      0.735ns (routing 0.158ns, distribution 0.577ns)
  Clock Net Delay (Destination): 1.400ns (routing 0.619ns, distribution 0.781ns)
  Clock Domain Crossing:  Inter clock paths are considered valid unless explicitly excluded by timing constraints such as set_clock_groups or set_false_path.

    Location             Delay type                Incr(ns)  Path(ns)    Netlist Resource(s)
  -------------------------------------------------------------------    -------------------
                         (clock gtwiz_userclk_tx_usrclk2_int rise edge)
                                                      0.000     0.000 r  
    GTHE3_CHANNEL_X0Y12  GTHE3_CHANNEL                0.000     0.000 r  example_wrapper_inst/eth_xcvr_gth_full_inst/inst/gen_gtwizard_gthe3_top.eth_xcvr_gth_full_gtwizard_gthe3_inst/gen_gtwizard_gthe3.gen_channel_container[0].gen_enabled_channel.gthe3_channel_wrapper_inst/channel_inst/gthe3_channel_gen.gen_gthe3_channel_inst[0].GTHE3_CHANNEL_PRIM_INST/TXOUTCLK
                         net (fo=3, routed)           0.018     0.018    example_wrapper_inst/eth_xcvr_gth_full_inst/inst/gen_gtwizard_gthe3_top.eth_xcvr_gth_full_gtwizard_gthe3_inst/gen_gtwizard_gthe3.gen_tx_user_clocking_internal.gen_single_instance.gtwiz_userclk_tx_inst/txoutclk_out[0]
    BUFG_GT_X0Y84        BUFG_GT (Prop_BUFG_GT_I_O)
                                                      0.100     0.118 r  example_wrapper_inst/eth_xcvr_gth_full_inst/inst/gen_gtwizard_gthe3_top.eth_xcvr_gth_full_gtwizard_gthe3_inst/gen_gtwizard_gthe3.gen_tx_user_clocking_internal.gen_single_instance.gtwiz_userclk_tx_inst/gen_gtwiz_userclk_tx_main.bufg_gt_usrclk2_inst/O
    X3Y3 (CLOCK_ROOT)    net (fo=136, routed)         0.735     0.853    example_wrapper_inst/gtwiz_reset_inst/reset_synchronizer_tx_done_inst/gtwiz_userclk_tx_usrclk2_out[0]
    SLICE_X92Y149        FDCE                                         r  example_wrapper_inst/gtwiz_reset_inst/reset_synchronizer_tx_done_inst/rst_in_out_reg/C
  -------------------------------------------------------------------    -------------------
    SLICE_X92Y149        FDCE (Prop_EFF_SLICEL_C_Q)
                                                      0.049     0.902 r  example_wrapper_inst/gtwiz_reset_inst/reset_synchronizer_tx_done_inst/rst_in_out_reg/Q
                         net (fo=2, routed)           1.630     2.532    bs_tx_done/i_in
    SLICE_X91Y146        FDRE                                         r  bs_tx_done/i_in_meta_reg/D
  -------------------------------------------------------------------    -------------------

                         (clock clk_freerun rise edge)
                                                      0.000     0.000 r  
    D18                                               0.000     0.000 r  hb_gtwiz_reset_clk_freerun_p (IN)
                         net (fo=0)                   0.000     0.000    ibufds_clk_freerun_inst/I
    HPIOBDIFFINBUF_X0Y61 DIFFINBUF (Prop_DIFFINBUF_HPIOBDIFFINBUF_DIFF_IN_P_O)
                                                      0.442     0.442 r  ibufds_clk_freerun_inst/DIFFINBUF_INST/O
                         net (fo=1, routed)           0.048     0.490    ibufds_clk_freerun_inst/OUT
    D18                  IBUFCTRL (Prop_IBUFCTRL_HPIOB_I_O)
                                                      0.000     0.490 r  ibufds_clk_freerun_inst/IBUFCTRL_INST/O
                         net (fo=1, routed)           0.408     0.898    hb_gtwiz_reset_clk_freerun_ibuf
    BUFGCE_X0Y50         BUFGCE (Prop_BUFCE_BUFGCE_I_O)
                                                      0.031     0.929 r  bufg_clk_freerun_inst/O
    X2Y2 (CLOCK_ROOT)    net (fo=585, routed)         1.400     2.329    bs_tx_done/clk_in
    SLICE_X91Y146        FDRE                                         r  bs_tx_done/i_in_meta_reg/C
                         clock pessimism              0.000     2.329    
                         clock uncertainty            0.035     2.364    
    SLICE_X91Y146        FDRE (Hold_HFF2_SLICEL_C_D)
                                                      0.056     2.420    bs_tx_done/i_in_meta_reg
  -------------------------------------------------------------------
                         required time                         -2.420    
                         arrival time                           2.532    
  -------------------------------------------------------------------
                         slack                                  0.112    





---------------------------------------------------------------------------------------------------
From Clock:  dbg_hub/inst/BSCANID.u_xsdbm_id/SWITCH_N_EXT_BSCAN.bscan_inst/SERIES7_BSCAN.bscan_inst/TCK
  To Clock:  gtwiz_userclk_rx_usrclk2_int

Setup :            0  Failing Endpoints,  Worst Slack       31.983ns,  Total Violation        0.000ns
Hold  :           NA  Failing Endpoints,  Worst Slack           NA  ,  Total Violation           NA
---------------------------------------------------------------------------------------------------


Max Delay Paths
--------------------------------------------------------------------------------------
Slack (MET) :             31.983ns  (required time - arrival time)
  Source:                 dbg_hub/inst/BSCANID.u_xsdbm_id/CORE_XSDB.UUT_MASTER/U_ICON_INTERFACE/U_CMD6_RD/U_RD_FIFO/SUBCORE_FIFO.xsdbm_v3_0_0_rdfifo_inst/inst_fifo_gen/gconvfifo.rf/grf.rf/gntv_or_sync_fifo.gcx.clkx/gnxpm_cdc.rd_pntr_gc_reg[0]/C
                            (rising edge-triggered cell FDCE clocked by dbg_hub/inst/BSCANID.u_xsdbm_id/SWITCH_N_EXT_BSCAN.bscan_inst/SERIES7_BSCAN.bscan_inst/TCK  {rise@0.000ns fall@16.500ns period=33.000ns})
  Destination:            dbg_hub/inst/BSCANID.u_xsdbm_id/CORE_XSDB.UUT_MASTER/U_ICON_INTERFACE/U_CMD6_RD/U_RD_FIFO/SUBCORE_FIFO.xsdbm_v3_0_0_rdfifo_inst/inst_fifo_gen/gconvfifo.rf/grf.rf/gntv_or_sync_fifo.gcx.clkx/gnxpm_cdc.gsync_stage[1].wr_stg_inst/Q_reg_reg[0]/D
                            (rising edge-triggered cell FDCE clocked by gtwiz_userclk_rx_usrclk2_int  {rise@0.000ns fall@3.200ns period=6.400ns})
  Path Group:             gtwiz_userclk_rx_usrclk2_int
  Path Type:              Setup (Max at Slow Process Corner)
  Requirement:            33.000ns  (MaxDelay Path 33.000ns)
  Data Path Delay:        1.077ns  (logic 0.114ns (10.585%)  route 0.963ns (89.415%))
  Logic Levels:           0  
  Timing Exception:       MaxDelay Path 33.000ns -datapath_only

    Location             Delay type                Incr(ns)  Path(ns)    Netlist Resource(s)
  -------------------------------------------------------------------    -------------------
    SLICE_X88Y117                                     0.000     0.000 r  dbg_hub/inst/BSCANID.u_xsdbm_id/CORE_XSDB.UUT_MASTER/U_ICON_INTERFACE/U_CMD6_RD/U_RD_FIFO/SUBCORE_FIFO.xsdbm_v3_0_0_rdfifo_inst/inst_fifo_gen/gconvfifo.rf/grf.rf/gntv_or_sync_fifo.gcx.clkx/gnxpm_cdc.rd_pntr_gc_reg[0]/C
    SLICE_X88Y117        FDCE (Prop_FFF_SLICEL_C_Q)
                                                      0.114     0.114 r  dbg_hub/inst/BSCANID.u_xsdbm_id/CORE_XSDB.UUT_MASTER/U_ICON_INTERFACE/U_CMD6_RD/U_RD_FIFO/SUBCORE_FIFO.xsdbm_v3_0_0_rdfifo_inst/inst_fifo_gen/gconvfifo.rf/grf.rf/gntv_or_sync_fifo.gcx.clkx/gnxpm_cdc.rd_pntr_gc_reg[0]/Q
                         net (fo=1, routed)           0.963     1.077    dbg_hub/inst/BSCANID.u_xsdbm_id/CORE_XSDB.UUT_MASTER/U_ICON_INTERFACE/U_CMD6_RD/U_RD_FIFO/SUBCORE_FIFO.xsdbm_v3_0_0_rdfifo_inst/inst_fifo_gen/gconvfifo.rf/grf.rf/gntv_or_sync_fifo.gcx.clkx/gnxpm_cdc.gsync_stage[1].wr_stg_inst/Q[0]
    SLICE_X89Y119        FDCE                                         r  dbg_hub/inst/BSCANID.u_xsdbm_id/CORE_XSDB.UUT_MASTER/U_ICON_INTERFACE/U_CMD6_RD/U_RD_FIFO/SUBCORE_FIFO.xsdbm_v3_0_0_rdfifo_inst/inst_fifo_gen/gconvfifo.rf/grf.rf/gntv_or_sync_fifo.gcx.clkx/gnxpm_cdc.gsync_stage[1].wr_stg_inst/Q_reg_reg[0]/D
  -------------------------------------------------------------------    -------------------

                         max delay                   33.000    33.000    
    SLICE_X89Y119        FDCE (Setup_HFF2_SLICEL_C_D)
                                                      0.060    33.060    dbg_hub/inst/BSCANID.u_xsdbm_id/CORE_XSDB.UUT_MASTER/U_ICON_INTERFACE/U_CMD6_RD/U_RD_FIFO/SUBCORE_FIFO.xsdbm_v3_0_0_rdfifo_inst/inst_fifo_gen/gconvfifo.rf/grf.rf/gntv_or_sync_fifo.gcx.clkx/gnxpm_cdc.gsync_stage[1].wr_stg_inst/Q_reg_reg[0]
  -------------------------------------------------------------------
                         required time                         33.060    
                         arrival time                          -1.077    
  -------------------------------------------------------------------
                         slack                                 31.983    

Slack (MET) :             32.027ns  (required time - arrival time)
  Source:                 dbg_hub/inst/BSCANID.u_xsdbm_id/CORE_XSDB.UUT_MASTER/U_ICON_INTERFACE/U_CMD6_WR/U_WR_FIFO/SUBCORE_FIFO.xsdbm_v3_0_0_wrfifo_inst/inst_fifo_gen/gconvfifo.rf/grf.rf/gntv_or_sync_fifo.gcx.clkx/gnxpm_cdc.wr_pntr_gc_reg[3]/C
                            (rising edge-triggered cell FDCE clocked by dbg_hub/inst/BSCANID.u_xsdbm_id/SWITCH_N_EXT_BSCAN.bscan_inst/SERIES7_BSCAN.bscan_inst/TCK  {rise@0.000ns fall@16.500ns period=33.000ns})
  Destination:            dbg_hub/inst/BSCANID.u_xsdbm_id/CORE_XSDB.UUT_MASTER/U_ICON_INTERFACE/U_CMD6_WR/U_WR_FIFO/SUBCORE_FIFO.xsdbm_v3_0_0_wrfifo_inst/inst_fifo_gen/gconvfifo.rf/grf.rf/gntv_or_sync_fifo.gcx.clkx/gnxpm_cdc.gsync_stage[1].rd_stg_inst/Q_reg_reg[3]/D
                            (rising edge-triggered cell FDCE clocked by gtwiz_userclk_rx_usrclk2_int  {rise@0.000ns fall@3.200ns period=6.400ns})
  Path Group:             gtwiz_userclk_rx_usrclk2_int
  Path Type:              Setup (Max at Slow Process Corner)
  Requirement:            33.000ns  (MaxDelay Path 33.000ns)
  Data Path Delay:        1.032ns  (logic 0.114ns (11.047%)  route 0.918ns (88.953%))
  Logic Levels:           0  
  Timing Exception:       MaxDelay Path 33.000ns -datapath_only

    Location             Delay type                Incr(ns)  Path(ns)    Netlist Resource(s)
  -------------------------------------------------------------------    -------------------
    SLICE_X89Y125                                     0.000     0.000 r  dbg_hub/inst/BSCANID.u_xsdbm_id/CORE_XSDB.UUT_MASTER/U_ICON_INTERFACE/U_CMD6_WR/U_WR_FIFO/SUBCORE_FIFO.xsdbm_v3_0_0_wrfifo_inst/inst_fifo_gen/gconvfifo.rf/grf.rf/gntv_or_sync_fifo.gcx.clkx/gnxpm_cdc.wr_pntr_gc_reg[3]/C
    SLICE_X89Y125        FDCE (Prop_EFF_SLICEL_C_Q)
                                                      0.114     0.114 r  dbg_hub/inst/BSCANID.u_xsdbm_id/CORE_XSDB.UUT_MASTER/U_ICON_INTERFACE/U_CMD6_WR/U_WR_FIFO/SUBCORE_FIFO.xsdbm_v3_0_0_wrfifo_inst/inst_fifo_gen/gconvfifo.rf/grf.rf/gntv_or_sync_fifo.gcx.clkx/gnxpm_cdc.wr_pntr_gc_reg[3]/Q
                         net (fo=1, routed)           0.918     1.032    dbg_hub/inst/BSCANID.u_xsdbm_id/CORE_XSDB.UUT_MASTER/U_ICON_INTERFACE/U_CMD6_WR/U_WR_FIFO/SUBCORE_FIFO.xsdbm_v3_0_0_wrfifo_inst/inst_fifo_gen/gconvfifo.rf/grf.rf/gntv_or_sync_fifo.gcx.clkx/gnxpm_cdc.gsync_stage[1].rd_stg_inst/Q[3]
    SLICE_X89Y125        FDCE                                         r  dbg_hub/inst/BSCANID.u_xsdbm_id/CORE_XSDB.UUT_MASTER/U_ICON_INTERFACE/U_CMD6_WR/U_WR_FIFO/SUBCORE_FIFO.xsdbm_v3_0_0_wrfifo_inst/inst_fifo_gen/gconvfifo.rf/grf.rf/gntv_or_sync_fifo.gcx.clkx/gnxpm_cdc.gsync_stage[1].rd_stg_inst/Q_reg_reg[3]/D
  -------------------------------------------------------------------    -------------------

                         max delay                   33.000    33.000    
    SLICE_X89Y125        FDCE (Setup_DFF_SLICEL_C_D)
                                                      0.059    33.059    dbg_hub/inst/BSCANID.u_xsdbm_id/CORE_XSDB.UUT_MASTER/U_ICON_INTERFACE/U_CMD6_WR/U_WR_FIFO/SUBCORE_FIFO.xsdbm_v3_0_0_wrfifo_inst/inst_fifo_gen/gconvfifo.rf/grf.rf/gntv_or_sync_fifo.gcx.clkx/gnxpm_cdc.gsync_stage[1].rd_stg_inst/Q_reg_reg[3]
  -------------------------------------------------------------------
                         required time                         33.059    
                         arrival time                          -1.032    
  -------------------------------------------------------------------
                         slack                                 32.027    

Slack (MET) :             32.073ns  (required time - arrival time)
  Source:                 dbg_hub/inst/BSCANID.u_xsdbm_id/CORE_XSDB.UUT_MASTER/U_ICON_INTERFACE/U_CMD6_WR/U_WR_FIFO/SUBCORE_FIFO.xsdbm_v3_0_0_wrfifo_inst/inst_fifo_gen/gconvfifo.rf/grf.rf/gntv_or_sync_fifo.gcx.clkx/gnxpm_cdc.wr_pntr_gc_reg[0]/C
                            (rising edge-triggered cell FDCE clocked by dbg_hub/inst/BSCANID.u_xsdbm_id/SWITCH_N_EXT_BSCAN.bscan_inst/SERIES7_BSCAN.bscan_inst/TCK  {rise@0.000ns fall@16.500ns period=33.000ns})
  Destination:            dbg_hub/inst/BSCANID.u_xsdbm_id/CORE_XSDB.UUT_MASTER/U_ICON_INTERFACE/U_CMD6_WR/U_WR_FIFO/SUBCORE_FIFO.xsdbm_v3_0_0_wrfifo_inst/inst_fifo_gen/gconvfifo.rf/grf.rf/gntv_or_sync_fifo.gcx.clkx/gnxpm_cdc.gsync_stage[1].rd_stg_inst/Q_reg_reg[0]/D
                            (rising edge-triggered cell FDCE clocked by gtwiz_userclk_rx_usrclk2_int  {rise@0.000ns fall@3.200ns period=6.400ns})
  Path Group:             gtwiz_userclk_rx_usrclk2_int
  Path Type:              Setup (Max at Slow Process Corner)
  Requirement:            33.000ns  (MaxDelay Path 33.000ns)
  Data Path Delay:        0.990ns  (logic 0.114ns (11.515%)  route 0.876ns (88.485%))
  Logic Levels:           0  
  Timing Exception:       MaxDelay Path 33.000ns -datapath_only

    Location             Delay type                Incr(ns)  Path(ns)    Netlist Resource(s)
  -------------------------------------------------------------------    -------------------
    SLICE_X89Y125                                     0.000     0.000 r  dbg_hub/inst/BSCANID.u_xsdbm_id/CORE_XSDB.UUT_MASTER/U_ICON_INTERFACE/U_CMD6_WR/U_WR_FIFO/SUBCORE_FIFO.xsdbm_v3_0_0_wrfifo_inst/inst_fifo_gen/gconvfifo.rf/grf.rf/gntv_or_sync_fifo.gcx.clkx/gnxpm_cdc.wr_pntr_gc_reg[0]/C
    SLICE_X89Y125        FDCE (Prop_HFF_SLICEL_C_Q)
                                                      0.114     0.114 r  dbg_hub/inst/BSCANID.u_xsdbm_id/CORE_XSDB.UUT_MASTER/U_ICON_INTERFACE/U_CMD6_WR/U_WR_FIFO/SUBCORE_FIFO.xsdbm_v3_0_0_wrfifo_inst/inst_fifo_gen/gconvfifo.rf/grf.rf/gntv_or_sync_fifo.gcx.clkx/gnxpm_cdc.wr_pntr_gc_reg[0]/Q
                         net (fo=1, routed)           0.876     0.990    dbg_hub/inst/BSCANID.u_xsdbm_id/CORE_XSDB.UUT_MASTER/U_ICON_INTERFACE/U_CMD6_WR/U_WR_FIFO/SUBCORE_FIFO.xsdbm_v3_0_0_wrfifo_inst/inst_fifo_gen/gconvfifo.rf/grf.rf/gntv_or_sync_fifo.gcx.clkx/gnxpm_cdc.gsync_stage[1].rd_stg_inst/Q[0]
    SLICE_X89Y124        FDCE                                         r  dbg_hub/inst/BSCANID.u_xsdbm_id/CORE_XSDB.UUT_MASTER/U_ICON_INTERFACE/U_CMD6_WR/U_WR_FIFO/SUBCORE_FIFO.xsdbm_v3_0_0_wrfifo_inst/inst_fifo_gen/gconvfifo.rf/grf.rf/gntv_or_sync_fifo.gcx.clkx/gnxpm_cdc.gsync_stage[1].rd_stg_inst/Q_reg_reg[0]/D
  -------------------------------------------------------------------    -------------------

                         max delay                   33.000    33.000    
    SLICE_X89Y124        FDCE (Setup_DFF2_SLICEL_C_D)
                                                      0.063    33.063    dbg_hub/inst/BSCANID.u_xsdbm_id/CORE_XSDB.UUT_MASTER/U_ICON_INTERFACE/U_CMD6_WR/U_WR_FIFO/SUBCORE_FIFO.xsdbm_v3_0_0_wrfifo_inst/inst_fifo_gen/gconvfifo.rf/grf.rf/gntv_or_sync_fifo.gcx.clkx/gnxpm_cdc.gsync_stage[1].rd_stg_inst/Q_reg_reg[0]
  -------------------------------------------------------------------
                         required time                         33.063    
                         arrival time                          -0.990    
  -------------------------------------------------------------------
                         slack                                 32.073    

Slack (MET) :             32.113ns  (required time - arrival time)
  Source:                 dbg_hub/inst/BSCANID.u_xsdbm_id/CORE_XSDB.UUT_MASTER/U_ICON_INTERFACE/U_CMD6_RD/U_RD_FIFO/SUBCORE_FIFO.xsdbm_v3_0_0_rdfifo_inst/inst_fifo_gen/gconvfifo.rf/grf.rf/gntv_or_sync_fifo.gcx.clkx/gnxpm_cdc.rd_pntr_gc_reg[2]/C
                            (rising edge-triggered cell FDCE clocked by dbg_hub/inst/BSCANID.u_xsdbm_id/SWITCH_N_EXT_BSCAN.bscan_inst/SERIES7_BSCAN.bscan_inst/TCK  {rise@0.000ns fall@16.500ns period=33.000ns})
  Destination:            dbg_hub/inst/BSCANID.u_xsdbm_id/CORE_XSDB.UUT_MASTER/U_ICON_INTERFACE/U_CMD6_RD/U_RD_FIFO/SUBCORE_FIFO.xsdbm_v3_0_0_rdfifo_inst/inst_fifo_gen/gconvfifo.rf/grf.rf/gntv_or_sync_fifo.gcx.clkx/gnxpm_cdc.gsync_stage[1].wr_stg_inst/Q_reg_reg[2]/D
                            (rising edge-triggered cell FDCE clocked by gtwiz_userclk_rx_usrclk2_int  {rise@0.000ns fall@3.200ns period=6.400ns})
  Path Group:             gtwiz_userclk_rx_usrclk2_int
  Path Type:              Setup (Max at Slow Process Corner)
  Requirement:            33.000ns  (MaxDelay Path 33.000ns)
  Data Path Delay:        0.949ns  (logic 0.114ns (12.013%)  route 0.835ns (87.987%))
  Logic Levels:           0  
  Timing Exception:       MaxDelay Path 33.000ns -datapath_only

    Location             Delay type                Incr(ns)  Path(ns)    Netlist Resource(s)
  -------------------------------------------------------------------    -------------------
    SLICE_X89Y117                                     0.000     0.000 r  dbg_hub/inst/BSCANID.u_xsdbm_id/CORE_XSDB.UUT_MASTER/U_ICON_INTERFACE/U_CMD6_RD/U_RD_FIFO/SUBCORE_FIFO.xsdbm_v3_0_0_rdfifo_inst/inst_fifo_gen/gconvfifo.rf/grf.rf/gntv_or_sync_fifo.gcx.clkx/gnxpm_cdc.rd_pntr_gc_reg[2]/C
    SLICE_X89Y117        FDCE (Prop_FFF_SLICEL_C_Q)
                                                      0.114     0.114 r  dbg_hub/inst/BSCANID.u_xsdbm_id/CORE_XSDB.UUT_MASTER/U_ICON_INTERFACE/U_CMD6_RD/U_RD_FIFO/SUBCORE_FIFO.xsdbm_v3_0_0_rdfifo_inst/inst_fifo_gen/gconvfifo.rf/grf.rf/gntv_or_sync_fifo.gcx.clkx/gnxpm_cdc.rd_pntr_gc_reg[2]/Q
                         net (fo=1, routed)           0.835     0.949    dbg_hub/inst/BSCANID.u_xsdbm_id/CORE_XSDB.UUT_MASTER/U_ICON_INTERFACE/U_CMD6_RD/U_RD_FIFO/SUBCORE_FIFO.xsdbm_v3_0_0_rdfifo_inst/inst_fifo_gen/gconvfifo.rf/grf.rf/gntv_or_sync_fifo.gcx.clkx/gnxpm_cdc.gsync_stage[1].wr_stg_inst/Q[2]
    SLICE_X89Y119        FDCE                                         r  dbg_hub/inst/BSCANID.u_xsdbm_id/CORE_XSDB.UUT_MASTER/U_ICON_INTERFACE/U_CMD6_RD/U_RD_FIFO/SUBCORE_FIFO.xsdbm_v3_0_0_rdfifo_inst/inst_fifo_gen/gconvfifo.rf/grf.rf/gntv_or_sync_fifo.gcx.clkx/gnxpm_cdc.gsync_stage[1].wr_stg_inst/Q_reg_reg[2]/D
  -------------------------------------------------------------------    -------------------

                         max delay                   33.000    33.000    
    SLICE_X89Y119        FDCE (Setup_CFF2_SLICEL_C_D)
                                                      0.062    33.062    dbg_hub/inst/BSCANID.u_xsdbm_id/CORE_XSDB.UUT_MASTER/U_ICON_INTERFACE/U_CMD6_RD/U_RD_FIFO/SUBCORE_FIFO.xsdbm_v3_0_0_rdfifo_inst/inst_fifo_gen/gconvfifo.rf/grf.rf/gntv_or_sync_fifo.gcx.clkx/gnxpm_cdc.gsync_stage[1].wr_stg_inst/Q_reg_reg[2]
  -------------------------------------------------------------------
                         required time                         33.062    
                         arrival time                          -0.949    
  -------------------------------------------------------------------
                         slack                                 32.113    

Slack (MET) :             32.152ns  (required time - arrival time)
  Source:                 dbg_hub/inst/BSCANID.u_xsdbm_id/CORE_XSDB.UUT_MASTER/U_ICON_INTERFACE/U_CMD6_RD/U_RD_FIFO/SUBCORE_FIFO.xsdbm_v3_0_0_rdfifo_inst/inst_fifo_gen/gconvfifo.rf/grf.rf/gntv_or_sync_fifo.gcx.clkx/gnxpm_cdc.rd_pntr_gc_reg[3]/C
                            (rising edge-triggered cell FDCE clocked by dbg_hub/inst/BSCANID.u_xsdbm_id/SWITCH_N_EXT_BSCAN.bscan_inst/SERIES7_BSCAN.bscan_inst/TCK  {rise@0.000ns fall@16.500ns period=33.000ns})
  Destination:            dbg_hub/inst/BSCANID.u_xsdbm_id/CORE_XSDB.UUT_MASTER/U_ICON_INTERFACE/U_CMD6_RD/U_RD_FIFO/SUBCORE_FIFO.xsdbm_v3_0_0_rdfifo_inst/inst_fifo_gen/gconvfifo.rf/grf.rf/gntv_or_sync_fifo.gcx.clkx/gnxpm_cdc.gsync_stage[1].wr_stg_inst/Q_reg_reg[3]/D
                            (rising edge-triggered cell FDCE clocked by gtwiz_userclk_rx_usrclk2_int  {rise@0.000ns fall@3.200ns period=6.400ns})
  Path Group:             gtwiz_userclk_rx_usrclk2_int
  Path Type:              Setup (Max at Slow Process Corner)
  Requirement:            33.000ns  (MaxDelay Path 33.000ns)
  Data Path Delay:        0.911ns  (logic 0.114ns (12.514%)  route 0.797ns (87.486%))
  Logic Levels:           0  
  Timing Exception:       MaxDelay Path 33.000ns -datapath_only

    Location             Delay type                Incr(ns)  Path(ns)    Netlist Resource(s)
  -------------------------------------------------------------------    -------------------
    SLICE_X89Y117                                     0.000     0.000 r  dbg_hub/inst/BSCANID.u_xsdbm_id/CORE_XSDB.UUT_MASTER/U_ICON_INTERFACE/U_CMD6_RD/U_RD_FIFO/SUBCORE_FIFO.xsdbm_v3_0_0_rdfifo_inst/inst_fifo_gen/gconvfifo.rf/grf.rf/gntv_or_sync_fifo.gcx.clkx/gnxpm_cdc.rd_pntr_gc_reg[3]/C
    SLICE_X89Y117        FDCE (Prop_GFF_SLICEL_C_Q)
                                                      0.114     0.114 r  dbg_hub/inst/BSCANID.u_xsdbm_id/CORE_XSDB.UUT_MASTER/U_ICON_INTERFACE/U_CMD6_RD/U_RD_FIFO/SUBCORE_FIFO.xsdbm_v3_0_0_rdfifo_inst/inst_fifo_gen/gconvfifo.rf/grf.rf/gntv_or_sync_fifo.gcx.clkx/gnxpm_cdc.rd_pntr_gc_reg[3]/Q
                         net (fo=1, routed)           0.797     0.911    dbg_hub/inst/BSCANID.u_xsdbm_id/CORE_XSDB.UUT_MASTER/U_ICON_INTERFACE/U_CMD6_RD/U_RD_FIFO/SUBCORE_FIFO.xsdbm_v3_0_0_rdfifo_inst/inst_fifo_gen/gconvfifo.rf/grf.rf/gntv_or_sync_fifo.gcx.clkx/gnxpm_cdc.gsync_stage[1].wr_stg_inst/Q[3]
    SLICE_X89Y117        FDCE                                         r  dbg_hub/inst/BSCANID.u_xsdbm_id/CORE_XSDB.UUT_MASTER/U_ICON_INTERFACE/U_CMD6_RD/U_RD_FIFO/SUBCORE_FIFO.xsdbm_v3_0_0_rdfifo_inst/inst_fifo_gen/gconvfifo.rf/grf.rf/gntv_or_sync_fifo.gcx.clkx/gnxpm_cdc.gsync_stage[1].wr_stg_inst/Q_reg_reg[3]/D
  -------------------------------------------------------------------    -------------------

                         max delay                   33.000    33.000    
    SLICE_X89Y117        FDCE (Setup_DFF2_SLICEL_C_D)
                                                      0.063    33.063    dbg_hub/inst/BSCANID.u_xsdbm_id/CORE_XSDB.UUT_MASTER/U_ICON_INTERFACE/U_CMD6_RD/U_RD_FIFO/SUBCORE_FIFO.xsdbm_v3_0_0_rdfifo_inst/inst_fifo_gen/gconvfifo.rf/grf.rf/gntv_or_sync_fifo.gcx.clkx/gnxpm_cdc.gsync_stage[1].wr_stg_inst/Q_reg_reg[3]
  -------------------------------------------------------------------
                         required time                         33.063    
                         arrival time                          -0.911    
  -------------------------------------------------------------------
                         slack                                 32.152    

Slack (MET) :             32.161ns  (required time - arrival time)
  Source:                 dbg_hub/inst/BSCANID.u_xsdbm_id/CORE_XSDB.UUT_MASTER/U_ICON_INTERFACE/U_CMD6_WR/U_WR_FIFO/SUBCORE_FIFO.xsdbm_v3_0_0_wrfifo_inst/inst_fifo_gen/gconvfifo.rf/grf.rf/gntv_or_sync_fifo.gcx.clkx/gnxpm_cdc.wr_pntr_gc_reg[1]/C
                            (rising edge-triggered cell FDCE clocked by dbg_hub/inst/BSCANID.u_xsdbm_id/SWITCH_N_EXT_BSCAN.bscan_inst/SERIES7_BSCAN.bscan_inst/TCK  {rise@0.000ns fall@16.500ns period=33.000ns})
  Destination:            dbg_hub/inst/BSCANID.u_xsdbm_id/CORE_XSDB.UUT_MASTER/U_ICON_INTERFACE/U_CMD6_WR/U_WR_FIFO/SUBCORE_FIFO.xsdbm_v3_0_0_wrfifo_inst/inst_fifo_gen/gconvfifo.rf/grf.rf/gntv_or_sync_fifo.gcx.clkx/gnxpm_cdc.gsync_stage[1].rd_stg_inst/Q_reg_reg[1]/D
                            (rising edge-triggered cell FDCE clocked by gtwiz_userclk_rx_usrclk2_int  {rise@0.000ns fall@3.200ns period=6.400ns})
  Path Group:             gtwiz_userclk_rx_usrclk2_int
  Path Type:              Setup (Max at Slow Process Corner)
  Requirement:            33.000ns  (MaxDelay Path 33.000ns)
  Data Path Delay:        0.900ns  (logic 0.114ns (12.667%)  route 0.786ns (87.333%))
  Logic Levels:           0  
  Timing Exception:       MaxDelay Path 33.000ns -datapath_only

    Location             Delay type                Incr(ns)  Path(ns)    Netlist Resource(s)
  -------------------------------------------------------------------    -------------------
    SLICE_X89Y125                                     0.000     0.000 r  dbg_hub/inst/BSCANID.u_xsdbm_id/CORE_XSDB.UUT_MASTER/U_ICON_INTERFACE/U_CMD6_WR/U_WR_FIFO/SUBCORE_FIFO.xsdbm_v3_0_0_wrfifo_inst/inst_fifo_gen/gconvfifo.rf/grf.rf/gntv_or_sync_fifo.gcx.clkx/gnxpm_cdc.wr_pntr_gc_reg[1]/C
    SLICE_X89Y125        FDCE (Prop_GFF_SLICEL_C_Q)
                                                      0.114     0.114 r  dbg_hub/inst/BSCANID.u_xsdbm_id/CORE_XSDB.UUT_MASTER/U_ICON_INTERFACE/U_CMD6_WR/U_WR_FIFO/SUBCORE_FIFO.xsdbm_v3_0_0_wrfifo_inst/inst_fifo_gen/gconvfifo.rf/grf.rf/gntv_or_sync_fifo.gcx.clkx/gnxpm_cdc.wr_pntr_gc_reg[1]/Q
                         net (fo=1, routed)           0.786     0.900    dbg_hub/inst/BSCANID.u_xsdbm_id/CORE_XSDB.UUT_MASTER/U_ICON_INTERFACE/U_CMD6_WR/U_WR_FIFO/SUBCORE_FIFO.xsdbm_v3_0_0_wrfifo_inst/inst_fifo_gen/gconvfifo.rf/grf.rf/gntv_or_sync_fifo.gcx.clkx/gnxpm_cdc.gsync_stage[1].rd_stg_inst/Q[1]
    SLICE_X89Y125        FDCE                                         r  dbg_hub/inst/BSCANID.u_xsdbm_id/CORE_XSDB.UUT_MASTER/U_ICON_INTERFACE/U_CMD6_WR/U_WR_FIFO/SUBCORE_FIFO.xsdbm_v3_0_0_wrfifo_inst/inst_fifo_gen/gconvfifo.rf/grf.rf/gntv_or_sync_fifo.gcx.clkx/gnxpm_cdc.gsync_stage[1].rd_stg_inst/Q_reg_reg[1]/D
  -------------------------------------------------------------------    -------------------

                         max delay                   33.000    33.000    
    SLICE_X89Y125        FDCE (Setup_AFF2_SLICEL_C_D)
                                                      0.061    33.061    dbg_hub/inst/BSCANID.u_xsdbm_id/CORE_XSDB.UUT_MASTER/U_ICON_INTERFACE/U_CMD6_WR/U_WR_FIFO/SUBCORE_FIFO.xsdbm_v3_0_0_wrfifo_inst/inst_fifo_gen/gconvfifo.rf/grf.rf/gntv_or_sync_fifo.gcx.clkx/gnxpm_cdc.gsync_stage[1].rd_stg_inst/Q_reg_reg[1]
  -------------------------------------------------------------------
                         required time                         33.061    
                         arrival time                          -0.900    
  -------------------------------------------------------------------
                         slack                                 32.161    

Slack (MET) :             32.174ns  (required time - arrival time)
  Source:                 dbg_hub/inst/BSCANID.u_xsdbm_id/CORE_XSDB.UUT_MASTER/U_ICON_INTERFACE/U_CMD6_WR/U_WR_FIFO/SUBCORE_FIFO.xsdbm_v3_0_0_wrfifo_inst/inst_fifo_gen/gconvfifo.rf/grf.rf/gntv_or_sync_fifo.gcx.clkx/gnxpm_cdc.wr_pntr_gc_reg[2]/C
                            (rising edge-triggered cell FDCE clocked by dbg_hub/inst/BSCANID.u_xsdbm_id/SWITCH_N_EXT_BSCAN.bscan_inst/SERIES7_BSCAN.bscan_inst/TCK  {rise@0.000ns fall@16.500ns period=33.000ns})
  Destination:            dbg_hub/inst/BSCANID.u_xsdbm_id/CORE_XSDB.UUT_MASTER/U_ICON_INTERFACE/U_CMD6_WR/U_WR_FIFO/SUBCORE_FIFO.xsdbm_v3_0_0_wrfifo_inst/inst_fifo_gen/gconvfifo.rf/grf.rf/gntv_or_sync_fifo.gcx.clkx/gnxpm_cdc.gsync_stage[1].rd_stg_inst/Q_reg_reg[2]/D
                            (rising edge-triggered cell FDCE clocked by gtwiz_userclk_rx_usrclk2_int  {rise@0.000ns fall@3.200ns period=6.400ns})
  Path Group:             gtwiz_userclk_rx_usrclk2_int
  Path Type:              Setup (Max at Slow Process Corner)
  Requirement:            33.000ns  (MaxDelay Path 33.000ns)
  Data Path Delay:        0.888ns  (logic 0.118ns (13.288%)  route 0.770ns (86.712%))
  Logic Levels:           0  
  Timing Exception:       MaxDelay Path 33.000ns -datapath_only

    Location             Delay type                Incr(ns)  Path(ns)    Netlist Resource(s)
  -------------------------------------------------------------------    -------------------
    SLICE_X89Y125                                     0.000     0.000 r  dbg_hub/inst/BSCANID.u_xsdbm_id/CORE_XSDB.UUT_MASTER/U_ICON_INTERFACE/U_CMD6_WR/U_WR_FIFO/SUBCORE_FIFO.xsdbm_v3_0_0_wrfifo_inst/inst_fifo_gen/gconvfifo.rf/grf.rf/gntv_or_sync_fifo.gcx.clkx/gnxpm_cdc.wr_pntr_gc_reg[2]/C
    SLICE_X89Y125        FDCE (Prop_GFF2_SLICEL_C_Q)
                                                      0.118     0.118 r  dbg_hub/inst/BSCANID.u_xsdbm_id/CORE_XSDB.UUT_MASTER/U_ICON_INTERFACE/U_CMD6_WR/U_WR_FIFO/SUBCORE_FIFO.xsdbm_v3_0_0_wrfifo_inst/inst_fifo_gen/gconvfifo.rf/grf.rf/gntv_or_sync_fifo.gcx.clkx/gnxpm_cdc.wr_pntr_gc_reg[2]/Q
                         net (fo=1, routed)           0.770     0.888    dbg_hub/inst/BSCANID.u_xsdbm_id/CORE_XSDB.UUT_MASTER/U_ICON_INTERFACE/U_CMD6_WR/U_WR_FIFO/SUBCORE_FIFO.xsdbm_v3_0_0_wrfifo_inst/inst_fifo_gen/gconvfifo.rf/grf.rf/gntv_or_sync_fifo.gcx.clkx/gnxpm_cdc.gsync_stage[1].rd_stg_inst/Q[2]
    SLICE_X89Y124        FDCE                                         r  dbg_hub/inst/BSCANID.u_xsdbm_id/CORE_XSDB.UUT_MASTER/U_ICON_INTERFACE/U_CMD6_WR/U_WR_FIFO/SUBCORE_FIFO.xsdbm_v3_0_0_wrfifo_inst/inst_fifo_gen/gconvfifo.rf/grf.rf/gntv_or_sync_fifo.gcx.clkx/gnxpm_cdc.gsync_stage[1].rd_stg_inst/Q_reg_reg[2]/D
  -------------------------------------------------------------------    -------------------

                         max delay                   33.000    33.000    
    SLICE_X89Y124        FDCE (Setup_CFF2_SLICEL_C_D)
                                                      0.062    33.062    dbg_hub/inst/BSCANID.u_xsdbm_id/CORE_XSDB.UUT_MASTER/U_ICON_INTERFACE/U_CMD6_WR/U_WR_FIFO/SUBCORE_FIFO.xsdbm_v3_0_0_wrfifo_inst/inst_fifo_gen/gconvfifo.rf/grf.rf/gntv_or_sync_fifo.gcx.clkx/gnxpm_cdc.gsync_stage[1].rd_stg_inst/Q_reg_reg[2]
  -------------------------------------------------------------------
                         required time                         33.062    
                         arrival time                          -0.888    
  -------------------------------------------------------------------
                         slack                                 32.174    

Slack (MET) :             32.322ns  (required time - arrival time)
  Source:                 dbg_hub/inst/BSCANID.u_xsdbm_id/CORE_XSDB.UUT_MASTER/U_ICON_INTERFACE/U_CMD6_RD/U_RD_FIFO/SUBCORE_FIFO.xsdbm_v3_0_0_rdfifo_inst/inst_fifo_gen/gconvfifo.rf/grf.rf/gntv_or_sync_fifo.gcx.clkx/gnxpm_cdc.rd_pntr_gc_reg[1]/C
                            (rising edge-triggered cell FDCE clocked by dbg_hub/inst/BSCANID.u_xsdbm_id/SWITCH_N_EXT_BSCAN.bscan_inst/SERIES7_BSCAN.bscan_inst/TCK  {rise@0.000ns fall@16.500ns period=33.000ns})
  Destination:            dbg_hub/inst/BSCANID.u_xsdbm_id/CORE_XSDB.UUT_MASTER/U_ICON_INTERFACE/U_CMD6_RD/U_RD_FIFO/SUBCORE_FIFO.xsdbm_v3_0_0_rdfifo_inst/inst_fifo_gen/gconvfifo.rf/grf.rf/gntv_or_sync_fifo.gcx.clkx/gnxpm_cdc.gsync_stage[1].wr_stg_inst/Q_reg_reg[1]/D
                            (rising edge-triggered cell FDCE clocked by gtwiz_userclk_rx_usrclk2_int  {rise@0.000ns fall@3.200ns period=6.400ns})
  Path Group:             gtwiz_userclk_rx_usrclk2_int
  Path Type:              Setup (Max at Slow Process Corner)
  Requirement:            33.000ns  (MaxDelay Path 33.000ns)
  Data Path Delay:        0.739ns  (logic 0.117ns (15.832%)  route 0.622ns (84.168%))
  Logic Levels:           0  
  Timing Exception:       MaxDelay Path 33.000ns -datapath_only

    Location             Delay type                Incr(ns)  Path(ns)    Netlist Resource(s)
  -------------------------------------------------------------------    -------------------
    SLICE_X89Y117                                     0.000     0.000 r  dbg_hub/inst/BSCANID.u_xsdbm_id/CORE_XSDB.UUT_MASTER/U_ICON_INTERFACE/U_CMD6_RD/U_RD_FIFO/SUBCORE_FIFO.xsdbm_v3_0_0_rdfifo_inst/inst_fifo_gen/gconvfifo.rf/grf.rf/gntv_or_sync_fifo.gcx.clkx/gnxpm_cdc.rd_pntr_gc_reg[1]/C
    SLICE_X89Y117        FDCE (Prop_HFF2_SLICEL_C_Q)
                                                      0.117     0.117 r  dbg_hub/inst/BSCANID.u_xsdbm_id/CORE_XSDB.UUT_MASTER/U_ICON_INTERFACE/U_CMD6_RD/U_RD_FIFO/SUBCORE_FIFO.xsdbm_v3_0_0_rdfifo_inst/inst_fifo_gen/gconvfifo.rf/grf.rf/gntv_or_sync_fifo.gcx.clkx/gnxpm_cdc.rd_pntr_gc_reg[1]/Q
                         net (fo=1, routed)           0.622     0.739    dbg_hub/inst/BSCANID.u_xsdbm_id/CORE_XSDB.UUT_MASTER/U_ICON_INTERFACE/U_CMD6_RD/U_RD_FIFO/SUBCORE_FIFO.xsdbm_v3_0_0_rdfifo_inst/inst_fifo_gen/gconvfifo.rf/grf.rf/gntv_or_sync_fifo.gcx.clkx/gnxpm_cdc.gsync_stage[1].wr_stg_inst/Q[1]
    SLICE_X89Y119        FDCE                                         r  dbg_hub/inst/BSCANID.u_xsdbm_id/CORE_XSDB.UUT_MASTER/U_ICON_INTERFACE/U_CMD6_RD/U_RD_FIFO/SUBCORE_FIFO.xsdbm_v3_0_0_rdfifo_inst/inst_fifo_gen/gconvfifo.rf/grf.rf/gntv_or_sync_fifo.gcx.clkx/gnxpm_cdc.gsync_stage[1].wr_stg_inst/Q_reg_reg[1]/D
  -------------------------------------------------------------------    -------------------

                         max delay                   33.000    33.000    
    SLICE_X89Y119        FDCE (Setup_GFF2_SLICEL_C_D)
                                                      0.061    33.061    dbg_hub/inst/BSCANID.u_xsdbm_id/CORE_XSDB.UUT_MASTER/U_ICON_INTERFACE/U_CMD6_RD/U_RD_FIFO/SUBCORE_FIFO.xsdbm_v3_0_0_rdfifo_inst/inst_fifo_gen/gconvfifo.rf/grf.rf/gntv_or_sync_fifo.gcx.clkx/gnxpm_cdc.gsync_stage[1].wr_stg_inst/Q_reg_reg[1]
  -------------------------------------------------------------------
                         required time                         33.061    
                         arrival time                          -0.739    
  -------------------------------------------------------------------
                         slack                                 32.322    





---------------------------------------------------------------------------------------------------
From Clock:  gtwiz_userclk_rx_usrclk2_int
  To Clock:  dbg_hub/inst/BSCANID.u_xsdbm_id/SWITCH_N_EXT_BSCAN.bscan_inst/SERIES7_BSCAN.bscan_inst/TCK

Setup :            0  Failing Endpoints,  Worst Slack        5.456ns,  Total Violation        0.000ns
Hold  :           NA  Failing Endpoints,  Worst Slack           NA  ,  Total Violation           NA
---------------------------------------------------------------------------------------------------


Max Delay Paths
--------------------------------------------------------------------------------------
Slack (MET) :             5.456ns  (required time - arrival time)
  Source:                 dbg_hub/inst/BSCANID.u_xsdbm_id/CORE_XSDB.UUT_MASTER/U_ICON_INTERFACE/U_CMD6_RD/U_RD_FIFO/SUBCORE_FIFO.xsdbm_v3_0_0_rdfifo_inst/inst_fifo_gen/gconvfifo.rf/grf.rf/gntv_or_sync_fifo.gcx.clkx/gnxpm_cdc.wr_pntr_gc_reg[3]/C
                            (rising edge-triggered cell FDCE clocked by gtwiz_userclk_rx_usrclk2_int  {rise@0.000ns fall@3.200ns period=6.400ns})
  Destination:            dbg_hub/inst/BSCANID.u_xsdbm_id/CORE_XSDB.UUT_MASTER/U_ICON_INTERFACE/U_CMD6_RD/U_RD_FIFO/SUBCORE_FIFO.xsdbm_v3_0_0_rdfifo_inst/inst_fifo_gen/gconvfifo.rf/grf.rf/gntv_or_sync_fifo.gcx.clkx/gnxpm_cdc.gsync_stage[1].rd_stg_inst/Q_reg_reg[3]/D
                            (rising edge-triggered cell FDCE clocked by dbg_hub/inst/BSCANID.u_xsdbm_id/SWITCH_N_EXT_BSCAN.bscan_inst/SERIES7_BSCAN.bscan_inst/TCK  {rise@0.000ns fall@16.500ns period=33.000ns})
  Path Group:             dbg_hub/inst/BSCANID.u_xsdbm_id/SWITCH_N_EXT_BSCAN.bscan_inst/SERIES7_BSCAN.bscan_inst/TCK
  Path Type:              Setup (Max at Slow Process Corner)
  Requirement:            6.400ns  (MaxDelay Path 6.400ns)
  Data Path Delay:        1.004ns  (logic 0.115ns (11.454%)  route 0.889ns (88.546%))
  Logic Levels:           0  
  Timing Exception:       MaxDelay Path 6.400ns -datapath_only

    Location             Delay type                Incr(ns)  Path(ns)    Netlist Resource(s)
  -------------------------------------------------------------------    -------------------
    SLICE_X89Y117                                     0.000     0.000 r  dbg_hub/inst/BSCANID.u_xsdbm_id/CORE_XSDB.UUT_MASTER/U_ICON_INTERFACE/U_CMD6_RD/U_RD_FIFO/SUBCORE_FIFO.xsdbm_v3_0_0_rdfifo_inst/inst_fifo_gen/gconvfifo.rf/grf.rf/gntv_or_sync_fifo.gcx.clkx/gnxpm_cdc.wr_pntr_gc_reg[3]/C
    SLICE_X89Y117        FDCE (Prop_AFF_SLICEL_C_Q)
                                                      0.115     0.115 r  dbg_hub/inst/BSCANID.u_xsdbm_id/CORE_XSDB.UUT_MASTER/U_ICON_INTERFACE/U_CMD6_RD/U_RD_FIFO/SUBCORE_FIFO.xsdbm_v3_0_0_rdfifo_inst/inst_fifo_gen/gconvfifo.rf/grf.rf/gntv_or_sync_fifo.gcx.clkx/gnxpm_cdc.wr_pntr_gc_reg[3]/Q
                         net (fo=1, routed)           0.889     1.004    dbg_hub/inst/BSCANID.u_xsdbm_id/CORE_XSDB.UUT_MASTER/U_ICON_INTERFACE/U_CMD6_RD/U_RD_FIFO/SUBCORE_FIFO.xsdbm_v3_0_0_rdfifo_inst/inst_fifo_gen/gconvfifo.rf/grf.rf/gntv_or_sync_fifo.gcx.clkx/gnxpm_cdc.gsync_stage[1].rd_stg_inst/Q[3]
    SLICE_X89Y117        FDCE                                         r  dbg_hub/inst/BSCANID.u_xsdbm_id/CORE_XSDB.UUT_MASTER/U_ICON_INTERFACE/U_CMD6_RD/U_RD_FIFO/SUBCORE_FIFO.xsdbm_v3_0_0_rdfifo_inst/inst_fifo_gen/gconvfifo.rf/grf.rf/gntv_or_sync_fifo.gcx.clkx/gnxpm_cdc.gsync_stage[1].rd_stg_inst/Q_reg_reg[3]/D
  -------------------------------------------------------------------    -------------------

                         max delay                    6.400     6.400    
    SLICE_X89Y117        FDCE (Setup_FFF2_SLICEL_C_D)
                                                      0.060     6.460    dbg_hub/inst/BSCANID.u_xsdbm_id/CORE_XSDB.UUT_MASTER/U_ICON_INTERFACE/U_CMD6_RD/U_RD_FIFO/SUBCORE_FIFO.xsdbm_v3_0_0_rdfifo_inst/inst_fifo_gen/gconvfifo.rf/grf.rf/gntv_or_sync_fifo.gcx.clkx/gnxpm_cdc.gsync_stage[1].rd_stg_inst/Q_reg_reg[3]
  -------------------------------------------------------------------
                         required time                          6.460    
                         arrival time                          -1.004    
  -------------------------------------------------------------------
                         slack                                  5.456    

Slack (MET) :             5.476ns  (required time - arrival time)
  Source:                 dbg_hub/inst/BSCANID.u_xsdbm_id/CORE_XSDB.UUT_MASTER/U_ICON_INTERFACE/U_CMD6_WR/U_WR_FIFO/SUBCORE_FIFO.xsdbm_v3_0_0_wrfifo_inst/inst_fifo_gen/gconvfifo.rf/grf.rf/gntv_or_sync_fifo.gcx.clkx/gnxpm_cdc.rd_pntr_gc_reg[2]/C
                            (rising edge-triggered cell FDCE clocked by gtwiz_userclk_rx_usrclk2_int  {rise@0.000ns fall@3.200ns period=6.400ns})
  Destination:            dbg_hub/inst/BSCANID.u_xsdbm_id/CORE_XSDB.UUT_MASTER/U_ICON_INTERFACE/U_CMD6_WR/U_WR_FIFO/SUBCORE_FIFO.xsdbm_v3_0_0_wrfifo_inst/inst_fifo_gen/gconvfifo.rf/grf.rf/gntv_or_sync_fifo.gcx.clkx/gnxpm_cdc.gsync_stage[1].wr_stg_inst/Q_reg_reg[2]/D
                            (rising edge-triggered cell FDCE clocked by dbg_hub/inst/BSCANID.u_xsdbm_id/SWITCH_N_EXT_BSCAN.bscan_inst/SERIES7_BSCAN.bscan_inst/TCK  {rise@0.000ns fall@16.500ns period=33.000ns})
  Path Group:             dbg_hub/inst/BSCANID.u_xsdbm_id/SWITCH_N_EXT_BSCAN.bscan_inst/SERIES7_BSCAN.bscan_inst/TCK
  Path Type:              Setup (Max at Slow Process Corner)
  Requirement:            6.400ns  (MaxDelay Path 6.400ns)
  Data Path Delay:        0.984ns  (logic 0.114ns (11.585%)  route 0.870ns (88.415%))
  Logic Levels:           0  
  Timing Exception:       MaxDelay Path 6.400ns -datapath_only

    Location             Delay type                Incr(ns)  Path(ns)    Netlist Resource(s)
  -------------------------------------------------------------------    -------------------
    SLICE_X89Y125                                     0.000     0.000 r  dbg_hub/inst/BSCANID.u_xsdbm_id/CORE_XSDB.UUT_MASTER/U_ICON_INTERFACE/U_CMD6_WR/U_WR_FIFO/SUBCORE_FIFO.xsdbm_v3_0_0_wrfifo_inst/inst_fifo_gen/gconvfifo.rf/grf.rf/gntv_or_sync_fifo.gcx.clkx/gnxpm_cdc.rd_pntr_gc_reg[2]/C
    SLICE_X89Y125        FDCE (Prop_CFF_SLICEL_C_Q)
                                                      0.114     0.114 r  dbg_hub/inst/BSCANID.u_xsdbm_id/CORE_XSDB.UUT_MASTER/U_ICON_INTERFACE/U_CMD6_WR/U_WR_FIFO/SUBCORE_FIFO.xsdbm_v3_0_0_wrfifo_inst/inst_fifo_gen/gconvfifo.rf/grf.rf/gntv_or_sync_fifo.gcx.clkx/gnxpm_cdc.rd_pntr_gc_reg[2]/Q
                         net (fo=1, routed)           0.870     0.984    dbg_hub/inst/BSCANID.u_xsdbm_id/CORE_XSDB.UUT_MASTER/U_ICON_INTERFACE/U_CMD6_WR/U_WR_FIFO/SUBCORE_FIFO.xsdbm_v3_0_0_wrfifo_inst/inst_fifo_gen/gconvfifo.rf/grf.rf/gntv_or_sync_fifo.gcx.clkx/gnxpm_cdc.gsync_stage[1].wr_stg_inst/Q[2]
    SLICE_X89Y125        FDCE                                         r  dbg_hub/inst/BSCANID.u_xsdbm_id/CORE_XSDB.UUT_MASTER/U_ICON_INTERFACE/U_CMD6_WR/U_WR_FIFO/SUBCORE_FIFO.xsdbm_v3_0_0_wrfifo_inst/inst_fifo_gen/gconvfifo.rf/grf.rf/gntv_or_sync_fifo.gcx.clkx/gnxpm_cdc.gsync_stage[1].wr_stg_inst/Q_reg_reg[2]/D
  -------------------------------------------------------------------    -------------------

                         max delay                    6.400     6.400    
    SLICE_X89Y125        FDCE (Setup_HFF2_SLICEL_C_D)
                                                      0.060     6.460    dbg_hub/inst/BSCANID.u_xsdbm_id/CORE_XSDB.UUT_MASTER/U_ICON_INTERFACE/U_CMD6_WR/U_WR_FIFO/SUBCORE_FIFO.xsdbm_v3_0_0_wrfifo_inst/inst_fifo_gen/gconvfifo.rf/grf.rf/gntv_or_sync_fifo.gcx.clkx/gnxpm_cdc.gsync_stage[1].wr_stg_inst/Q_reg_reg[2]
  -------------------------------------------------------------------
                         required time                          6.460    
                         arrival time                          -0.984    
  -------------------------------------------------------------------
                         slack                                  5.476    

Slack (MET) :             5.482ns  (required time - arrival time)
  Source:                 dbg_hub/inst/BSCANID.u_xsdbm_id/CORE_XSDB.UUT_MASTER/U_ICON_INTERFACE/U_CMD6_RD/U_RD_FIFO/SUBCORE_FIFO.xsdbm_v3_0_0_rdfifo_inst/inst_fifo_gen/gconvfifo.rf/grf.rf/gntv_or_sync_fifo.gcx.clkx/gnxpm_cdc.wr_pntr_gc_reg[0]/C
                            (rising edge-triggered cell FDCE clocked by gtwiz_userclk_rx_usrclk2_int  {rise@0.000ns fall@3.200ns period=6.400ns})
  Destination:            dbg_hub/inst/BSCANID.u_xsdbm_id/CORE_XSDB.UUT_MASTER/U_ICON_INTERFACE/U_CMD6_RD/U_RD_FIFO/SUBCORE_FIFO.xsdbm_v3_0_0_rdfifo_inst/inst_fifo_gen/gconvfifo.rf/grf.rf/gntv_or_sync_fifo.gcx.clkx/gnxpm_cdc.gsync_stage[1].rd_stg_inst/Q_reg_reg[0]/D
                            (rising edge-triggered cell FDCE clocked by dbg_hub/inst/BSCANID.u_xsdbm_id/SWITCH_N_EXT_BSCAN.bscan_inst/SERIES7_BSCAN.bscan_inst/TCK  {rise@0.000ns fall@16.500ns period=33.000ns})
  Path Group:             dbg_hub/inst/BSCANID.u_xsdbm_id/SWITCH_N_EXT_BSCAN.bscan_inst/SERIES7_BSCAN.bscan_inst/TCK
  Path Type:              Setup (Max at Slow Process Corner)
  Requirement:            6.400ns  (MaxDelay Path 6.400ns)
  Data Path Delay:        0.979ns  (logic 0.114ns (11.645%)  route 0.865ns (88.355%))
  Logic Levels:           0  
  Timing Exception:       MaxDelay Path 6.400ns -datapath_only

    Location             Delay type                Incr(ns)  Path(ns)    Netlist Resource(s)
  -------------------------------------------------------------------    -------------------
    SLICE_X89Y117                                     0.000     0.000 r  dbg_hub/inst/BSCANID.u_xsdbm_id/CORE_XSDB.UUT_MASTER/U_ICON_INTERFACE/U_CMD6_RD/U_RD_FIFO/SUBCORE_FIFO.xsdbm_v3_0_0_rdfifo_inst/inst_fifo_gen/gconvfifo.rf/grf.rf/gntv_or_sync_fifo.gcx.clkx/gnxpm_cdc.wr_pntr_gc_reg[0]/C
    SLICE_X89Y117        FDCE (Prop_DFF_SLICEL_C_Q)
                                                      0.114     0.114 r  dbg_hub/inst/BSCANID.u_xsdbm_id/CORE_XSDB.UUT_MASTER/U_ICON_INTERFACE/U_CMD6_RD/U_RD_FIFO/SUBCORE_FIFO.xsdbm_v3_0_0_rdfifo_inst/inst_fifo_gen/gconvfifo.rf/grf.rf/gntv_or_sync_fifo.gcx.clkx/gnxpm_cdc.wr_pntr_gc_reg[0]/Q
                         net (fo=1, routed)           0.865     0.979    dbg_hub/inst/BSCANID.u_xsdbm_id/CORE_XSDB.UUT_MASTER/U_ICON_INTERFACE/U_CMD6_RD/U_RD_FIFO/SUBCORE_FIFO.xsdbm_v3_0_0_rdfifo_inst/inst_fifo_gen/gconvfifo.rf/grf.rf/gntv_or_sync_fifo.gcx.clkx/gnxpm_cdc.gsync_stage[1].rd_stg_inst/Q[0]
    SLICE_X89Y117        FDCE                                         r  dbg_hub/inst/BSCANID.u_xsdbm_id/CORE_XSDB.UUT_MASTER/U_ICON_INTERFACE/U_CMD6_RD/U_RD_FIFO/SUBCORE_FIFO.xsdbm_v3_0_0_rdfifo_inst/inst_fifo_gen/gconvfifo.rf/grf.rf/gntv_or_sync_fifo.gcx.clkx/gnxpm_cdc.gsync_stage[1].rd_stg_inst/Q_reg_reg[0]/D
  -------------------------------------------------------------------    -------------------

                         max delay                    6.400     6.400    
    SLICE_X89Y117        FDCE (Setup_GFF2_SLICEL_C_D)
                                                      0.061     6.461    dbg_hub/inst/BSCANID.u_xsdbm_id/CORE_XSDB.UUT_MASTER/U_ICON_INTERFACE/U_CMD6_RD/U_RD_FIFO/SUBCORE_FIFO.xsdbm_v3_0_0_rdfifo_inst/inst_fifo_gen/gconvfifo.rf/grf.rf/gntv_or_sync_fifo.gcx.clkx/gnxpm_cdc.gsync_stage[1].rd_stg_inst/Q_reg_reg[0]
  -------------------------------------------------------------------
                         required time                          6.461    
                         arrival time                          -0.979    
  -------------------------------------------------------------------
                         slack                                  5.482    

Slack (MET) :             5.579ns  (required time - arrival time)
  Source:                 dbg_hub/inst/BSCANID.u_xsdbm_id/CORE_XSDB.UUT_MASTER/U_ICON_INTERFACE/U_CMD6_RD/U_RD_FIFO/SUBCORE_FIFO.xsdbm_v3_0_0_rdfifo_inst/inst_fifo_gen/gconvfifo.rf/grf.rf/gntv_or_sync_fifo.gcx.clkx/gnxpm_cdc.wr_pntr_gc_reg[2]/C
                            (rising edge-triggered cell FDCE clocked by gtwiz_userclk_rx_usrclk2_int  {rise@0.000ns fall@3.200ns period=6.400ns})
  Destination:            dbg_hub/inst/BSCANID.u_xsdbm_id/CORE_XSDB.UUT_MASTER/U_ICON_INTERFACE/U_CMD6_RD/U_RD_FIFO/SUBCORE_FIFO.xsdbm_v3_0_0_rdfifo_inst/inst_fifo_gen/gconvfifo.rf/grf.rf/gntv_or_sync_fifo.gcx.clkx/gnxpm_cdc.gsync_stage[1].rd_stg_inst/Q_reg_reg[2]/D
                            (rising edge-triggered cell FDCE clocked by dbg_hub/inst/BSCANID.u_xsdbm_id/SWITCH_N_EXT_BSCAN.bscan_inst/SERIES7_BSCAN.bscan_inst/TCK  {rise@0.000ns fall@16.500ns period=33.000ns})
  Path Group:             dbg_hub/inst/BSCANID.u_xsdbm_id/SWITCH_N_EXT_BSCAN.bscan_inst/SERIES7_BSCAN.bscan_inst/TCK
  Path Type:              Setup (Max at Slow Process Corner)
  Requirement:            6.400ns  (MaxDelay Path 6.400ns)
  Data Path Delay:        0.881ns  (logic 0.117ns (13.280%)  route 0.764ns (86.720%))
  Logic Levels:           0  
  Timing Exception:       MaxDelay Path 6.400ns -datapath_only

    Location             Delay type                Incr(ns)  Path(ns)    Netlist Resource(s)
  -------------------------------------------------------------------    -------------------
    SLICE_X89Y117                                     0.000     0.000 r  dbg_hub/inst/BSCANID.u_xsdbm_id/CORE_XSDB.UUT_MASTER/U_ICON_INTERFACE/U_CMD6_RD/U_RD_FIFO/SUBCORE_FIFO.xsdbm_v3_0_0_rdfifo_inst/inst_fifo_gen/gconvfifo.rf/grf.rf/gntv_or_sync_fifo.gcx.clkx/gnxpm_cdc.wr_pntr_gc_reg[2]/C
    SLICE_X89Y117        FDCE (Prop_CFF2_SLICEL_C_Q)
                                                      0.117     0.117 r  dbg_hub/inst/BSCANID.u_xsdbm_id/CORE_XSDB.UUT_MASTER/U_ICON_INTERFACE/U_CMD6_RD/U_RD_FIFO/SUBCORE_FIFO.xsdbm_v3_0_0_rdfifo_inst/inst_fifo_gen/gconvfifo.rf/grf.rf/gntv_or_sync_fifo.gcx.clkx/gnxpm_cdc.wr_pntr_gc_reg[2]/Q
                         net (fo=1, routed)           0.764     0.881    dbg_hub/inst/BSCANID.u_xsdbm_id/CORE_XSDB.UUT_MASTER/U_ICON_INTERFACE/U_CMD6_RD/U_RD_FIFO/SUBCORE_FIFO.xsdbm_v3_0_0_rdfifo_inst/inst_fifo_gen/gconvfifo.rf/grf.rf/gntv_or_sync_fifo.gcx.clkx/gnxpm_cdc.gsync_stage[1].rd_stg_inst/Q[2]
    SLICE_X88Y117        FDCE                                         r  dbg_hub/inst/BSCANID.u_xsdbm_id/CORE_XSDB.UUT_MASTER/U_ICON_INTERFACE/U_CMD6_RD/U_RD_FIFO/SUBCORE_FIFO.xsdbm_v3_0_0_rdfifo_inst/inst_fifo_gen/gconvfifo.rf/grf.rf/gntv_or_sync_fifo.gcx.clkx/gnxpm_cdc.gsync_stage[1].rd_stg_inst/Q_reg_reg[2]/D
  -------------------------------------------------------------------    -------------------

                         max delay                    6.400     6.400    
    SLICE_X88Y117        FDCE (Setup_GFF_SLICEL_C_D)
                                                      0.060     6.460    dbg_hub/inst/BSCANID.u_xsdbm_id/CORE_XSDB.UUT_MASTER/U_ICON_INTERFACE/U_CMD6_RD/U_RD_FIFO/SUBCORE_FIFO.xsdbm_v3_0_0_rdfifo_inst/inst_fifo_gen/gconvfifo.rf/grf.rf/gntv_or_sync_fifo.gcx.clkx/gnxpm_cdc.gsync_stage[1].rd_stg_inst/Q_reg_reg[2]
  -------------------------------------------------------------------
                         required time                          6.460    
                         arrival time                          -0.881    
  -------------------------------------------------------------------
                         slack                                  5.579    

Slack (MET) :             5.680ns  (required time - arrival time)
  Source:                 dbg_hub/inst/BSCANID.u_xsdbm_id/CORE_XSDB.UUT_MASTER/U_ICON_INTERFACE/U_CMD6_WR/U_WR_FIFO/SUBCORE_FIFO.xsdbm_v3_0_0_wrfifo_inst/inst_fifo_gen/gconvfifo.rf/grf.rf/gntv_or_sync_fifo.gcx.clkx/gnxpm_cdc.rd_pntr_gc_reg[3]/C
                            (rising edge-triggered cell FDCE clocked by gtwiz_userclk_rx_usrclk2_int  {rise@0.000ns fall@3.200ns period=6.400ns})
  Destination:            dbg_hub/inst/BSCANID.u_xsdbm_id/CORE_XSDB.UUT_MASTER/U_ICON_INTERFACE/U_CMD6_WR/U_WR_FIFO/SUBCORE_FIFO.xsdbm_v3_0_0_wrfifo_inst/inst_fifo_gen/gconvfifo.rf/grf.rf/gntv_or_sync_fifo.gcx.clkx/gnxpm_cdc.gsync_stage[1].wr_stg_inst/Q_reg_reg[3]/D
                            (rising edge-triggered cell FDCE clocked by dbg_hub/inst/BSCANID.u_xsdbm_id/SWITCH_N_EXT_BSCAN.bscan_inst/SERIES7_BSCAN.bscan_inst/TCK  {rise@0.000ns fall@16.500ns period=33.000ns})
  Path Group:             dbg_hub/inst/BSCANID.u_xsdbm_id/SWITCH_N_EXT_BSCAN.bscan_inst/SERIES7_BSCAN.bscan_inst/TCK
  Path Type:              Setup (Max at Slow Process Corner)
  Requirement:            6.400ns  (MaxDelay Path 6.400ns)
  Data Path Delay:        0.783ns  (logic 0.117ns (14.943%)  route 0.666ns (85.057%))
  Logic Levels:           0  
  Timing Exception:       MaxDelay Path 6.400ns -datapath_only

    Location             Delay type                Incr(ns)  Path(ns)    Netlist Resource(s)
  -------------------------------------------------------------------    -------------------
    SLICE_X88Y123                                     0.000     0.000 r  dbg_hub/inst/BSCANID.u_xsdbm_id/CORE_XSDB.UUT_MASTER/U_ICON_INTERFACE/U_CMD6_WR/U_WR_FIFO/SUBCORE_FIFO.xsdbm_v3_0_0_wrfifo_inst/inst_fifo_gen/gconvfifo.rf/grf.rf/gntv_or_sync_fifo.gcx.clkx/gnxpm_cdc.rd_pntr_gc_reg[3]/C
    SLICE_X88Y123        FDCE (Prop_AFF2_SLICEL_C_Q)
                                                      0.117     0.117 r  dbg_hub/inst/BSCANID.u_xsdbm_id/CORE_XSDB.UUT_MASTER/U_ICON_INTERFACE/U_CMD6_WR/U_WR_FIFO/SUBCORE_FIFO.xsdbm_v3_0_0_wrfifo_inst/inst_fifo_gen/gconvfifo.rf/grf.rf/gntv_or_sync_fifo.gcx.clkx/gnxpm_cdc.rd_pntr_gc_reg[3]/Q
                         net (fo=1, routed)           0.666     0.783    dbg_hub/inst/BSCANID.u_xsdbm_id/CORE_XSDB.UUT_MASTER/U_ICON_INTERFACE/U_CMD6_WR/U_WR_FIFO/SUBCORE_FIFO.xsdbm_v3_0_0_wrfifo_inst/inst_fifo_gen/gconvfifo.rf/grf.rf/gntv_or_sync_fifo.gcx.clkx/gnxpm_cdc.gsync_stage[1].wr_stg_inst/Q[3]
    SLICE_X89Y123        FDCE                                         r  dbg_hub/inst/BSCANID.u_xsdbm_id/CORE_XSDB.UUT_MASTER/U_ICON_INTERFACE/U_CMD6_WR/U_WR_FIFO/SUBCORE_FIFO.xsdbm_v3_0_0_wrfifo_inst/inst_fifo_gen/gconvfifo.rf/grf.rf/gntv_or_sync_fifo.gcx.clkx/gnxpm_cdc.gsync_stage[1].wr_stg_inst/Q_reg_reg[3]/D
  -------------------------------------------------------------------    -------------------

                         max delay                    6.400     6.400    
    SLICE_X89Y123        FDCE (Setup_DFF2_SLICEL_C_D)
                                                      0.063     6.463    dbg_hub/inst/BSCANID.u_xsdbm_id/CORE_XSDB.UUT_MASTER/U_ICON_INTERFACE/U_CMD6_WR/U_WR_FIFO/SUBCORE_FIFO.xsdbm_v3_0_0_wrfifo_inst/inst_fifo_gen/gconvfifo.rf/grf.rf/gntv_or_sync_fifo.gcx.clkx/gnxpm_cdc.gsync_stage[1].wr_stg_inst/Q_reg_reg[3]
  -------------------------------------------------------------------
                         required time                          6.463    
                         arrival time                          -0.783    
  -------------------------------------------------------------------
                         slack                                  5.680    

Slack (MET) :             5.705ns  (required time - arrival time)
  Source:                 dbg_hub/inst/BSCANID.u_xsdbm_id/CORE_XSDB.UUT_MASTER/U_ICON_INTERFACE/U_CMD6_RD/U_RD_FIFO/SUBCORE_FIFO.xsdbm_v3_0_0_rdfifo_inst/inst_fifo_gen/gconvfifo.rf/grf.rf/gntv_or_sync_fifo.gcx.clkx/gnxpm_cdc.wr_pntr_gc_reg[1]/C
                            (rising edge-triggered cell FDCE clocked by gtwiz_userclk_rx_usrclk2_int  {rise@0.000ns fall@3.200ns period=6.400ns})
  Destination:            dbg_hub/inst/BSCANID.u_xsdbm_id/CORE_XSDB.UUT_MASTER/U_ICON_INTERFACE/U_CMD6_RD/U_RD_FIFO/SUBCORE_FIFO.xsdbm_v3_0_0_rdfifo_inst/inst_fifo_gen/gconvfifo.rf/grf.rf/gntv_or_sync_fifo.gcx.clkx/gnxpm_cdc.gsync_stage[1].rd_stg_inst/Q_reg_reg[1]/D
                            (rising edge-triggered cell FDCE clocked by dbg_hub/inst/BSCANID.u_xsdbm_id/SWITCH_N_EXT_BSCAN.bscan_inst/SERIES7_BSCAN.bscan_inst/TCK  {rise@0.000ns fall@16.500ns period=33.000ns})
  Path Group:             dbg_hub/inst/BSCANID.u_xsdbm_id/SWITCH_N_EXT_BSCAN.bscan_inst/SERIES7_BSCAN.bscan_inst/TCK
  Path Type:              Setup (Max at Slow Process Corner)
  Requirement:            6.400ns  (MaxDelay Path 6.400ns)
  Data Path Delay:        0.755ns  (logic 0.114ns (15.099%)  route 0.641ns (84.901%))
  Logic Levels:           0  
  Timing Exception:       MaxDelay Path 6.400ns -datapath_only

    Location             Delay type                Incr(ns)  Path(ns)    Netlist Resource(s)
  -------------------------------------------------------------------    -------------------
    SLICE_X89Y117                                     0.000     0.000 r  dbg_hub/inst/BSCANID.u_xsdbm_id/CORE_XSDB.UUT_MASTER/U_ICON_INTERFACE/U_CMD6_RD/U_RD_FIFO/SUBCORE_FIFO.xsdbm_v3_0_0_rdfifo_inst/inst_fifo_gen/gconvfifo.rf/grf.rf/gntv_or_sync_fifo.gcx.clkx/gnxpm_cdc.wr_pntr_gc_reg[1]/C
    SLICE_X89Y117        FDCE (Prop_CFF_SLICEL_C_Q)
                                                      0.114     0.114 r  dbg_hub/inst/BSCANID.u_xsdbm_id/CORE_XSDB.UUT_MASTER/U_ICON_INTERFACE/U_CMD6_RD/U_RD_FIFO/SUBCORE_FIFO.xsdbm_v3_0_0_rdfifo_inst/inst_fifo_gen/gconvfifo.rf/grf.rf/gntv_or_sync_fifo.gcx.clkx/gnxpm_cdc.wr_pntr_gc_reg[1]/Q
                         net (fo=1, routed)           0.641     0.755    dbg_hub/inst/BSCANID.u_xsdbm_id/CORE_XSDB.UUT_MASTER/U_ICON_INTERFACE/U_CMD6_RD/U_RD_FIFO/SUBCORE_FIFO.xsdbm_v3_0_0_rdfifo_inst/inst_fifo_gen/gconvfifo.rf/grf.rf/gntv_or_sync_fifo.gcx.clkx/gnxpm_cdc.gsync_stage[1].rd_stg_inst/Q[1]
    SLICE_X88Y117        FDCE                                         r  dbg_hub/inst/BSCANID.u_xsdbm_id/CORE_XSDB.UUT_MASTER/U_ICON_INTERFACE/U_CMD6_RD/U_RD_FIFO/SUBCORE_FIFO.xsdbm_v3_0_0_rdfifo_inst/inst_fifo_gen/gconvfifo.rf/grf.rf/gntv_or_sync_fifo.gcx.clkx/gnxpm_cdc.gsync_stage[1].rd_stg_inst/Q_reg_reg[1]/D
  -------------------------------------------------------------------    -------------------

                         max delay                    6.400     6.400    
    SLICE_X88Y117        FDCE (Setup_FFF2_SLICEL_C_D)
                                                      0.060     6.460    dbg_hub/inst/BSCANID.u_xsdbm_id/CORE_XSDB.UUT_MASTER/U_ICON_INTERFACE/U_CMD6_RD/U_RD_FIFO/SUBCORE_FIFO.xsdbm_v3_0_0_rdfifo_inst/inst_fifo_gen/gconvfifo.rf/grf.rf/gntv_or_sync_fifo.gcx.clkx/gnxpm_cdc.gsync_stage[1].rd_stg_inst/Q_reg_reg[1]
  -------------------------------------------------------------------
                         required time                          6.460    
                         arrival time                          -0.755    
  -------------------------------------------------------------------
                         slack                                  5.705    

Slack (MET) :             5.738ns  (required time - arrival time)
  Source:                 dbg_hub/inst/BSCANID.u_xsdbm_id/CORE_XSDB.UUT_MASTER/U_ICON_INTERFACE/U_CMD6_WR/U_WR_FIFO/SUBCORE_FIFO.xsdbm_v3_0_0_wrfifo_inst/inst_fifo_gen/gconvfifo.rf/grf.rf/gntv_or_sync_fifo.gcx.clkx/gnxpm_cdc.rd_pntr_gc_reg[1]/C
                            (rising edge-triggered cell FDCE clocked by gtwiz_userclk_rx_usrclk2_int  {rise@0.000ns fall@3.200ns period=6.400ns})
  Destination:            dbg_hub/inst/BSCANID.u_xsdbm_id/CORE_XSDB.UUT_MASTER/U_ICON_INTERFACE/U_CMD6_WR/U_WR_FIFO/SUBCORE_FIFO.xsdbm_v3_0_0_wrfifo_inst/inst_fifo_gen/gconvfifo.rf/grf.rf/gntv_or_sync_fifo.gcx.clkx/gnxpm_cdc.gsync_stage[1].wr_stg_inst/Q_reg_reg[1]/D
                            (rising edge-triggered cell FDCE clocked by dbg_hub/inst/BSCANID.u_xsdbm_id/SWITCH_N_EXT_BSCAN.bscan_inst/SERIES7_BSCAN.bscan_inst/TCK  {rise@0.000ns fall@16.500ns period=33.000ns})
  Path Group:             dbg_hub/inst/BSCANID.u_xsdbm_id/SWITCH_N_EXT_BSCAN.bscan_inst/SERIES7_BSCAN.bscan_inst/TCK
  Path Type:              Setup (Max at Slow Process Corner)
  Requirement:            6.400ns  (MaxDelay Path 6.400ns)
  Data Path Delay:        0.724ns  (logic 0.117ns (16.160%)  route 0.607ns (83.840%))
  Logic Levels:           0  
  Timing Exception:       MaxDelay Path 6.400ns -datapath_only

    Location             Delay type                Incr(ns)  Path(ns)    Netlist Resource(s)
  -------------------------------------------------------------------    -------------------
    SLICE_X89Y125                                     0.000     0.000 r  dbg_hub/inst/BSCANID.u_xsdbm_id/CORE_XSDB.UUT_MASTER/U_ICON_INTERFACE/U_CMD6_WR/U_WR_FIFO/SUBCORE_FIFO.xsdbm_v3_0_0_wrfifo_inst/inst_fifo_gen/gconvfifo.rf/grf.rf/gntv_or_sync_fifo.gcx.clkx/gnxpm_cdc.rd_pntr_gc_reg[1]/C
    SLICE_X89Y125        FDCE (Prop_DFF2_SLICEL_C_Q)
                                                      0.117     0.117 r  dbg_hub/inst/BSCANID.u_xsdbm_id/CORE_XSDB.UUT_MASTER/U_ICON_INTERFACE/U_CMD6_WR/U_WR_FIFO/SUBCORE_FIFO.xsdbm_v3_0_0_wrfifo_inst/inst_fifo_gen/gconvfifo.rf/grf.rf/gntv_or_sync_fifo.gcx.clkx/gnxpm_cdc.rd_pntr_gc_reg[1]/Q
                         net (fo=1, routed)           0.607     0.724    dbg_hub/inst/BSCANID.u_xsdbm_id/CORE_XSDB.UUT_MASTER/U_ICON_INTERFACE/U_CMD6_WR/U_WR_FIFO/SUBCORE_FIFO.xsdbm_v3_0_0_wrfifo_inst/inst_fifo_gen/gconvfifo.rf/grf.rf/gntv_or_sync_fifo.gcx.clkx/gnxpm_cdc.gsync_stage[1].wr_stg_inst/Q[1]
    SLICE_X88Y124        FDCE                                         r  dbg_hub/inst/BSCANID.u_xsdbm_id/CORE_XSDB.UUT_MASTER/U_ICON_INTERFACE/U_CMD6_WR/U_WR_FIFO/SUBCORE_FIFO.xsdbm_v3_0_0_wrfifo_inst/inst_fifo_gen/gconvfifo.rf/grf.rf/gntv_or_sync_fifo.gcx.clkx/gnxpm_cdc.gsync_stage[1].wr_stg_inst/Q_reg_reg[1]/D
  -------------------------------------------------------------------    -------------------

                         max delay                    6.400     6.400    
    SLICE_X88Y124        FDCE (Setup_BFF2_SLICEL_C_D)
                                                      0.062     6.462    dbg_hub/inst/BSCANID.u_xsdbm_id/CORE_XSDB.UUT_MASTER/U_ICON_INTERFACE/U_CMD6_WR/U_WR_FIFO/SUBCORE_FIFO.xsdbm_v3_0_0_wrfifo_inst/inst_fifo_gen/gconvfifo.rf/grf.rf/gntv_or_sync_fifo.gcx.clkx/gnxpm_cdc.gsync_stage[1].wr_stg_inst/Q_reg_reg[1]
  -------------------------------------------------------------------
                         required time                          6.462    
                         arrival time                          -0.724    
  -------------------------------------------------------------------
                         slack                                  5.738    

Slack (MET) :             5.790ns  (required time - arrival time)
  Source:                 dbg_hub/inst/BSCANID.u_xsdbm_id/CORE_XSDB.UUT_MASTER/U_ICON_INTERFACE/U_CMD6_WR/U_WR_FIFO/SUBCORE_FIFO.xsdbm_v3_0_0_wrfifo_inst/inst_fifo_gen/gconvfifo.rf/grf.rf/gntv_or_sync_fifo.gcx.clkx/gnxpm_cdc.rd_pntr_gc_reg[0]/C
                            (rising edge-triggered cell FDCE clocked by gtwiz_userclk_rx_usrclk2_int  {rise@0.000ns fall@3.200ns period=6.400ns})
  Destination:            dbg_hub/inst/BSCANID.u_xsdbm_id/CORE_XSDB.UUT_MASTER/U_ICON_INTERFACE/U_CMD6_WR/U_WR_FIFO/SUBCORE_FIFO.xsdbm_v3_0_0_wrfifo_inst/inst_fifo_gen/gconvfifo.rf/grf.rf/gntv_or_sync_fifo.gcx.clkx/gnxpm_cdc.gsync_stage[1].wr_stg_inst/Q_reg_reg[0]/D
                            (rising edge-triggered cell FDCE clocked by dbg_hub/inst/BSCANID.u_xsdbm_id/SWITCH_N_EXT_BSCAN.bscan_inst/SERIES7_BSCAN.bscan_inst/TCK  {rise@0.000ns fall@16.500ns period=33.000ns})
  Path Group:             dbg_hub/inst/BSCANID.u_xsdbm_id/SWITCH_N_EXT_BSCAN.bscan_inst/SERIES7_BSCAN.bscan_inst/TCK
  Path Type:              Setup (Max at Slow Process Corner)
  Requirement:            6.400ns  (MaxDelay Path 6.400ns)
  Data Path Delay:        0.670ns  (logic 0.115ns (17.164%)  route 0.555ns (82.836%))
  Logic Levels:           0  
  Timing Exception:       MaxDelay Path 6.400ns -datapath_only

    Location             Delay type                Incr(ns)  Path(ns)    Netlist Resource(s)
  -------------------------------------------------------------------    -------------------
    SLICE_X88Y123                                     0.000     0.000 r  dbg_hub/inst/BSCANID.u_xsdbm_id/CORE_XSDB.UUT_MASTER/U_ICON_INTERFACE/U_CMD6_WR/U_WR_FIFO/SUBCORE_FIFO.xsdbm_v3_0_0_wrfifo_inst/inst_fifo_gen/gconvfifo.rf/grf.rf/gntv_or_sync_fifo.gcx.clkx/gnxpm_cdc.rd_pntr_gc_reg[0]/C
    SLICE_X88Y123        FDCE (Prop_AFF_SLICEL_C_Q)
                                                      0.115     0.115 r  dbg_hub/inst/BSCANID.u_xsdbm_id/CORE_XSDB.UUT_MASTER/U_ICON_INTERFACE/U_CMD6_WR/U_WR_FIFO/SUBCORE_FIFO.xsdbm_v3_0_0_wrfifo_inst/inst_fifo_gen/gconvfifo.rf/grf.rf/gntv_or_sync_fifo.gcx.clkx/gnxpm_cdc.rd_pntr_gc_reg[0]/Q
                         net (fo=1, routed)           0.555     0.670    dbg_hub/inst/BSCANID.u_xsdbm_id/CORE_XSDB.UUT_MASTER/U_ICON_INTERFACE/U_CMD6_WR/U_WR_FIFO/SUBCORE_FIFO.xsdbm_v3_0_0_wrfifo_inst/inst_fifo_gen/gconvfifo.rf/grf.rf/gntv_or_sync_fifo.gcx.clkx/gnxpm_cdc.gsync_stage[1].wr_stg_inst/Q[0]
    SLICE_X88Y123        FDCE                                         r  dbg_hub/inst/BSCANID.u_xsdbm_id/CORE_XSDB.UUT_MASTER/U_ICON_INTERFACE/U_CMD6_WR/U_WR_FIFO/SUBCORE_FIFO.xsdbm_v3_0_0_wrfifo_inst/inst_fifo_gen/gconvfifo.rf/grf.rf/gntv_or_sync_fifo.gcx.clkx/gnxpm_cdc.gsync_stage[1].wr_stg_inst/Q_reg_reg[0]/D
  -------------------------------------------------------------------    -------------------

                         max delay                    6.400     6.400    
    SLICE_X88Y123        FDCE (Setup_HFF2_SLICEL_C_D)
                                                      0.060     6.460    dbg_hub/inst/BSCANID.u_xsdbm_id/CORE_XSDB.UUT_MASTER/U_ICON_INTERFACE/U_CMD6_WR/U_WR_FIFO/SUBCORE_FIFO.xsdbm_v3_0_0_wrfifo_inst/inst_fifo_gen/gconvfifo.rf/grf.rf/gntv_or_sync_fifo.gcx.clkx/gnxpm_cdc.gsync_stage[1].wr_stg_inst/Q_reg_reg[0]
  -------------------------------------------------------------------
                         required time                          6.460    
                         arrival time                          -0.670    
  -------------------------------------------------------------------
                         slack                                  5.790    





---------------------------------------------------------------------------------------------------
Path Group:  **async_default**
From Clock:  dbg_hub/inst/BSCANID.u_xsdbm_id/SWITCH_N_EXT_BSCAN.bscan_inst/SERIES7_BSCAN.bscan_inst/TCK
  To Clock:  dbg_hub/inst/BSCANID.u_xsdbm_id/SWITCH_N_EXT_BSCAN.bscan_inst/SERIES7_BSCAN.bscan_inst/TCK

Setup :            0  Failing Endpoints,  Worst Slack       30.704ns,  Total Violation        0.000ns
Hold  :            0  Failing Endpoints,  Worst Slack        0.062ns,  Total Violation        0.000ns
---------------------------------------------------------------------------------------------------


Max Delay Paths
--------------------------------------------------------------------------------------
Slack (MET) :             30.704ns  (required time - arrival time)
  Source:                 dbg_hub/inst/BSCANID.u_xsdbm_id/SWITCH_N_EXT_BSCAN.bscan_switch/portno_reg[5]/C
                            (rising edge-triggered cell FDRE clocked by dbg_hub/inst/BSCANID.u_xsdbm_id/SWITCH_N_EXT_BSCAN.bscan_inst/SERIES7_BSCAN.bscan_inst/TCK  {rise@0.000ns fall@16.500ns period=33.000ns})
  Destination:            dbg_hub/inst/BSCANID.u_xsdbm_id/CORE_XSDB.U_ICON/U_CMD/iTARGET_reg[12]/CLR
                            (recovery check against rising-edge clock dbg_hub/inst/BSCANID.u_xsdbm_id/SWITCH_N_EXT_BSCAN.bscan_inst/SERIES7_BSCAN.bscan_inst/TCK  {rise@0.000ns fall@16.500ns period=33.000ns})
  Path Group:             **async_default**
  Path Type:              Recovery (Max at Slow Process Corner)
  Requirement:            33.000ns  (dbg_hub/inst/BSCANID.u_xsdbm_id/SWITCH_N_EXT_BSCAN.bscan_inst/SERIES7_BSCAN.bscan_inst/TCK rise@33.000ns - dbg_hub/inst/BSCANID.u_xsdbm_id/SWITCH_N_EXT_BSCAN.bscan_inst/SERIES7_BSCAN.bscan_inst/TCK rise@0.000ns)
  Data Path Delay:        1.948ns  (logic 0.346ns (17.762%)  route 1.602ns (82.238%))
  Logic Levels:           2  (LUT4=1 LUT6=1)
  Clock Path Skew:        -0.231ns (DCD - SCD + CPR)
    Destination Clock Delay (DCD):    3.656ns = ( 36.656 - 33.000 ) 
    Source Clock Delay      (SCD):    4.372ns
    Clock Pessimism Removal (CPR):    0.485ns
  Clock Uncertainty:      0.035ns  ((TSJ^2 + TIJ^2)^1/2 + DJ) / 2 + PE
    Total System Jitter     (TSJ):    0.071ns
    Total Input Jitter      (TIJ):    0.000ns
    Discrete Jitter          (DJ):    0.000ns
    Phase Error              (PE):    0.000ns
  Clock Net Delay (Source):      2.252ns (routing 0.737ns, distribution 1.515ns)
  Clock Net Delay (Destination): 1.963ns (routing 0.679ns, distribution 1.284ns)

    Location             Delay type                Incr(ns)  Path(ns)    Netlist Resource(s)
  -------------------------------------------------------------------    -------------------
                         (clock dbg_hub/inst/BSCANID.u_xsdbm_id/SWITCH_N_EXT_BSCAN.bscan_inst/SERIES7_BSCAN.bscan_inst/TCK rise edge)
                                                      0.000     0.000 r  
    CONFIG_SITE_X0Y0     BSCANE2                      0.000     0.000 r  dbg_hub/inst/BSCANID.u_xsdbm_id/SWITCH_N_EXT_BSCAN.bscan_inst/SERIES7_BSCAN.bscan_inst/TCK
                         net (fo=1, routed)           2.037     2.037    dbg_hub/inst/BSCANID.u_xsdbm_id/tck_bs
    BUFGCE_X1Y56         BUFGCE (Prop_BUFCE_BUFGCE_I_O)
                                                      0.083     2.120 r  dbg_hub/inst/BSCANID.u_xsdbm_id/SWITCH_N_EXT_BSCAN.u_bufg_icon_tck/O
    X3Y2 (CLOCK_ROOT)    net (fo=494, routed)         2.252     4.372    dbg_hub/inst/BSCANID.u_xsdbm_id/SWITCH_N_EXT_BSCAN.bscan_switch/s_bscan_tck
    SLICE_X96Y191        FDRE                                         r  dbg_hub/inst/BSCANID.u_xsdbm_id/SWITCH_N_EXT_BSCAN.bscan_switch/portno_reg[5]/C
  -------------------------------------------------------------------    -------------------
    SLICE_X96Y191        FDRE (Prop_GFF2_SLICEL_C_Q)
                                                      0.118     4.490 f  dbg_hub/inst/BSCANID.u_xsdbm_id/SWITCH_N_EXT_BSCAN.bscan_switch/portno_reg[5]/Q
                         net (fo=1, routed)           0.372     4.862    dbg_hub/inst/BSCANID.u_xsdbm_id/SWITCH_N_EXT_BSCAN.bscan_switch/portno[5]
    SLICE_X96Y191        LUT6 (Prop_H6LUT_SLICEL_I5_O)
                                                      0.188     5.050 f  dbg_hub/inst/BSCANID.u_xsdbm_id/SWITCH_N_EXT_BSCAN.bscan_switch/m_bscan_drck[0]_INST_0_i_1/O
                         net (fo=5, routed)           0.410     5.460    dbg_hub/inst/BSCANID.u_xsdbm_id/SWITCH_N_EXT_BSCAN.bscan_switch/m_bscan_drck[0]_INST_0_i_1_n_0
    SLICE_X94Y185        LUT4 (Prop_E6LUT_SLICEM_I3_O)
                                                      0.040     5.500 r  dbg_hub/inst/BSCANID.u_xsdbm_id/SWITCH_N_EXT_BSCAN.bscan_switch/m_bscan_sel[0]_INST_0/O
                         net (fo=11, routed)          0.820     6.320    dbg_hub/inst/BSCANID.u_xsdbm_id/CORE_XSDB.U_ICON/U_CMD/iTARGET_reg[6]_0
    SLICE_X90Y160        FDCE                                         f  dbg_hub/inst/BSCANID.u_xsdbm_id/CORE_XSDB.U_ICON/U_CMD/iTARGET_reg[12]/CLR  (IS_INVERTED)
  -------------------------------------------------------------------    -------------------

                         (clock dbg_hub/inst/BSCANID.u_xsdbm_id/SWITCH_N_EXT_BSCAN.bscan_inst/SERIES7_BSCAN.bscan_inst/TCK rise edge)
                                                     33.000    33.000 r  
    CONFIG_SITE_X0Y0     BSCANE2                      0.000    33.000 r  dbg_hub/inst/BSCANID.u_xsdbm_id/SWITCH_N_EXT_BSCAN.bscan_inst/SERIES7_BSCAN.bscan_inst/TCK
                         net (fo=1, routed)           1.618    34.618    dbg_hub/inst/BSCANID.u_xsdbm_id/tck_bs
    BUFGCE_X1Y56         BUFGCE (Prop_BUFCE_BUFGCE_I_O)
                                                      0.075    34.693 r  dbg_hub/inst/BSCANID.u_xsdbm_id/SWITCH_N_EXT_BSCAN.u_bufg_icon_tck/O
    X3Y2 (CLOCK_ROOT)    net (fo=494, routed)         1.963    36.656    dbg_hub/inst/BSCANID.u_xsdbm_id/CORE_XSDB.U_ICON/U_CMD/m_bscan_tck[0]
    SLICE_X90Y160        FDCE                                         r  dbg_hub/inst/BSCANID.u_xsdbm_id/CORE_XSDB.U_ICON/U_CMD/iTARGET_reg[12]/C
                         clock pessimism              0.485    37.141    
                         clock uncertainty           -0.035    37.106    
    SLICE_X90Y160        FDCE (Recov_EFF_SLICEL_C_CLR)
                                                     -0.082    37.024    dbg_hub/inst/BSCANID.u_xsdbm_id/CORE_XSDB.U_ICON/U_CMD/iTARGET_reg[12]
  -------------------------------------------------------------------
                         required time                         37.024    
                         arrival time                          -6.320    
  -------------------------------------------------------------------
                         slack                                 30.704    

Slack (MET) :             30.704ns  (required time - arrival time)
  Source:                 dbg_hub/inst/BSCANID.u_xsdbm_id/SWITCH_N_EXT_BSCAN.bscan_switch/portno_reg[5]/C
                            (rising edge-triggered cell FDRE clocked by dbg_hub/inst/BSCANID.u_xsdbm_id/SWITCH_N_EXT_BSCAN.bscan_inst/SERIES7_BSCAN.bscan_inst/TCK  {rise@0.000ns fall@16.500ns period=33.000ns})
  Destination:            dbg_hub/inst/BSCANID.u_xsdbm_id/CORE_XSDB.U_ICON/U_CMD/iTARGET_reg[13]/CLR
                            (recovery check against rising-edge clock dbg_hub/inst/BSCANID.u_xsdbm_id/SWITCH_N_EXT_BSCAN.bscan_inst/SERIES7_BSCAN.bscan_inst/TCK  {rise@0.000ns fall@16.500ns period=33.000ns})
  Path Group:             **async_default**
  Path Type:              Recovery (Max at Slow Process Corner)
  Requirement:            33.000ns  (dbg_hub/inst/BSCANID.u_xsdbm_id/SWITCH_N_EXT_BSCAN.bscan_inst/SERIES7_BSCAN.bscan_inst/TCK rise@33.000ns - dbg_hub/inst/BSCANID.u_xsdbm_id/SWITCH_N_EXT_BSCAN.bscan_inst/SERIES7_BSCAN.bscan_inst/TCK rise@0.000ns)
  Data Path Delay:        1.948ns  (logic 0.346ns (17.762%)  route 1.602ns (82.238%))
  Logic Levels:           2  (LUT4=1 LUT6=1)
  Clock Path Skew:        -0.231ns (DCD - SCD + CPR)
    Destination Clock Delay (DCD):    3.656ns = ( 36.656 - 33.000 ) 
    Source Clock Delay      (SCD):    4.372ns
    Clock Pessimism Removal (CPR):    0.485ns
  Clock Uncertainty:      0.035ns  ((TSJ^2 + TIJ^2)^1/2 + DJ) / 2 + PE
    Total System Jitter     (TSJ):    0.071ns
    Total Input Jitter      (TIJ):    0.000ns
    Discrete Jitter          (DJ):    0.000ns
    Phase Error              (PE):    0.000ns
  Clock Net Delay (Source):      2.252ns (routing 0.737ns, distribution 1.515ns)
  Clock Net Delay (Destination): 1.963ns (routing 0.679ns, distribution 1.284ns)

    Location             Delay type                Incr(ns)  Path(ns)    Netlist Resource(s)
  -------------------------------------------------------------------    -------------------
                         (clock dbg_hub/inst/BSCANID.u_xsdbm_id/SWITCH_N_EXT_BSCAN.bscan_inst/SERIES7_BSCAN.bscan_inst/TCK rise edge)
                                                      0.000     0.000 r  
    CONFIG_SITE_X0Y0     BSCANE2                      0.000     0.000 r  dbg_hub/inst/BSCANID.u_xsdbm_id/SWITCH_N_EXT_BSCAN.bscan_inst/SERIES7_BSCAN.bscan_inst/TCK
                         net (fo=1, routed)           2.037     2.037    dbg_hub/inst/BSCANID.u_xsdbm_id/tck_bs
    BUFGCE_X1Y56         BUFGCE (Prop_BUFCE_BUFGCE_I_O)
                                                      0.083     2.120 r  dbg_hub/inst/BSCANID.u_xsdbm_id/SWITCH_N_EXT_BSCAN.u_bufg_icon_tck/O
    X3Y2 (CLOCK_ROOT)    net (fo=494, routed)         2.252     4.372    dbg_hub/inst/BSCANID.u_xsdbm_id/SWITCH_N_EXT_BSCAN.bscan_switch/s_bscan_tck
    SLICE_X96Y191        FDRE                                         r  dbg_hub/inst/BSCANID.u_xsdbm_id/SWITCH_N_EXT_BSCAN.bscan_switch/portno_reg[5]/C
  -------------------------------------------------------------------    -------------------
    SLICE_X96Y191        FDRE (Prop_GFF2_SLICEL_C_Q)
                                                      0.118     4.490 f  dbg_hub/inst/BSCANID.u_xsdbm_id/SWITCH_N_EXT_BSCAN.bscan_switch/portno_reg[5]/Q
                         net (fo=1, routed)           0.372     4.862    dbg_hub/inst/BSCANID.u_xsdbm_id/SWITCH_N_EXT_BSCAN.bscan_switch/portno[5]
    SLICE_X96Y191        LUT6 (Prop_H6LUT_SLICEL_I5_O)
                                                      0.188     5.050 f  dbg_hub/inst/BSCANID.u_xsdbm_id/SWITCH_N_EXT_BSCAN.bscan_switch/m_bscan_drck[0]_INST_0_i_1/O
                         net (fo=5, routed)           0.410     5.460    dbg_hub/inst/BSCANID.u_xsdbm_id/SWITCH_N_EXT_BSCAN.bscan_switch/m_bscan_drck[0]_INST_0_i_1_n_0
    SLICE_X94Y185        LUT4 (Prop_E6LUT_SLICEM_I3_O)
                                                      0.040     5.500 r  dbg_hub/inst/BSCANID.u_xsdbm_id/SWITCH_N_EXT_BSCAN.bscan_switch/m_bscan_sel[0]_INST_0/O
                         net (fo=11, routed)          0.820     6.320    dbg_hub/inst/BSCANID.u_xsdbm_id/CORE_XSDB.U_ICON/U_CMD/iTARGET_reg[6]_0
    SLICE_X90Y160        FDCE                                         f  dbg_hub/inst/BSCANID.u_xsdbm_id/CORE_XSDB.U_ICON/U_CMD/iTARGET_reg[13]/CLR  (IS_INVERTED)
  -------------------------------------------------------------------    -------------------

                         (clock dbg_hub/inst/BSCANID.u_xsdbm_id/SWITCH_N_EXT_BSCAN.bscan_inst/SERIES7_BSCAN.bscan_inst/TCK rise edge)
                                                     33.000    33.000 r  
    CONFIG_SITE_X0Y0     BSCANE2                      0.000    33.000 r  dbg_hub/inst/BSCANID.u_xsdbm_id/SWITCH_N_EXT_BSCAN.bscan_inst/SERIES7_BSCAN.bscan_inst/TCK
                         net (fo=1, routed)           1.618    34.618    dbg_hub/inst/BSCANID.u_xsdbm_id/tck_bs
    BUFGCE_X1Y56         BUFGCE (Prop_BUFCE_BUFGCE_I_O)
                                                      0.075    34.693 r  dbg_hub/inst/BSCANID.u_xsdbm_id/SWITCH_N_EXT_BSCAN.u_bufg_icon_tck/O
    X3Y2 (CLOCK_ROOT)    net (fo=494, routed)         1.963    36.656    dbg_hub/inst/BSCANID.u_xsdbm_id/CORE_XSDB.U_ICON/U_CMD/m_bscan_tck[0]
    SLICE_X90Y160        FDCE                                         r  dbg_hub/inst/BSCANID.u_xsdbm_id/CORE_XSDB.U_ICON/U_CMD/iTARGET_reg[13]/C
                         clock pessimism              0.485    37.141    
                         clock uncertainty           -0.035    37.106    
    SLICE_X90Y160        FDCE (Recov_EFF2_SLICEL_C_CLR)
                                                     -0.082    37.024    dbg_hub/inst/BSCANID.u_xsdbm_id/CORE_XSDB.U_ICON/U_CMD/iTARGET_reg[13]
  -------------------------------------------------------------------
                         required time                         37.024    
                         arrival time                          -6.320    
  -------------------------------------------------------------------
                         slack                                 30.704    

Slack (MET) :             30.704ns  (required time - arrival time)
  Source:                 dbg_hub/inst/BSCANID.u_xsdbm_id/SWITCH_N_EXT_BSCAN.bscan_switch/portno_reg[5]/C
                            (rising edge-triggered cell FDRE clocked by dbg_hub/inst/BSCANID.u_xsdbm_id/SWITCH_N_EXT_BSCAN.bscan_inst/SERIES7_BSCAN.bscan_inst/TCK  {rise@0.000ns fall@16.500ns period=33.000ns})
  Destination:            dbg_hub/inst/BSCANID.u_xsdbm_id/CORE_XSDB.U_ICON/U_CMD/iTARGET_reg[14]/CLR
                            (recovery check against rising-edge clock dbg_hub/inst/BSCANID.u_xsdbm_id/SWITCH_N_EXT_BSCAN.bscan_inst/SERIES7_BSCAN.bscan_inst/TCK  {rise@0.000ns fall@16.500ns period=33.000ns})
  Path Group:             **async_default**
  Path Type:              Recovery (Max at Slow Process Corner)
  Requirement:            33.000ns  (dbg_hub/inst/BSCANID.u_xsdbm_id/SWITCH_N_EXT_BSCAN.bscan_inst/SERIES7_BSCAN.bscan_inst/TCK rise@33.000ns - dbg_hub/inst/BSCANID.u_xsdbm_id/SWITCH_N_EXT_BSCAN.bscan_inst/SERIES7_BSCAN.bscan_inst/TCK rise@0.000ns)
  Data Path Delay:        1.948ns  (logic 0.346ns (17.762%)  route 1.602ns (82.238%))
  Logic Levels:           2  (LUT4=1 LUT6=1)
  Clock Path Skew:        -0.231ns (DCD - SCD + CPR)
    Destination Clock Delay (DCD):    3.656ns = ( 36.656 - 33.000 ) 
    Source Clock Delay      (SCD):    4.372ns
    Clock Pessimism Removal (CPR):    0.485ns
  Clock Uncertainty:      0.035ns  ((TSJ^2 + TIJ^2)^1/2 + DJ) / 2 + PE
    Total System Jitter     (TSJ):    0.071ns
    Total Input Jitter      (TIJ):    0.000ns
    Discrete Jitter          (DJ):    0.000ns
    Phase Error              (PE):    0.000ns
  Clock Net Delay (Source):      2.252ns (routing 0.737ns, distribution 1.515ns)
  Clock Net Delay (Destination): 1.963ns (routing 0.679ns, distribution 1.284ns)

    Location             Delay type                Incr(ns)  Path(ns)    Netlist Resource(s)
  -------------------------------------------------------------------    -------------------
                         (clock dbg_hub/inst/BSCANID.u_xsdbm_id/SWITCH_N_EXT_BSCAN.bscan_inst/SERIES7_BSCAN.bscan_inst/TCK rise edge)
                                                      0.000     0.000 r  
    CONFIG_SITE_X0Y0     BSCANE2                      0.000     0.000 r  dbg_hub/inst/BSCANID.u_xsdbm_id/SWITCH_N_EXT_BSCAN.bscan_inst/SERIES7_BSCAN.bscan_inst/TCK
                         net (fo=1, routed)           2.037     2.037    dbg_hub/inst/BSCANID.u_xsdbm_id/tck_bs
    BUFGCE_X1Y56         BUFGCE (Prop_BUFCE_BUFGCE_I_O)
                                                      0.083     2.120 r  dbg_hub/inst/BSCANID.u_xsdbm_id/SWITCH_N_EXT_BSCAN.u_bufg_icon_tck/O
    X3Y2 (CLOCK_ROOT)    net (fo=494, routed)         2.252     4.372    dbg_hub/inst/BSCANID.u_xsdbm_id/SWITCH_N_EXT_BSCAN.bscan_switch/s_bscan_tck
    SLICE_X96Y191        FDRE                                         r  dbg_hub/inst/BSCANID.u_xsdbm_id/SWITCH_N_EXT_BSCAN.bscan_switch/portno_reg[5]/C
  -------------------------------------------------------------------    -------------------
    SLICE_X96Y191        FDRE (Prop_GFF2_SLICEL_C_Q)
                                                      0.118     4.490 f  dbg_hub/inst/BSCANID.u_xsdbm_id/SWITCH_N_EXT_BSCAN.bscan_switch/portno_reg[5]/Q
                         net (fo=1, routed)           0.372     4.862    dbg_hub/inst/BSCANID.u_xsdbm_id/SWITCH_N_EXT_BSCAN.bscan_switch/portno[5]
    SLICE_X96Y191        LUT6 (Prop_H6LUT_SLICEL_I5_O)
                                                      0.188     5.050 f  dbg_hub/inst/BSCANID.u_xsdbm_id/SWITCH_N_EXT_BSCAN.bscan_switch/m_bscan_drck[0]_INST_0_i_1/O
                         net (fo=5, routed)           0.410     5.460    dbg_hub/inst/BSCANID.u_xsdbm_id/SWITCH_N_EXT_BSCAN.bscan_switch/m_bscan_drck[0]_INST_0_i_1_n_0
    SLICE_X94Y185        LUT4 (Prop_E6LUT_SLICEM_I3_O)
                                                      0.040     5.500 r  dbg_hub/inst/BSCANID.u_xsdbm_id/SWITCH_N_EXT_BSCAN.bscan_switch/m_bscan_sel[0]_INST_0/O
                         net (fo=11, routed)          0.820     6.320    dbg_hub/inst/BSCANID.u_xsdbm_id/CORE_XSDB.U_ICON/U_CMD/iTARGET_reg[6]_0
    SLICE_X90Y160        FDCE                                         f  dbg_hub/inst/BSCANID.u_xsdbm_id/CORE_XSDB.U_ICON/U_CMD/iTARGET_reg[14]/CLR  (IS_INVERTED)
  -------------------------------------------------------------------    -------------------

                         (clock dbg_hub/inst/BSCANID.u_xsdbm_id/SWITCH_N_EXT_BSCAN.bscan_inst/SERIES7_BSCAN.bscan_inst/TCK rise edge)
                                                     33.000    33.000 r  
    CONFIG_SITE_X0Y0     BSCANE2                      0.000    33.000 r  dbg_hub/inst/BSCANID.u_xsdbm_id/SWITCH_N_EXT_BSCAN.bscan_inst/SERIES7_BSCAN.bscan_inst/TCK
                         net (fo=1, routed)           1.618    34.618    dbg_hub/inst/BSCANID.u_xsdbm_id/tck_bs
    BUFGCE_X1Y56         BUFGCE (Prop_BUFCE_BUFGCE_I_O)
                                                      0.075    34.693 r  dbg_hub/inst/BSCANID.u_xsdbm_id/SWITCH_N_EXT_BSCAN.u_bufg_icon_tck/O
    X3Y2 (CLOCK_ROOT)    net (fo=494, routed)         1.963    36.656    dbg_hub/inst/BSCANID.u_xsdbm_id/CORE_XSDB.U_ICON/U_CMD/m_bscan_tck[0]
    SLICE_X90Y160        FDCE                                         r  dbg_hub/inst/BSCANID.u_xsdbm_id/CORE_XSDB.U_ICON/U_CMD/iTARGET_reg[14]/C
                         clock pessimism              0.485    37.141    
                         clock uncertainty           -0.035    37.106    
    SLICE_X90Y160        FDCE (Recov_FFF_SLICEL_C_CLR)
                                                     -0.082    37.024    dbg_hub/inst/BSCANID.u_xsdbm_id/CORE_XSDB.U_ICON/U_CMD/iTARGET_reg[14]
  -------------------------------------------------------------------
                         required time                         37.024    
                         arrival time                          -6.320    
  -------------------------------------------------------------------
                         slack                                 30.704    

Slack (MET) :             30.704ns  (required time - arrival time)
  Source:                 dbg_hub/inst/BSCANID.u_xsdbm_id/SWITCH_N_EXT_BSCAN.bscan_switch/portno_reg[5]/C
                            (rising edge-triggered cell FDRE clocked by dbg_hub/inst/BSCANID.u_xsdbm_id/SWITCH_N_EXT_BSCAN.bscan_inst/SERIES7_BSCAN.bscan_inst/TCK  {rise@0.000ns fall@16.500ns period=33.000ns})
  Destination:            dbg_hub/inst/BSCANID.u_xsdbm_id/CORE_XSDB.U_ICON/U_CMD/iTARGET_reg[15]/CLR
                            (recovery check against rising-edge clock dbg_hub/inst/BSCANID.u_xsdbm_id/SWITCH_N_EXT_BSCAN.bscan_inst/SERIES7_BSCAN.bscan_inst/TCK  {rise@0.000ns fall@16.500ns period=33.000ns})
  Path Group:             **async_default**
  Path Type:              Recovery (Max at Slow Process Corner)
  Requirement:            33.000ns  (dbg_hub/inst/BSCANID.u_xsdbm_id/SWITCH_N_EXT_BSCAN.bscan_inst/SERIES7_BSCAN.bscan_inst/TCK rise@33.000ns - dbg_hub/inst/BSCANID.u_xsdbm_id/SWITCH_N_EXT_BSCAN.bscan_inst/SERIES7_BSCAN.bscan_inst/TCK rise@0.000ns)
  Data Path Delay:        1.948ns  (logic 0.346ns (17.762%)  route 1.602ns (82.238%))
  Logic Levels:           2  (LUT4=1 LUT6=1)
  Clock Path Skew:        -0.231ns (DCD - SCD + CPR)
    Destination Clock Delay (DCD):    3.656ns = ( 36.656 - 33.000 ) 
    Source Clock Delay      (SCD):    4.372ns
    Clock Pessimism Removal (CPR):    0.485ns
  Clock Uncertainty:      0.035ns  ((TSJ^2 + TIJ^2)^1/2 + DJ) / 2 + PE
    Total System Jitter     (TSJ):    0.071ns
    Total Input Jitter      (TIJ):    0.000ns
    Discrete Jitter          (DJ):    0.000ns
    Phase Error              (PE):    0.000ns
  Clock Net Delay (Source):      2.252ns (routing 0.737ns, distribution 1.515ns)
  Clock Net Delay (Destination): 1.963ns (routing 0.679ns, distribution 1.284ns)

    Location             Delay type                Incr(ns)  Path(ns)    Netlist Resource(s)
  -------------------------------------------------------------------    -------------------
                         (clock dbg_hub/inst/BSCANID.u_xsdbm_id/SWITCH_N_EXT_BSCAN.bscan_inst/SERIES7_BSCAN.bscan_inst/TCK rise edge)
                                                      0.000     0.000 r  
    CONFIG_SITE_X0Y0     BSCANE2                      0.000     0.000 r  dbg_hub/inst/BSCANID.u_xsdbm_id/SWITCH_N_EXT_BSCAN.bscan_inst/SERIES7_BSCAN.bscan_inst/TCK
                         net (fo=1, routed)           2.037     2.037    dbg_hub/inst/BSCANID.u_xsdbm_id/tck_bs
    BUFGCE_X1Y56         BUFGCE (Prop_BUFCE_BUFGCE_I_O)
                                                      0.083     2.120 r  dbg_hub/inst/BSCANID.u_xsdbm_id/SWITCH_N_EXT_BSCAN.u_bufg_icon_tck/O
    X3Y2 (CLOCK_ROOT)    net (fo=494, routed)         2.252     4.372    dbg_hub/inst/BSCANID.u_xsdbm_id/SWITCH_N_EXT_BSCAN.bscan_switch/s_bscan_tck
    SLICE_X96Y191        FDRE                                         r  dbg_hub/inst/BSCANID.u_xsdbm_id/SWITCH_N_EXT_BSCAN.bscan_switch/portno_reg[5]/C
  -------------------------------------------------------------------    -------------------
    SLICE_X96Y191        FDRE (Prop_GFF2_SLICEL_C_Q)
                                                      0.118     4.490 f  dbg_hub/inst/BSCANID.u_xsdbm_id/SWITCH_N_EXT_BSCAN.bscan_switch/portno_reg[5]/Q
                         net (fo=1, routed)           0.372     4.862    dbg_hub/inst/BSCANID.u_xsdbm_id/SWITCH_N_EXT_BSCAN.bscan_switch/portno[5]
    SLICE_X96Y191        LUT6 (Prop_H6LUT_SLICEL_I5_O)
                                                      0.188     5.050 f  dbg_hub/inst/BSCANID.u_xsdbm_id/SWITCH_N_EXT_BSCAN.bscan_switch/m_bscan_drck[0]_INST_0_i_1/O
                         net (fo=5, routed)           0.410     5.460    dbg_hub/inst/BSCANID.u_xsdbm_id/SWITCH_N_EXT_BSCAN.bscan_switch/m_bscan_drck[0]_INST_0_i_1_n_0
    SLICE_X94Y185        LUT4 (Prop_E6LUT_SLICEM_I3_O)
                                                      0.040     5.500 r  dbg_hub/inst/BSCANID.u_xsdbm_id/SWITCH_N_EXT_BSCAN.bscan_switch/m_bscan_sel[0]_INST_0/O
                         net (fo=11, routed)          0.820     6.320    dbg_hub/inst/BSCANID.u_xsdbm_id/CORE_XSDB.U_ICON/U_CMD/iTARGET_reg[6]_0
    SLICE_X90Y160        FDCE                                         f  dbg_hub/inst/BSCANID.u_xsdbm_id/CORE_XSDB.U_ICON/U_CMD/iTARGET_reg[15]/CLR  (IS_INVERTED)
  -------------------------------------------------------------------    -------------------

                         (clock dbg_hub/inst/BSCANID.u_xsdbm_id/SWITCH_N_EXT_BSCAN.bscan_inst/SERIES7_BSCAN.bscan_inst/TCK rise edge)
                                                     33.000    33.000 r  
    CONFIG_SITE_X0Y0     BSCANE2                      0.000    33.000 r  dbg_hub/inst/BSCANID.u_xsdbm_id/SWITCH_N_EXT_BSCAN.bscan_inst/SERIES7_BSCAN.bscan_inst/TCK
                         net (fo=1, routed)           1.618    34.618    dbg_hub/inst/BSCANID.u_xsdbm_id/tck_bs
    BUFGCE_X1Y56         BUFGCE (Prop_BUFCE_BUFGCE_I_O)
                                                      0.075    34.693 r  dbg_hub/inst/BSCANID.u_xsdbm_id/SWITCH_N_EXT_BSCAN.u_bufg_icon_tck/O
    X3Y2 (CLOCK_ROOT)    net (fo=494, routed)         1.963    36.656    dbg_hub/inst/BSCANID.u_xsdbm_id/CORE_XSDB.U_ICON/U_CMD/m_bscan_tck[0]
    SLICE_X90Y160        FDCE                                         r  dbg_hub/inst/BSCANID.u_xsdbm_id/CORE_XSDB.U_ICON/U_CMD/iTARGET_reg[15]/C
                         clock pessimism              0.485    37.141    
                         clock uncertainty           -0.035    37.106    
    SLICE_X90Y160        FDCE (Recov_FFF2_SLICEL_C_CLR)
                                                     -0.082    37.024    dbg_hub/inst/BSCANID.u_xsdbm_id/CORE_XSDB.U_ICON/U_CMD/iTARGET_reg[15]
  -------------------------------------------------------------------
                         required time                         37.024    
                         arrival time                          -6.320    
  -------------------------------------------------------------------
                         slack                                 30.704    

Slack (MET) :             30.704ns  (required time - arrival time)
  Source:                 dbg_hub/inst/BSCANID.u_xsdbm_id/SWITCH_N_EXT_BSCAN.bscan_switch/portno_reg[5]/C
                            (rising edge-triggered cell FDRE clocked by dbg_hub/inst/BSCANID.u_xsdbm_id/SWITCH_N_EXT_BSCAN.bscan_inst/SERIES7_BSCAN.bscan_inst/TCK  {rise@0.000ns fall@16.500ns period=33.000ns})
  Destination:            dbg_hub/inst/BSCANID.u_xsdbm_id/CORE_XSDB.U_ICON/U_CMD/iTARGET_reg[6]/CLR
                            (recovery check against rising-edge clock dbg_hub/inst/BSCANID.u_xsdbm_id/SWITCH_N_EXT_BSCAN.bscan_inst/SERIES7_BSCAN.bscan_inst/TCK  {rise@0.000ns fall@16.500ns period=33.000ns})
  Path Group:             **async_default**
  Path Type:              Recovery (Max at Slow Process Corner)
  Requirement:            33.000ns  (dbg_hub/inst/BSCANID.u_xsdbm_id/SWITCH_N_EXT_BSCAN.bscan_inst/SERIES7_BSCAN.bscan_inst/TCK rise@33.000ns - dbg_hub/inst/BSCANID.u_xsdbm_id/SWITCH_N_EXT_BSCAN.bscan_inst/SERIES7_BSCAN.bscan_inst/TCK rise@0.000ns)
  Data Path Delay:        1.948ns  (logic 0.346ns (17.762%)  route 1.602ns (82.238%))
  Logic Levels:           2  (LUT4=1 LUT6=1)
  Clock Path Skew:        -0.231ns (DCD - SCD + CPR)
    Destination Clock Delay (DCD):    3.656ns = ( 36.656 - 33.000 ) 
    Source Clock Delay      (SCD):    4.372ns
    Clock Pessimism Removal (CPR):    0.485ns
  Clock Uncertainty:      0.035ns  ((TSJ^2 + TIJ^2)^1/2 + DJ) / 2 + PE
    Total System Jitter     (TSJ):    0.071ns
    Total Input Jitter      (TIJ):    0.000ns
    Discrete Jitter          (DJ):    0.000ns
    Phase Error              (PE):    0.000ns
  Clock Net Delay (Source):      2.252ns (routing 0.737ns, distribution 1.515ns)
  Clock Net Delay (Destination): 1.963ns (routing 0.679ns, distribution 1.284ns)

    Location             Delay type                Incr(ns)  Path(ns)    Netlist Resource(s)
  -------------------------------------------------------------------    -------------------
                         (clock dbg_hub/inst/BSCANID.u_xsdbm_id/SWITCH_N_EXT_BSCAN.bscan_inst/SERIES7_BSCAN.bscan_inst/TCK rise edge)
                                                      0.000     0.000 r  
    CONFIG_SITE_X0Y0     BSCANE2                      0.000     0.000 r  dbg_hub/inst/BSCANID.u_xsdbm_id/SWITCH_N_EXT_BSCAN.bscan_inst/SERIES7_BSCAN.bscan_inst/TCK
                         net (fo=1, routed)           2.037     2.037    dbg_hub/inst/BSCANID.u_xsdbm_id/tck_bs
    BUFGCE_X1Y56         BUFGCE (Prop_BUFCE_BUFGCE_I_O)
                                                      0.083     2.120 r  dbg_hub/inst/BSCANID.u_xsdbm_id/SWITCH_N_EXT_BSCAN.u_bufg_icon_tck/O
    X3Y2 (CLOCK_ROOT)    net (fo=494, routed)         2.252     4.372    dbg_hub/inst/BSCANID.u_xsdbm_id/SWITCH_N_EXT_BSCAN.bscan_switch/s_bscan_tck
    SLICE_X96Y191        FDRE                                         r  dbg_hub/inst/BSCANID.u_xsdbm_id/SWITCH_N_EXT_BSCAN.bscan_switch/portno_reg[5]/C
  -------------------------------------------------------------------    -------------------
    SLICE_X96Y191        FDRE (Prop_GFF2_SLICEL_C_Q)
                                                      0.118     4.490 f  dbg_hub/inst/BSCANID.u_xsdbm_id/SWITCH_N_EXT_BSCAN.bscan_switch/portno_reg[5]/Q
                         net (fo=1, routed)           0.372     4.862    dbg_hub/inst/BSCANID.u_xsdbm_id/SWITCH_N_EXT_BSCAN.bscan_switch/portno[5]
    SLICE_X96Y191        LUT6 (Prop_H6LUT_SLICEL_I5_O)
                                                      0.188     5.050 f  dbg_hub/inst/BSCANID.u_xsdbm_id/SWITCH_N_EXT_BSCAN.bscan_switch/m_bscan_drck[0]_INST_0_i_1/O
                         net (fo=5, routed)           0.410     5.460    dbg_hub/inst/BSCANID.u_xsdbm_id/SWITCH_N_EXT_BSCAN.bscan_switch/m_bscan_drck[0]_INST_0_i_1_n_0
    SLICE_X94Y185        LUT4 (Prop_E6LUT_SLICEM_I3_O)
                                                      0.040     5.500 r  dbg_hub/inst/BSCANID.u_xsdbm_id/SWITCH_N_EXT_BSCAN.bscan_switch/m_bscan_sel[0]_INST_0/O
                         net (fo=11, routed)          0.820     6.320    dbg_hub/inst/BSCANID.u_xsdbm_id/CORE_XSDB.U_ICON/U_CMD/iTARGET_reg[6]_0
    SLICE_X90Y160        FDCE                                         f  dbg_hub/inst/BSCANID.u_xsdbm_id/CORE_XSDB.U_ICON/U_CMD/iTARGET_reg[6]/CLR  (IS_INVERTED)
  -------------------------------------------------------------------    -------------------

                         (clock dbg_hub/inst/BSCANID.u_xsdbm_id/SWITCH_N_EXT_BSCAN.bscan_inst/SERIES7_BSCAN.bscan_inst/TCK rise edge)
                                                     33.000    33.000 r  
    CONFIG_SITE_X0Y0     BSCANE2                      0.000    33.000 r  dbg_hub/inst/BSCANID.u_xsdbm_id/SWITCH_N_EXT_BSCAN.bscan_inst/SERIES7_BSCAN.bscan_inst/TCK
                         net (fo=1, routed)           1.618    34.618    dbg_hub/inst/BSCANID.u_xsdbm_id/tck_bs
    BUFGCE_X1Y56         BUFGCE (Prop_BUFCE_BUFGCE_I_O)
                                                      0.075    34.693 r  dbg_hub/inst/BSCANID.u_xsdbm_id/SWITCH_N_EXT_BSCAN.u_bufg_icon_tck/O
    X3Y2 (CLOCK_ROOT)    net (fo=494, routed)         1.963    36.656    dbg_hub/inst/BSCANID.u_xsdbm_id/CORE_XSDB.U_ICON/U_CMD/m_bscan_tck[0]
    SLICE_X90Y160        FDCE                                         r  dbg_hub/inst/BSCANID.u_xsdbm_id/CORE_XSDB.U_ICON/U_CMD/iTARGET_reg[6]/C
                         clock pessimism              0.485    37.141    
                         clock uncertainty           -0.035    37.106    
    SLICE_X90Y160        FDCE (Recov_GFF_SLICEL_C_CLR)
                                                     -0.082    37.024    dbg_hub/inst/BSCANID.u_xsdbm_id/CORE_XSDB.U_ICON/U_CMD/iTARGET_reg[6]
  -------------------------------------------------------------------
                         required time                         37.024    
                         arrival time                          -6.320    
  -------------------------------------------------------------------
                         slack                                 30.704    

Slack (MET) :             30.704ns  (required time - arrival time)
  Source:                 dbg_hub/inst/BSCANID.u_xsdbm_id/SWITCH_N_EXT_BSCAN.bscan_switch/portno_reg[5]/C
                            (rising edge-triggered cell FDRE clocked by dbg_hub/inst/BSCANID.u_xsdbm_id/SWITCH_N_EXT_BSCAN.bscan_inst/SERIES7_BSCAN.bscan_inst/TCK  {rise@0.000ns fall@16.500ns period=33.000ns})
  Destination:            dbg_hub/inst/BSCANID.u_xsdbm_id/CORE_XSDB.U_ICON/U_CMD/iTARGET_reg[7]/CLR
                            (recovery check against rising-edge clock dbg_hub/inst/BSCANID.u_xsdbm_id/SWITCH_N_EXT_BSCAN.bscan_inst/SERIES7_BSCAN.bscan_inst/TCK  {rise@0.000ns fall@16.500ns period=33.000ns})
  Path Group:             **async_default**
  Path Type:              Recovery (Max at Slow Process Corner)
  Requirement:            33.000ns  (dbg_hub/inst/BSCANID.u_xsdbm_id/SWITCH_N_EXT_BSCAN.bscan_inst/SERIES7_BSCAN.bscan_inst/TCK rise@33.000ns - dbg_hub/inst/BSCANID.u_xsdbm_id/SWITCH_N_EXT_BSCAN.bscan_inst/SERIES7_BSCAN.bscan_inst/TCK rise@0.000ns)
  Data Path Delay:        1.948ns  (logic 0.346ns (17.762%)  route 1.602ns (82.238%))
  Logic Levels:           2  (LUT4=1 LUT6=1)
  Clock Path Skew:        -0.231ns (DCD - SCD + CPR)
    Destination Clock Delay (DCD):    3.656ns = ( 36.656 - 33.000 ) 
    Source Clock Delay      (SCD):    4.372ns
    Clock Pessimism Removal (CPR):    0.485ns
  Clock Uncertainty:      0.035ns  ((TSJ^2 + TIJ^2)^1/2 + DJ) / 2 + PE
    Total System Jitter     (TSJ):    0.071ns
    Total Input Jitter      (TIJ):    0.000ns
    Discrete Jitter          (DJ):    0.000ns
    Phase Error              (PE):    0.000ns
  Clock Net Delay (Source):      2.252ns (routing 0.737ns, distribution 1.515ns)
  Clock Net Delay (Destination): 1.963ns (routing 0.679ns, distribution 1.284ns)

    Location             Delay type                Incr(ns)  Path(ns)    Netlist Resource(s)
  -------------------------------------------------------------------    -------------------
                         (clock dbg_hub/inst/BSCANID.u_xsdbm_id/SWITCH_N_EXT_BSCAN.bscan_inst/SERIES7_BSCAN.bscan_inst/TCK rise edge)
                                                      0.000     0.000 r  
    CONFIG_SITE_X0Y0     BSCANE2                      0.000     0.000 r  dbg_hub/inst/BSCANID.u_xsdbm_id/SWITCH_N_EXT_BSCAN.bscan_inst/SERIES7_BSCAN.bscan_inst/TCK
                         net (fo=1, routed)           2.037     2.037    dbg_hub/inst/BSCANID.u_xsdbm_id/tck_bs
    BUFGCE_X1Y56         BUFGCE (Prop_BUFCE_BUFGCE_I_O)
                                                      0.083     2.120 r  dbg_hub/inst/BSCANID.u_xsdbm_id/SWITCH_N_EXT_BSCAN.u_bufg_icon_tck/O
    X3Y2 (CLOCK_ROOT)    net (fo=494, routed)         2.252     4.372    dbg_hub/inst/BSCANID.u_xsdbm_id/SWITCH_N_EXT_BSCAN.bscan_switch/s_bscan_tck
    SLICE_X96Y191        FDRE                                         r  dbg_hub/inst/BSCANID.u_xsdbm_id/SWITCH_N_EXT_BSCAN.bscan_switch/portno_reg[5]/C
  -------------------------------------------------------------------    -------------------
    SLICE_X96Y191        FDRE (Prop_GFF2_SLICEL_C_Q)
                                                      0.118     4.490 f  dbg_hub/inst/BSCANID.u_xsdbm_id/SWITCH_N_EXT_BSCAN.bscan_switch/portno_reg[5]/Q
                         net (fo=1, routed)           0.372     4.862    dbg_hub/inst/BSCANID.u_xsdbm_id/SWITCH_N_EXT_BSCAN.bscan_switch/portno[5]
    SLICE_X96Y191        LUT6 (Prop_H6LUT_SLICEL_I5_O)
                                                      0.188     5.050 f  dbg_hub/inst/BSCANID.u_xsdbm_id/SWITCH_N_EXT_BSCAN.bscan_switch/m_bscan_drck[0]_INST_0_i_1/O
                         net (fo=5, routed)           0.410     5.460    dbg_hub/inst/BSCANID.u_xsdbm_id/SWITCH_N_EXT_BSCAN.bscan_switch/m_bscan_drck[0]_INST_0_i_1_n_0
    SLICE_X94Y185        LUT4 (Prop_E6LUT_SLICEM_I3_O)
                                                      0.040     5.500 r  dbg_hub/inst/BSCANID.u_xsdbm_id/SWITCH_N_EXT_BSCAN.bscan_switch/m_bscan_sel[0]_INST_0/O
                         net (fo=11, routed)          0.820     6.320    dbg_hub/inst/BSCANID.u_xsdbm_id/CORE_XSDB.U_ICON/U_CMD/iTARGET_reg[6]_0
    SLICE_X90Y160        FDCE                                         f  dbg_hub/inst/BSCANID.u_xsdbm_id/CORE_XSDB.U_ICON/U_CMD/iTARGET_reg[7]/CLR  (IS_INVERTED)
  -------------------------------------------------------------------    -------------------

                         (clock dbg_hub/inst/BSCANID.u_xsdbm_id/SWITCH_N_EXT_BSCAN.bscan_inst/SERIES7_BSCAN.bscan_inst/TCK rise edge)
                                                     33.000    33.000 r  
    CONFIG_SITE_X0Y0     BSCANE2                      0.000    33.000 r  dbg_hub/inst/BSCANID.u_xsdbm_id/SWITCH_N_EXT_BSCAN.bscan_inst/SERIES7_BSCAN.bscan_inst/TCK
                         net (fo=1, routed)           1.618    34.618    dbg_hub/inst/BSCANID.u_xsdbm_id/tck_bs
    BUFGCE_X1Y56         BUFGCE (Prop_BUFCE_BUFGCE_I_O)
                                                      0.075    34.693 r  dbg_hub/inst/BSCANID.u_xsdbm_id/SWITCH_N_EXT_BSCAN.u_bufg_icon_tck/O
    X3Y2 (CLOCK_ROOT)    net (fo=494, routed)         1.963    36.656    dbg_hub/inst/BSCANID.u_xsdbm_id/CORE_XSDB.U_ICON/U_CMD/m_bscan_tck[0]
    SLICE_X90Y160        FDCE                                         r  dbg_hub/inst/BSCANID.u_xsdbm_id/CORE_XSDB.U_ICON/U_CMD/iTARGET_reg[7]/C
                         clock pessimism              0.485    37.141    
                         clock uncertainty           -0.035    37.106    
    SLICE_X90Y160        FDCE (Recov_GFF2_SLICEL_C_CLR)
                                                     -0.082    37.024    dbg_hub/inst/BSCANID.u_xsdbm_id/CORE_XSDB.U_ICON/U_CMD/iTARGET_reg[7]
  -------------------------------------------------------------------
                         required time                         37.024    
                         arrival time                          -6.320    
  -------------------------------------------------------------------
                         slack                                 30.704    

Slack (MET) :             30.704ns  (required time - arrival time)
  Source:                 dbg_hub/inst/BSCANID.u_xsdbm_id/SWITCH_N_EXT_BSCAN.bscan_switch/portno_reg[5]/C
                            (rising edge-triggered cell FDRE clocked by dbg_hub/inst/BSCANID.u_xsdbm_id/SWITCH_N_EXT_BSCAN.bscan_inst/SERIES7_BSCAN.bscan_inst/TCK  {rise@0.000ns fall@16.500ns period=33.000ns})
  Destination:            dbg_hub/inst/BSCANID.u_xsdbm_id/CORE_XSDB.U_ICON/U_CMD/iTARGET_reg[8]/CLR
                            (recovery check against rising-edge clock dbg_hub/inst/BSCANID.u_xsdbm_id/SWITCH_N_EXT_BSCAN.bscan_inst/SERIES7_BSCAN.bscan_inst/TCK  {rise@0.000ns fall@16.500ns period=33.000ns})
  Path Group:             **async_default**
  Path Type:              Recovery (Max at Slow Process Corner)
  Requirement:            33.000ns  (dbg_hub/inst/BSCANID.u_xsdbm_id/SWITCH_N_EXT_BSCAN.bscan_inst/SERIES7_BSCAN.bscan_inst/TCK rise@33.000ns - dbg_hub/inst/BSCANID.u_xsdbm_id/SWITCH_N_EXT_BSCAN.bscan_inst/SERIES7_BSCAN.bscan_inst/TCK rise@0.000ns)
  Data Path Delay:        1.948ns  (logic 0.346ns (17.762%)  route 1.602ns (82.238%))
  Logic Levels:           2  (LUT4=1 LUT6=1)
  Clock Path Skew:        -0.231ns (DCD - SCD + CPR)
    Destination Clock Delay (DCD):    3.656ns = ( 36.656 - 33.000 ) 
    Source Clock Delay      (SCD):    4.372ns
    Clock Pessimism Removal (CPR):    0.485ns
  Clock Uncertainty:      0.035ns  ((TSJ^2 + TIJ^2)^1/2 + DJ) / 2 + PE
    Total System Jitter     (TSJ):    0.071ns
    Total Input Jitter      (TIJ):    0.000ns
    Discrete Jitter          (DJ):    0.000ns
    Phase Error              (PE):    0.000ns
  Clock Net Delay (Source):      2.252ns (routing 0.737ns, distribution 1.515ns)
  Clock Net Delay (Destination): 1.963ns (routing 0.679ns, distribution 1.284ns)

    Location             Delay type                Incr(ns)  Path(ns)    Netlist Resource(s)
  -------------------------------------------------------------------    -------------------
                         (clock dbg_hub/inst/BSCANID.u_xsdbm_id/SWITCH_N_EXT_BSCAN.bscan_inst/SERIES7_BSCAN.bscan_inst/TCK rise edge)
                                                      0.000     0.000 r  
    CONFIG_SITE_X0Y0     BSCANE2                      0.000     0.000 r  dbg_hub/inst/BSCANID.u_xsdbm_id/SWITCH_N_EXT_BSCAN.bscan_inst/SERIES7_BSCAN.bscan_inst/TCK
                         net (fo=1, routed)           2.037     2.037    dbg_hub/inst/BSCANID.u_xsdbm_id/tck_bs
    BUFGCE_X1Y56         BUFGCE (Prop_BUFCE_BUFGCE_I_O)
                                                      0.083     2.120 r  dbg_hub/inst/BSCANID.u_xsdbm_id/SWITCH_N_EXT_BSCAN.u_bufg_icon_tck/O
    X3Y2 (CLOCK_ROOT)    net (fo=494, routed)         2.252     4.372    dbg_hub/inst/BSCANID.u_xsdbm_id/SWITCH_N_EXT_BSCAN.bscan_switch/s_bscan_tck
    SLICE_X96Y191        FDRE                                         r  dbg_hub/inst/BSCANID.u_xsdbm_id/SWITCH_N_EXT_BSCAN.bscan_switch/portno_reg[5]/C
  -------------------------------------------------------------------    -------------------
    SLICE_X96Y191        FDRE (Prop_GFF2_SLICEL_C_Q)
                                                      0.118     4.490 f  dbg_hub/inst/BSCANID.u_xsdbm_id/SWITCH_N_EXT_BSCAN.bscan_switch/portno_reg[5]/Q
                         net (fo=1, routed)           0.372     4.862    dbg_hub/inst/BSCANID.u_xsdbm_id/SWITCH_N_EXT_BSCAN.bscan_switch/portno[5]
    SLICE_X96Y191        LUT6 (Prop_H6LUT_SLICEL_I5_O)
                                                      0.188     5.050 f  dbg_hub/inst/BSCANID.u_xsdbm_id/SWITCH_N_EXT_BSCAN.bscan_switch/m_bscan_drck[0]_INST_0_i_1/O
                         net (fo=5, routed)           0.410     5.460    dbg_hub/inst/BSCANID.u_xsdbm_id/SWITCH_N_EXT_BSCAN.bscan_switch/m_bscan_drck[0]_INST_0_i_1_n_0
    SLICE_X94Y185        LUT4 (Prop_E6LUT_SLICEM_I3_O)
                                                      0.040     5.500 r  dbg_hub/inst/BSCANID.u_xsdbm_id/SWITCH_N_EXT_BSCAN.bscan_switch/m_bscan_sel[0]_INST_0/O
                         net (fo=11, routed)          0.820     6.320    dbg_hub/inst/BSCANID.u_xsdbm_id/CORE_XSDB.U_ICON/U_CMD/iTARGET_reg[6]_0
    SLICE_X90Y160        FDCE                                         f  dbg_hub/inst/BSCANID.u_xsdbm_id/CORE_XSDB.U_ICON/U_CMD/iTARGET_reg[8]/CLR  (IS_INVERTED)
  -------------------------------------------------------------------    -------------------

                         (clock dbg_hub/inst/BSCANID.u_xsdbm_id/SWITCH_N_EXT_BSCAN.bscan_inst/SERIES7_BSCAN.bscan_inst/TCK rise edge)
                                                     33.000    33.000 r  
    CONFIG_SITE_X0Y0     BSCANE2                      0.000    33.000 r  dbg_hub/inst/BSCANID.u_xsdbm_id/SWITCH_N_EXT_BSCAN.bscan_inst/SERIES7_BSCAN.bscan_inst/TCK
                         net (fo=1, routed)           1.618    34.618    dbg_hub/inst/BSCANID.u_xsdbm_id/tck_bs
    BUFGCE_X1Y56         BUFGCE (Prop_BUFCE_BUFGCE_I_O)
                                                      0.075    34.693 r  dbg_hub/inst/BSCANID.u_xsdbm_id/SWITCH_N_EXT_BSCAN.u_bufg_icon_tck/O
    X3Y2 (CLOCK_ROOT)    net (fo=494, routed)         1.963    36.656    dbg_hub/inst/BSCANID.u_xsdbm_id/CORE_XSDB.U_ICON/U_CMD/m_bscan_tck[0]
    SLICE_X90Y160        FDCE                                         r  dbg_hub/inst/BSCANID.u_xsdbm_id/CORE_XSDB.U_ICON/U_CMD/iTARGET_reg[8]/C
                         clock pessimism              0.485    37.141    
                         clock uncertainty           -0.035    37.106    
    SLICE_X90Y160        FDCE (Recov_HFF_SLICEL_C_CLR)
                                                     -0.082    37.024    dbg_hub/inst/BSCANID.u_xsdbm_id/CORE_XSDB.U_ICON/U_CMD/iTARGET_reg[8]
  -------------------------------------------------------------------
                         required time                         37.024    
                         arrival time                          -6.320    
  -------------------------------------------------------------------
                         slack                                 30.704    

Slack (MET) :             30.704ns  (required time - arrival time)
  Source:                 dbg_hub/inst/BSCANID.u_xsdbm_id/SWITCH_N_EXT_BSCAN.bscan_switch/portno_reg[5]/C
                            (rising edge-triggered cell FDRE clocked by dbg_hub/inst/BSCANID.u_xsdbm_id/SWITCH_N_EXT_BSCAN.bscan_inst/SERIES7_BSCAN.bscan_inst/TCK  {rise@0.000ns fall@16.500ns period=33.000ns})
  Destination:            dbg_hub/inst/BSCANID.u_xsdbm_id/CORE_XSDB.U_ICON/U_CMD/iTARGET_reg[9]/CLR
                            (recovery check against rising-edge clock dbg_hub/inst/BSCANID.u_xsdbm_id/SWITCH_N_EXT_BSCAN.bscan_inst/SERIES7_BSCAN.bscan_inst/TCK  {rise@0.000ns fall@16.500ns period=33.000ns})
  Path Group:             **async_default**
  Path Type:              Recovery (Max at Slow Process Corner)
  Requirement:            33.000ns  (dbg_hub/inst/BSCANID.u_xsdbm_id/SWITCH_N_EXT_BSCAN.bscan_inst/SERIES7_BSCAN.bscan_inst/TCK rise@33.000ns - dbg_hub/inst/BSCANID.u_xsdbm_id/SWITCH_N_EXT_BSCAN.bscan_inst/SERIES7_BSCAN.bscan_inst/TCK rise@0.000ns)
  Data Path Delay:        1.948ns  (logic 0.346ns (17.762%)  route 1.602ns (82.238%))
  Logic Levels:           2  (LUT4=1 LUT6=1)
  Clock Path Skew:        -0.231ns (DCD - SCD + CPR)
    Destination Clock Delay (DCD):    3.656ns = ( 36.656 - 33.000 ) 
    Source Clock Delay      (SCD):    4.372ns
    Clock Pessimism Removal (CPR):    0.485ns
  Clock Uncertainty:      0.035ns  ((TSJ^2 + TIJ^2)^1/2 + DJ) / 2 + PE
    Total System Jitter     (TSJ):    0.071ns
    Total Input Jitter      (TIJ):    0.000ns
    Discrete Jitter          (DJ):    0.000ns
    Phase Error              (PE):    0.000ns
  Clock Net Delay (Source):      2.252ns (routing 0.737ns, distribution 1.515ns)
  Clock Net Delay (Destination): 1.963ns (routing 0.679ns, distribution 1.284ns)

    Location             Delay type                Incr(ns)  Path(ns)    Netlist Resource(s)
  -------------------------------------------------------------------    -------------------
                         (clock dbg_hub/inst/BSCANID.u_xsdbm_id/SWITCH_N_EXT_BSCAN.bscan_inst/SERIES7_BSCAN.bscan_inst/TCK rise edge)
                                                      0.000     0.000 r  
    CONFIG_SITE_X0Y0     BSCANE2                      0.000     0.000 r  dbg_hub/inst/BSCANID.u_xsdbm_id/SWITCH_N_EXT_BSCAN.bscan_inst/SERIES7_BSCAN.bscan_inst/TCK
                         net (fo=1, routed)           2.037     2.037    dbg_hub/inst/BSCANID.u_xsdbm_id/tck_bs
    BUFGCE_X1Y56         BUFGCE (Prop_BUFCE_BUFGCE_I_O)
                                                      0.083     2.120 r  dbg_hub/inst/BSCANID.u_xsdbm_id/SWITCH_N_EXT_BSCAN.u_bufg_icon_tck/O
    X3Y2 (CLOCK_ROOT)    net (fo=494, routed)         2.252     4.372    dbg_hub/inst/BSCANID.u_xsdbm_id/SWITCH_N_EXT_BSCAN.bscan_switch/s_bscan_tck
    SLICE_X96Y191        FDRE                                         r  dbg_hub/inst/BSCANID.u_xsdbm_id/SWITCH_N_EXT_BSCAN.bscan_switch/portno_reg[5]/C
  -------------------------------------------------------------------    -------------------
    SLICE_X96Y191        FDRE (Prop_GFF2_SLICEL_C_Q)
                                                      0.118     4.490 f  dbg_hub/inst/BSCANID.u_xsdbm_id/SWITCH_N_EXT_BSCAN.bscan_switch/portno_reg[5]/Q
                         net (fo=1, routed)           0.372     4.862    dbg_hub/inst/BSCANID.u_xsdbm_id/SWITCH_N_EXT_BSCAN.bscan_switch/portno[5]
    SLICE_X96Y191        LUT6 (Prop_H6LUT_SLICEL_I5_O)
                                                      0.188     5.050 f  dbg_hub/inst/BSCANID.u_xsdbm_id/SWITCH_N_EXT_BSCAN.bscan_switch/m_bscan_drck[0]_INST_0_i_1/O
                         net (fo=5, routed)           0.410     5.460    dbg_hub/inst/BSCANID.u_xsdbm_id/SWITCH_N_EXT_BSCAN.bscan_switch/m_bscan_drck[0]_INST_0_i_1_n_0
    SLICE_X94Y185        LUT4 (Prop_E6LUT_SLICEM_I3_O)
                                                      0.040     5.500 r  dbg_hub/inst/BSCANID.u_xsdbm_id/SWITCH_N_EXT_BSCAN.bscan_switch/m_bscan_sel[0]_INST_0/O
                         net (fo=11, routed)          0.820     6.320    dbg_hub/inst/BSCANID.u_xsdbm_id/CORE_XSDB.U_ICON/U_CMD/iTARGET_reg[6]_0
    SLICE_X90Y160        FDCE                                         f  dbg_hub/inst/BSCANID.u_xsdbm_id/CORE_XSDB.U_ICON/U_CMD/iTARGET_reg[9]/CLR  (IS_INVERTED)
  -------------------------------------------------------------------    -------------------

                         (clock dbg_hub/inst/BSCANID.u_xsdbm_id/SWITCH_N_EXT_BSCAN.bscan_inst/SERIES7_BSCAN.bscan_inst/TCK rise edge)
                                                     33.000    33.000 r  
    CONFIG_SITE_X0Y0     BSCANE2                      0.000    33.000 r  dbg_hub/inst/BSCANID.u_xsdbm_id/SWITCH_N_EXT_BSCAN.bscan_inst/SERIES7_BSCAN.bscan_inst/TCK
                         net (fo=1, routed)           1.618    34.618    dbg_hub/inst/BSCANID.u_xsdbm_id/tck_bs
    BUFGCE_X1Y56         BUFGCE (Prop_BUFCE_BUFGCE_I_O)
                                                      0.075    34.693 r  dbg_hub/inst/BSCANID.u_xsdbm_id/SWITCH_N_EXT_BSCAN.u_bufg_icon_tck/O
    X3Y2 (CLOCK_ROOT)    net (fo=494, routed)         1.963    36.656    dbg_hub/inst/BSCANID.u_xsdbm_id/CORE_XSDB.U_ICON/U_CMD/m_bscan_tck[0]
    SLICE_X90Y160        FDCE                                         r  dbg_hub/inst/BSCANID.u_xsdbm_id/CORE_XSDB.U_ICON/U_CMD/iTARGET_reg[9]/C
                         clock pessimism              0.485    37.141    
                         clock uncertainty           -0.035    37.106    
    SLICE_X90Y160        FDCE (Recov_HFF2_SLICEL_C_CLR)
                                                     -0.082    37.024    dbg_hub/inst/BSCANID.u_xsdbm_id/CORE_XSDB.U_ICON/U_CMD/iTARGET_reg[9]
  -------------------------------------------------------------------
                         required time                         37.024    
                         arrival time                          -6.320    
  -------------------------------------------------------------------
                         slack                                 30.704    

Slack (MET) :             30.742ns  (required time - arrival time)
  Source:                 dbg_hub/inst/BSCANID.u_xsdbm_id/SWITCH_N_EXT_BSCAN.bscan_switch/portno_reg[5]/C
                            (rising edge-triggered cell FDRE clocked by dbg_hub/inst/BSCANID.u_xsdbm_id/SWITCH_N_EXT_BSCAN.bscan_inst/SERIES7_BSCAN.bscan_inst/TCK  {rise@0.000ns fall@16.500ns period=33.000ns})
  Destination:            dbg_hub/inst/BSCANID.u_xsdbm_id/CORE_XSDB.U_ICON/U_CMD/iTARGET_reg[10]/CLR
                            (recovery check against rising-edge clock dbg_hub/inst/BSCANID.u_xsdbm_id/SWITCH_N_EXT_BSCAN.bscan_inst/SERIES7_BSCAN.bscan_inst/TCK  {rise@0.000ns fall@16.500ns period=33.000ns})
  Path Group:             **async_default**
  Path Type:              Recovery (Max at Slow Process Corner)
  Requirement:            33.000ns  (dbg_hub/inst/BSCANID.u_xsdbm_id/SWITCH_N_EXT_BSCAN.bscan_inst/SERIES7_BSCAN.bscan_inst/TCK rise@33.000ns - dbg_hub/inst/BSCANID.u_xsdbm_id/SWITCH_N_EXT_BSCAN.bscan_inst/SERIES7_BSCAN.bscan_inst/TCK rise@0.000ns)
  Data Path Delay:        1.893ns  (logic 0.346ns (18.278%)  route 1.547ns (81.722%))
  Logic Levels:           2  (LUT4=1 LUT6=1)
  Clock Path Skew:        -0.248ns (DCD - SCD + CPR)
    Destination Clock Delay (DCD):    3.639ns = ( 36.639 - 33.000 ) 
    Source Clock Delay      (SCD):    4.372ns
    Clock Pessimism Removal (CPR):    0.485ns
  Clock Uncertainty:      0.035ns  ((TSJ^2 + TIJ^2)^1/2 + DJ) / 2 + PE
    Total System Jitter     (TSJ):    0.071ns
    Total Input Jitter      (TIJ):    0.000ns
    Discrete Jitter          (DJ):    0.000ns
    Phase Error              (PE):    0.000ns
  Clock Net Delay (Source):      2.252ns (routing 0.737ns, distribution 1.515ns)
  Clock Net Delay (Destination): 1.946ns (routing 0.679ns, distribution 1.267ns)

    Location             Delay type                Incr(ns)  Path(ns)    Netlist Resource(s)
  -------------------------------------------------------------------    -------------------
                         (clock dbg_hub/inst/BSCANID.u_xsdbm_id/SWITCH_N_EXT_BSCAN.bscan_inst/SERIES7_BSCAN.bscan_inst/TCK rise edge)
                                                      0.000     0.000 r  
    CONFIG_SITE_X0Y0     BSCANE2                      0.000     0.000 r  dbg_hub/inst/BSCANID.u_xsdbm_id/SWITCH_N_EXT_BSCAN.bscan_inst/SERIES7_BSCAN.bscan_inst/TCK
                         net (fo=1, routed)           2.037     2.037    dbg_hub/inst/BSCANID.u_xsdbm_id/tck_bs
    BUFGCE_X1Y56         BUFGCE (Prop_BUFCE_BUFGCE_I_O)
                                                      0.083     2.120 r  dbg_hub/inst/BSCANID.u_xsdbm_id/SWITCH_N_EXT_BSCAN.u_bufg_icon_tck/O
    X3Y2 (CLOCK_ROOT)    net (fo=494, routed)         2.252     4.372    dbg_hub/inst/BSCANID.u_xsdbm_id/SWITCH_N_EXT_BSCAN.bscan_switch/s_bscan_tck
    SLICE_X96Y191        FDRE                                         r  dbg_hub/inst/BSCANID.u_xsdbm_id/SWITCH_N_EXT_BSCAN.bscan_switch/portno_reg[5]/C
  -------------------------------------------------------------------    -------------------
    SLICE_X96Y191        FDRE (Prop_GFF2_SLICEL_C_Q)
                                                      0.118     4.490 f  dbg_hub/inst/BSCANID.u_xsdbm_id/SWITCH_N_EXT_BSCAN.bscan_switch/portno_reg[5]/Q
                         net (fo=1, routed)           0.372     4.862    dbg_hub/inst/BSCANID.u_xsdbm_id/SWITCH_N_EXT_BSCAN.bscan_switch/portno[5]
    SLICE_X96Y191        LUT6 (Prop_H6LUT_SLICEL_I5_O)
                                                      0.188     5.050 f  dbg_hub/inst/BSCANID.u_xsdbm_id/SWITCH_N_EXT_BSCAN.bscan_switch/m_bscan_drck[0]_INST_0_i_1/O
                         net (fo=5, routed)           0.410     5.460    dbg_hub/inst/BSCANID.u_xsdbm_id/SWITCH_N_EXT_BSCAN.bscan_switch/m_bscan_drck[0]_INST_0_i_1_n_0
    SLICE_X94Y185        LUT4 (Prop_E6LUT_SLICEM_I3_O)
                                                      0.040     5.500 r  dbg_hub/inst/BSCANID.u_xsdbm_id/SWITCH_N_EXT_BSCAN.bscan_switch/m_bscan_sel[0]_INST_0/O
                         net (fo=11, routed)          0.765     6.265    dbg_hub/inst/BSCANID.u_xsdbm_id/CORE_XSDB.U_ICON/U_CMD/iTARGET_reg[6]_0
    SLICE_X90Y161        FDCE                                         f  dbg_hub/inst/BSCANID.u_xsdbm_id/CORE_XSDB.U_ICON/U_CMD/iTARGET_reg[10]/CLR  (IS_INVERTED)
  -------------------------------------------------------------------    -------------------

                         (clock dbg_hub/inst/BSCANID.u_xsdbm_id/SWITCH_N_EXT_BSCAN.bscan_inst/SERIES7_BSCAN.bscan_inst/TCK rise edge)
                                                     33.000    33.000 r  
    CONFIG_SITE_X0Y0     BSCANE2                      0.000    33.000 r  dbg_hub/inst/BSCANID.u_xsdbm_id/SWITCH_N_EXT_BSCAN.bscan_inst/SERIES7_BSCAN.bscan_inst/TCK
                         net (fo=1, routed)           1.618    34.618    dbg_hub/inst/BSCANID.u_xsdbm_id/tck_bs
    BUFGCE_X1Y56         BUFGCE (Prop_BUFCE_BUFGCE_I_O)
                                                      0.075    34.693 r  dbg_hub/inst/BSCANID.u_xsdbm_id/SWITCH_N_EXT_BSCAN.u_bufg_icon_tck/O
    X3Y2 (CLOCK_ROOT)    net (fo=494, routed)         1.946    36.639    dbg_hub/inst/BSCANID.u_xsdbm_id/CORE_XSDB.U_ICON/U_CMD/m_bscan_tck[0]
    SLICE_X90Y161        FDCE                                         r  dbg_hub/inst/BSCANID.u_xsdbm_id/CORE_XSDB.U_ICON/U_CMD/iTARGET_reg[10]/C
                         clock pessimism              0.485    37.124    
                         clock uncertainty           -0.035    37.089    
    SLICE_X90Y161        FDCE (Recov_EFF_SLICEL_C_CLR)
                                                     -0.082    37.007    dbg_hub/inst/BSCANID.u_xsdbm_id/CORE_XSDB.U_ICON/U_CMD/iTARGET_reg[10]
  -------------------------------------------------------------------
                         required time                         37.007    
                         arrival time                          -6.265    
  -------------------------------------------------------------------
                         slack                                 30.742    

Slack (MET) :             30.742ns  (required time - arrival time)
  Source:                 dbg_hub/inst/BSCANID.u_xsdbm_id/SWITCH_N_EXT_BSCAN.bscan_switch/portno_reg[5]/C
                            (rising edge-triggered cell FDRE clocked by dbg_hub/inst/BSCANID.u_xsdbm_id/SWITCH_N_EXT_BSCAN.bscan_inst/SERIES7_BSCAN.bscan_inst/TCK  {rise@0.000ns fall@16.500ns period=33.000ns})
  Destination:            dbg_hub/inst/BSCANID.u_xsdbm_id/CORE_XSDB.U_ICON/U_CMD/iTARGET_reg[11]/CLR
                            (recovery check against rising-edge clock dbg_hub/inst/BSCANID.u_xsdbm_id/SWITCH_N_EXT_BSCAN.bscan_inst/SERIES7_BSCAN.bscan_inst/TCK  {rise@0.000ns fall@16.500ns period=33.000ns})
  Path Group:             **async_default**
  Path Type:              Recovery (Max at Slow Process Corner)
  Requirement:            33.000ns  (dbg_hub/inst/BSCANID.u_xsdbm_id/SWITCH_N_EXT_BSCAN.bscan_inst/SERIES7_BSCAN.bscan_inst/TCK rise@33.000ns - dbg_hub/inst/BSCANID.u_xsdbm_id/SWITCH_N_EXT_BSCAN.bscan_inst/SERIES7_BSCAN.bscan_inst/TCK rise@0.000ns)
  Data Path Delay:        1.893ns  (logic 0.346ns (18.278%)  route 1.547ns (81.722%))
  Logic Levels:           2  (LUT4=1 LUT6=1)
  Clock Path Skew:        -0.248ns (DCD - SCD + CPR)
    Destination Clock Delay (DCD):    3.639ns = ( 36.639 - 33.000 ) 
    Source Clock Delay      (SCD):    4.372ns
    Clock Pessimism Removal (CPR):    0.485ns
  Clock Uncertainty:      0.035ns  ((TSJ^2 + TIJ^2)^1/2 + DJ) / 2 + PE
    Total System Jitter     (TSJ):    0.071ns
    Total Input Jitter      (TIJ):    0.000ns
    Discrete Jitter          (DJ):    0.000ns
    Phase Error              (PE):    0.000ns
  Clock Net Delay (Source):      2.252ns (routing 0.737ns, distribution 1.515ns)
  Clock Net Delay (Destination): 1.946ns (routing 0.679ns, distribution 1.267ns)

    Location             Delay type                Incr(ns)  Path(ns)    Netlist Resource(s)
  -------------------------------------------------------------------    -------------------
                         (clock dbg_hub/inst/BSCANID.u_xsdbm_id/SWITCH_N_EXT_BSCAN.bscan_inst/SERIES7_BSCAN.bscan_inst/TCK rise edge)
                                                      0.000     0.000 r  
    CONFIG_SITE_X0Y0     BSCANE2                      0.000     0.000 r  dbg_hub/inst/BSCANID.u_xsdbm_id/SWITCH_N_EXT_BSCAN.bscan_inst/SERIES7_BSCAN.bscan_inst/TCK
                         net (fo=1, routed)           2.037     2.037    dbg_hub/inst/BSCANID.u_xsdbm_id/tck_bs
    BUFGCE_X1Y56         BUFGCE (Prop_BUFCE_BUFGCE_I_O)
                                                      0.083     2.120 r  dbg_hub/inst/BSCANID.u_xsdbm_id/SWITCH_N_EXT_BSCAN.u_bufg_icon_tck/O
    X3Y2 (CLOCK_ROOT)    net (fo=494, routed)         2.252     4.372    dbg_hub/inst/BSCANID.u_xsdbm_id/SWITCH_N_EXT_BSCAN.bscan_switch/s_bscan_tck
    SLICE_X96Y191        FDRE                                         r  dbg_hub/inst/BSCANID.u_xsdbm_id/SWITCH_N_EXT_BSCAN.bscan_switch/portno_reg[5]/C
  -------------------------------------------------------------------    -------------------
    SLICE_X96Y191        FDRE (Prop_GFF2_SLICEL_C_Q)
                                                      0.118     4.490 f  dbg_hub/inst/BSCANID.u_xsdbm_id/SWITCH_N_EXT_BSCAN.bscan_switch/portno_reg[5]/Q
                         net (fo=1, routed)           0.372     4.862    dbg_hub/inst/BSCANID.u_xsdbm_id/SWITCH_N_EXT_BSCAN.bscan_switch/portno[5]
    SLICE_X96Y191        LUT6 (Prop_H6LUT_SLICEL_I5_O)
                                                      0.188     5.050 f  dbg_hub/inst/BSCANID.u_xsdbm_id/SWITCH_N_EXT_BSCAN.bscan_switch/m_bscan_drck[0]_INST_0_i_1/O
                         net (fo=5, routed)           0.410     5.460    dbg_hub/inst/BSCANID.u_xsdbm_id/SWITCH_N_EXT_BSCAN.bscan_switch/m_bscan_drck[0]_INST_0_i_1_n_0
    SLICE_X94Y185        LUT4 (Prop_E6LUT_SLICEM_I3_O)
                                                      0.040     5.500 r  dbg_hub/inst/BSCANID.u_xsdbm_id/SWITCH_N_EXT_BSCAN.bscan_switch/m_bscan_sel[0]_INST_0/O
                         net (fo=11, routed)          0.765     6.265    dbg_hub/inst/BSCANID.u_xsdbm_id/CORE_XSDB.U_ICON/U_CMD/iTARGET_reg[6]_0
    SLICE_X90Y161        FDCE                                         f  dbg_hub/inst/BSCANID.u_xsdbm_id/CORE_XSDB.U_ICON/U_CMD/iTARGET_reg[11]/CLR  (IS_INVERTED)
  -------------------------------------------------------------------    -------------------

                         (clock dbg_hub/inst/BSCANID.u_xsdbm_id/SWITCH_N_EXT_BSCAN.bscan_inst/SERIES7_BSCAN.bscan_inst/TCK rise edge)
                                                     33.000    33.000 r  
    CONFIG_SITE_X0Y0     BSCANE2                      0.000    33.000 r  dbg_hub/inst/BSCANID.u_xsdbm_id/SWITCH_N_EXT_BSCAN.bscan_inst/SERIES7_BSCAN.bscan_inst/TCK
                         net (fo=1, routed)           1.618    34.618    dbg_hub/inst/BSCANID.u_xsdbm_id/tck_bs
    BUFGCE_X1Y56         BUFGCE (Prop_BUFCE_BUFGCE_I_O)
                                                      0.075    34.693 r  dbg_hub/inst/BSCANID.u_xsdbm_id/SWITCH_N_EXT_BSCAN.u_bufg_icon_tck/O
    X3Y2 (CLOCK_ROOT)    net (fo=494, routed)         1.946    36.639    dbg_hub/inst/BSCANID.u_xsdbm_id/CORE_XSDB.U_ICON/U_CMD/m_bscan_tck[0]
    SLICE_X90Y161        FDCE                                         r  dbg_hub/inst/BSCANID.u_xsdbm_id/CORE_XSDB.U_ICON/U_CMD/iTARGET_reg[11]/C
                         clock pessimism              0.485    37.124    
                         clock uncertainty           -0.035    37.089    
    SLICE_X90Y161        FDCE (Recov_EFF2_SLICEL_C_CLR)
                                                     -0.082    37.007    dbg_hub/inst/BSCANID.u_xsdbm_id/CORE_XSDB.U_ICON/U_CMD/iTARGET_reg[11]
  -------------------------------------------------------------------
                         required time                         37.007    
                         arrival time                          -6.265    
  -------------------------------------------------------------------
                         slack                                 30.742    





Min Delay Paths
--------------------------------------------------------------------------------------
Slack (MET) :             0.062ns  (arrival time - required time)
  Source:                 dbg_hub/inst/BSCANID.u_xsdbm_id/CORE_XSDB.UUT_MASTER/U_ICON_INTERFACE/U_CMD6_WR/U_WR_FIFO/SUBCORE_FIFO.xsdbm_v3_0_0_wrfifo_inst/inst_fifo_gen/gconvfifo.rf/grf.rf/rstblk/ngwrdrst.grst.g7serrst.rst_wr_reg2_reg/C
                            (rising edge-triggered cell FDPE clocked by dbg_hub/inst/BSCANID.u_xsdbm_id/SWITCH_N_EXT_BSCAN.bscan_inst/SERIES7_BSCAN.bscan_inst/TCK  {rise@0.000ns fall@16.500ns period=33.000ns})
  Destination:            dbg_hub/inst/BSCANID.u_xsdbm_id/CORE_XSDB.UUT_MASTER/U_ICON_INTERFACE/U_CMD6_WR/U_WR_FIFO/SUBCORE_FIFO.xsdbm_v3_0_0_wrfifo_inst/inst_fifo_gen/gconvfifo.rf/grf.rf/rstblk/ngwrdrst.grst.g7serrst.wr_rst_asreg_reg/PRE
                            (removal check against rising-edge clock dbg_hub/inst/BSCANID.u_xsdbm_id/SWITCH_N_EXT_BSCAN.bscan_inst/SERIES7_BSCAN.bscan_inst/TCK  {rise@0.000ns fall@16.500ns period=33.000ns})
  Path Group:             **async_default**
  Path Type:              Removal (Min at Fast Process Corner)
  Requirement:            0.000ns  (dbg_hub/inst/BSCANID.u_xsdbm_id/SWITCH_N_EXT_BSCAN.bscan_inst/SERIES7_BSCAN.bscan_inst/TCK rise@0.000ns - dbg_hub/inst/BSCANID.u_xsdbm_id/SWITCH_N_EXT_BSCAN.bscan_inst/SERIES7_BSCAN.bscan_inst/TCK rise@0.000ns)
  Data Path Delay:        0.208ns  (logic 0.049ns (23.558%)  route 0.159ns (76.442%))
  Logic Levels:           0  
  Clock Path Skew:        0.141ns (DCD - SCD - CPR)
    Destination Clock Delay (DCD):    2.480ns
    Source Clock Delay      (SCD):    1.942ns
    Clock Pessimism Removal (CPR):    0.397ns
  Clock Net Delay (Source):      0.929ns (routing 0.347ns, distribution 0.582ns)
  Clock Net Delay (Destination): 1.106ns (routing 0.383ns, distribution 0.723ns)

    Location             Delay type                Incr(ns)  Path(ns)    Netlist Resource(s)
  -------------------------------------------------------------------    -------------------
                         (clock dbg_hub/inst/BSCANID.u_xsdbm_id/SWITCH_N_EXT_BSCAN.bscan_inst/SERIES7_BSCAN.bscan_inst/TCK rise edge)
                                                      0.000     0.000 r  
    CONFIG_SITE_X0Y0     BSCANE2                      0.000     0.000 r  dbg_hub/inst/BSCANID.u_xsdbm_id/SWITCH_N_EXT_BSCAN.bscan_inst/SERIES7_BSCAN.bscan_inst/TCK
                         net (fo=1, routed)           0.986     0.986    dbg_hub/inst/BSCANID.u_xsdbm_id/tck_bs
    BUFGCE_X1Y56         BUFGCE (Prop_BUFCE_BUFGCE_I_O)
                                                      0.027     1.013 r  dbg_hub/inst/BSCANID.u_xsdbm_id/SWITCH_N_EXT_BSCAN.u_bufg_icon_tck/O
    X3Y2 (CLOCK_ROOT)    net (fo=494, routed)         0.929     1.942    dbg_hub/inst/BSCANID.u_xsdbm_id/CORE_XSDB.UUT_MASTER/U_ICON_INTERFACE/U_CMD6_WR/U_WR_FIFO/SUBCORE_FIFO.xsdbm_v3_0_0_wrfifo_inst/inst_fifo_gen/gconvfifo.rf/grf.rf/rstblk/wr_clk
    SLICE_X87Y120        FDPE                                         r  dbg_hub/inst/BSCANID.u_xsdbm_id/CORE_XSDB.UUT_MASTER/U_ICON_INTERFACE/U_CMD6_WR/U_WR_FIFO/SUBCORE_FIFO.xsdbm_v3_0_0_wrfifo_inst/inst_fifo_gen/gconvfifo.rf/grf.rf/rstblk/ngwrdrst.grst.g7serrst.rst_wr_reg2_reg/C
  -------------------------------------------------------------------    -------------------
    SLICE_X87Y120        FDPE (Prop_AFF2_SLICEL_C_Q)
                                                      0.049     1.991 f  dbg_hub/inst/BSCANID.u_xsdbm_id/CORE_XSDB.UUT_MASTER/U_ICON_INTERFACE/U_CMD6_WR/U_WR_FIFO/SUBCORE_FIFO.xsdbm_v3_0_0_wrfifo_inst/inst_fifo_gen/gconvfifo.rf/grf.rf/rstblk/ngwrdrst.grst.g7serrst.rst_wr_reg2_reg/Q
                         net (fo=1, routed)           0.159     2.150    dbg_hub/inst/BSCANID.u_xsdbm_id/CORE_XSDB.UUT_MASTER/U_ICON_INTERFACE/U_CMD6_WR/U_WR_FIFO/SUBCORE_FIFO.xsdbm_v3_0_0_wrfifo_inst/inst_fifo_gen/gconvfifo.rf/grf.rf/rstblk/rst_wr_reg2
    SLICE_X87Y119        FDPE                                         f  dbg_hub/inst/BSCANID.u_xsdbm_id/CORE_XSDB.UUT_MASTER/U_ICON_INTERFACE/U_CMD6_WR/U_WR_FIFO/SUBCORE_FIFO.xsdbm_v3_0_0_wrfifo_inst/inst_fifo_gen/gconvfifo.rf/grf.rf/rstblk/ngwrdrst.grst.g7serrst.wr_rst_asreg_reg/PRE
  -------------------------------------------------------------------    -------------------

                         (clock dbg_hub/inst/BSCANID.u_xsdbm_id/SWITCH_N_EXT_BSCAN.bscan_inst/SERIES7_BSCAN.bscan_inst/TCK rise edge)
                                                      0.000     0.000 r  
    CONFIG_SITE_X0Y0     BSCANE2                      0.000     0.000 r  dbg_hub/inst/BSCANID.u_xsdbm_id/SWITCH_N_EXT_BSCAN.bscan_inst/SERIES7_BSCAN.bscan_inst/TCK
                         net (fo=1, routed)           1.343     1.343    dbg_hub/inst/BSCANID.u_xsdbm_id/tck_bs
    BUFGCE_X1Y56         BUFGCE (Prop_BUFCE_BUFGCE_I_O)
                                                      0.031     1.374 r  dbg_hub/inst/BSCANID.u_xsdbm_id/SWITCH_N_EXT_BSCAN.u_bufg_icon_tck/O
    X3Y2 (CLOCK_ROOT)    net (fo=494, routed)         1.106     2.480    dbg_hub/inst/BSCANID.u_xsdbm_id/CORE_XSDB.UUT_MASTER/U_ICON_INTERFACE/U_CMD6_WR/U_WR_FIFO/SUBCORE_FIFO.xsdbm_v3_0_0_wrfifo_inst/inst_fifo_gen/gconvfifo.rf/grf.rf/rstblk/wr_clk
    SLICE_X87Y119        FDPE                                         r  dbg_hub/inst/BSCANID.u_xsdbm_id/CORE_XSDB.UUT_MASTER/U_ICON_INTERFACE/U_CMD6_WR/U_WR_FIFO/SUBCORE_FIFO.xsdbm_v3_0_0_wrfifo_inst/inst_fifo_gen/gconvfifo.rf/grf.rf/rstblk/ngwrdrst.grst.g7serrst.wr_rst_asreg_reg/C
                         clock pessimism             -0.397     2.083    
    SLICE_X87Y119        FDPE (Remov_HFF2_SLICEL_C_PRE)
                                                      0.005     2.088    dbg_hub/inst/BSCANID.u_xsdbm_id/CORE_XSDB.UUT_MASTER/U_ICON_INTERFACE/U_CMD6_WR/U_WR_FIFO/SUBCORE_FIFO.xsdbm_v3_0_0_wrfifo_inst/inst_fifo_gen/gconvfifo.rf/grf.rf/rstblk/ngwrdrst.grst.g7serrst.wr_rst_asreg_reg
  -------------------------------------------------------------------
                         required time                         -2.088    
                         arrival time                           2.150    
  -------------------------------------------------------------------
                         slack                                  0.062    

Slack (MET) :             0.135ns  (arrival time - required time)
  Source:                 dbg_hub/inst/BSCANID.u_xsdbm_id/CORE_XSDB.UUT_MASTER/U_ICON_INTERFACE/U_CMD6_WR/U_WR_FIFO/SUBCORE_FIFO.xsdbm_v3_0_0_wrfifo_inst/inst_fifo_gen/gconvfifo.rf/grf.rf/rstblk/ngwrdrst.grst.g7serrst.wr_rst_reg_reg[0]/C
                            (rising edge-triggered cell FDPE clocked by dbg_hub/inst/BSCANID.u_xsdbm_id/SWITCH_N_EXT_BSCAN.bscan_inst/SERIES7_BSCAN.bscan_inst/TCK  {rise@0.000ns fall@16.500ns period=33.000ns})
  Destination:            dbg_hub/inst/BSCANID.u_xsdbm_id/CORE_XSDB.UUT_MASTER/U_ICON_INTERFACE/U_CMD6_WR/U_WR_FIFO/SUBCORE_FIFO.xsdbm_v3_0_0_wrfifo_inst/inst_fifo_gen/gconvfifo.rf/grf.rf/gntv_or_sync_fifo.gcx.clkx/gnxpm_cdc.gsync_stage[1].wr_stg_inst/Q_reg_reg[0]/CLR
                            (removal check against rising-edge clock dbg_hub/inst/BSCANID.u_xsdbm_id/SWITCH_N_EXT_BSCAN.bscan_inst/SERIES7_BSCAN.bscan_inst/TCK  {rise@0.000ns fall@16.500ns period=33.000ns})
  Path Group:             **async_default**
  Path Type:              Removal (Min at Fast Process Corner)
  Requirement:            0.000ns  (dbg_hub/inst/BSCANID.u_xsdbm_id/SWITCH_N_EXT_BSCAN.bscan_inst/SERIES7_BSCAN.bscan_inst/TCK rise@0.000ns - dbg_hub/inst/BSCANID.u_xsdbm_id/SWITCH_N_EXT_BSCAN.bscan_inst/SERIES7_BSCAN.bscan_inst/TCK rise@0.000ns)
  Data Path Delay:        0.253ns  (logic 0.049ns (19.368%)  route 0.204ns (80.632%))
  Logic Levels:           0  
  Clock Path Skew:        0.113ns (DCD - SCD - CPR)
    Destination Clock Delay (DCD):    2.479ns
    Source Clock Delay      (SCD):    1.969ns
    Clock Pessimism Removal (CPR):    0.397ns
  Clock Net Delay (Source):      0.956ns (routing 0.347ns, distribution 0.609ns)
  Clock Net Delay (Destination): 1.105ns (routing 0.383ns, distribution 0.722ns)

    Location             Delay type                Incr(ns)  Path(ns)    Netlist Resource(s)
  -------------------------------------------------------------------    -------------------
                         (clock dbg_hub/inst/BSCANID.u_xsdbm_id/SWITCH_N_EXT_BSCAN.bscan_inst/SERIES7_BSCAN.bscan_inst/TCK rise edge)
                                                      0.000     0.000 r  
    CONFIG_SITE_X0Y0     BSCANE2                      0.000     0.000 r  dbg_hub/inst/BSCANID.u_xsdbm_id/SWITCH_N_EXT_BSCAN.bscan_inst/SERIES7_BSCAN.bscan_inst/TCK
                         net (fo=1, routed)           0.986     0.986    dbg_hub/inst/BSCANID.u_xsdbm_id/tck_bs
    BUFGCE_X1Y56         BUFGCE (Prop_BUFCE_BUFGCE_I_O)
                                                      0.027     1.013 r  dbg_hub/inst/BSCANID.u_xsdbm_id/SWITCH_N_EXT_BSCAN.u_bufg_icon_tck/O
    X3Y2 (CLOCK_ROOT)    net (fo=494, routed)         0.956     1.969    dbg_hub/inst/BSCANID.u_xsdbm_id/CORE_XSDB.UUT_MASTER/U_ICON_INTERFACE/U_CMD6_WR/U_WR_FIFO/SUBCORE_FIFO.xsdbm_v3_0_0_wrfifo_inst/inst_fifo_gen/gconvfifo.rf/grf.rf/rstblk/wr_clk
    SLICE_X88Y119        FDPE                                         r  dbg_hub/inst/BSCANID.u_xsdbm_id/CORE_XSDB.UUT_MASTER/U_ICON_INTERFACE/U_CMD6_WR/U_WR_FIFO/SUBCORE_FIFO.xsdbm_v3_0_0_wrfifo_inst/inst_fifo_gen/gconvfifo.rf/grf.rf/rstblk/ngwrdrst.grst.g7serrst.wr_rst_reg_reg[0]/C
  -------------------------------------------------------------------    -------------------
    SLICE_X88Y119        FDPE (Prop_EFF_SLICEL_C_Q)
                                                      0.049     2.018 f  dbg_hub/inst/BSCANID.u_xsdbm_id/CORE_XSDB.UUT_MASTER/U_ICON_INTERFACE/U_CMD6_WR/U_WR_FIFO/SUBCORE_FIFO.xsdbm_v3_0_0_wrfifo_inst/inst_fifo_gen/gconvfifo.rf/grf.rf/rstblk/ngwrdrst.grst.g7serrst.wr_rst_reg_reg[0]/Q
                         net (fo=18, routed)          0.204     2.222    dbg_hub/inst/BSCANID.u_xsdbm_id/CORE_XSDB.UUT_MASTER/U_ICON_INTERFACE/U_CMD6_WR/U_WR_FIFO/SUBCORE_FIFO.xsdbm_v3_0_0_wrfifo_inst/inst_fifo_gen/gconvfifo.rf/grf.rf/gntv_or_sync_fifo.gcx.clkx/gnxpm_cdc.gsync_stage[1].wr_stg_inst/AR[0]
    SLICE_X88Y123        FDCE                                         f  dbg_hub/inst/BSCANID.u_xsdbm_id/CORE_XSDB.UUT_MASTER/U_ICON_INTERFACE/U_CMD6_WR/U_WR_FIFO/SUBCORE_FIFO.xsdbm_v3_0_0_wrfifo_inst/inst_fifo_gen/gconvfifo.rf/grf.rf/gntv_or_sync_fifo.gcx.clkx/gnxpm_cdc.gsync_stage[1].wr_stg_inst/Q_reg_reg[0]/CLR
  -------------------------------------------------------------------    -------------------

                         (clock dbg_hub/inst/BSCANID.u_xsdbm_id/SWITCH_N_EXT_BSCAN.bscan_inst/SERIES7_BSCAN.bscan_inst/TCK rise edge)
                                                      0.000     0.000 r  
    CONFIG_SITE_X0Y0     BSCANE2                      0.000     0.000 r  dbg_hub/inst/BSCANID.u_xsdbm_id/SWITCH_N_EXT_BSCAN.bscan_inst/SERIES7_BSCAN.bscan_inst/TCK
                         net (fo=1, routed)           1.343     1.343    dbg_hub/inst/BSCANID.u_xsdbm_id/tck_bs
    BUFGCE_X1Y56         BUFGCE (Prop_BUFCE_BUFGCE_I_O)
                                                      0.031     1.374 r  dbg_hub/inst/BSCANID.u_xsdbm_id/SWITCH_N_EXT_BSCAN.u_bufg_icon_tck/O
    X3Y2 (CLOCK_ROOT)    net (fo=494, routed)         1.105     2.479    dbg_hub/inst/BSCANID.u_xsdbm_id/CORE_XSDB.UUT_MASTER/U_ICON_INTERFACE/U_CMD6_WR/U_WR_FIFO/SUBCORE_FIFO.xsdbm_v3_0_0_wrfifo_inst/inst_fifo_gen/gconvfifo.rf/grf.rf/gntv_or_sync_fifo.gcx.clkx/gnxpm_cdc.gsync_stage[1].wr_stg_inst/wr_clk
    SLICE_X88Y123        FDCE                                         r  dbg_hub/inst/BSCANID.u_xsdbm_id/CORE_XSDB.UUT_MASTER/U_ICON_INTERFACE/U_CMD6_WR/U_WR_FIFO/SUBCORE_FIFO.xsdbm_v3_0_0_wrfifo_inst/inst_fifo_gen/gconvfifo.rf/grf.rf/gntv_or_sync_fifo.gcx.clkx/gnxpm_cdc.gsync_stage[1].wr_stg_inst/Q_reg_reg[0]/C
                         clock pessimism             -0.397     2.082    
    SLICE_X88Y123        FDCE (Remov_HFF2_SLICEL_C_CLR)
                                                      0.005     2.087    dbg_hub/inst/BSCANID.u_xsdbm_id/CORE_XSDB.UUT_MASTER/U_ICON_INTERFACE/U_CMD6_WR/U_WR_FIFO/SUBCORE_FIFO.xsdbm_v3_0_0_wrfifo_inst/inst_fifo_gen/gconvfifo.rf/grf.rf/gntv_or_sync_fifo.gcx.clkx/gnxpm_cdc.gsync_stage[1].wr_stg_inst/Q_reg_reg[0]
  -------------------------------------------------------------------
                         required time                         -2.087    
                         arrival time                           2.222    
  -------------------------------------------------------------------
                         slack                                  0.135    

Slack (MET) :             0.135ns  (arrival time - required time)
  Source:                 dbg_hub/inst/BSCANID.u_xsdbm_id/CORE_XSDB.UUT_MASTER/U_ICON_INTERFACE/U_CMD6_WR/U_WR_FIFO/SUBCORE_FIFO.xsdbm_v3_0_0_wrfifo_inst/inst_fifo_gen/gconvfifo.rf/grf.rf/rstblk/ngwrdrst.grst.g7serrst.wr_rst_reg_reg[0]/C
                            (rising edge-triggered cell FDPE clocked by dbg_hub/inst/BSCANID.u_xsdbm_id/SWITCH_N_EXT_BSCAN.bscan_inst/SERIES7_BSCAN.bscan_inst/TCK  {rise@0.000ns fall@16.500ns period=33.000ns})
  Destination:            dbg_hub/inst/BSCANID.u_xsdbm_id/CORE_XSDB.UUT_MASTER/U_ICON_INTERFACE/U_CMD6_WR/U_WR_FIFO/SUBCORE_FIFO.xsdbm_v3_0_0_wrfifo_inst/inst_fifo_gen/gconvfifo.rf/grf.rf/gntv_or_sync_fifo.gcx.clkx/gnxpm_cdc.gsync_stage[2].wr_stg_inst/Q_reg_reg[0]/CLR
                            (removal check against rising-edge clock dbg_hub/inst/BSCANID.u_xsdbm_id/SWITCH_N_EXT_BSCAN.bscan_inst/SERIES7_BSCAN.bscan_inst/TCK  {rise@0.000ns fall@16.500ns period=33.000ns})
  Path Group:             **async_default**
  Path Type:              Removal (Min at Fast Process Corner)
  Requirement:            0.000ns  (dbg_hub/inst/BSCANID.u_xsdbm_id/SWITCH_N_EXT_BSCAN.bscan_inst/SERIES7_BSCAN.bscan_inst/TCK rise@0.000ns - dbg_hub/inst/BSCANID.u_xsdbm_id/SWITCH_N_EXT_BSCAN.bscan_inst/SERIES7_BSCAN.bscan_inst/TCK rise@0.000ns)
  Data Path Delay:        0.253ns  (logic 0.049ns (19.368%)  route 0.204ns (80.632%))
  Logic Levels:           0  
  Clock Path Skew:        0.113ns (DCD - SCD - CPR)
    Destination Clock Delay (DCD):    2.479ns
    Source Clock Delay      (SCD):    1.969ns
    Clock Pessimism Removal (CPR):    0.397ns
  Clock Net Delay (Source):      0.956ns (routing 0.347ns, distribution 0.609ns)
  Clock Net Delay (Destination): 1.105ns (routing 0.383ns, distribution 0.722ns)

    Location             Delay type                Incr(ns)  Path(ns)    Netlist Resource(s)
  -------------------------------------------------------------------    -------------------
                         (clock dbg_hub/inst/BSCANID.u_xsdbm_id/SWITCH_N_EXT_BSCAN.bscan_inst/SERIES7_BSCAN.bscan_inst/TCK rise edge)
                                                      0.000     0.000 r  
    CONFIG_SITE_X0Y0     BSCANE2                      0.000     0.000 r  dbg_hub/inst/BSCANID.u_xsdbm_id/SWITCH_N_EXT_BSCAN.bscan_inst/SERIES7_BSCAN.bscan_inst/TCK
                         net (fo=1, routed)           0.986     0.986    dbg_hub/inst/BSCANID.u_xsdbm_id/tck_bs
    BUFGCE_X1Y56         BUFGCE (Prop_BUFCE_BUFGCE_I_O)
                                                      0.027     1.013 r  dbg_hub/inst/BSCANID.u_xsdbm_id/SWITCH_N_EXT_BSCAN.u_bufg_icon_tck/O
    X3Y2 (CLOCK_ROOT)    net (fo=494, routed)         0.956     1.969    dbg_hub/inst/BSCANID.u_xsdbm_id/CORE_XSDB.UUT_MASTER/U_ICON_INTERFACE/U_CMD6_WR/U_WR_FIFO/SUBCORE_FIFO.xsdbm_v3_0_0_wrfifo_inst/inst_fifo_gen/gconvfifo.rf/grf.rf/rstblk/wr_clk
    SLICE_X88Y119        FDPE                                         r  dbg_hub/inst/BSCANID.u_xsdbm_id/CORE_XSDB.UUT_MASTER/U_ICON_INTERFACE/U_CMD6_WR/U_WR_FIFO/SUBCORE_FIFO.xsdbm_v3_0_0_wrfifo_inst/inst_fifo_gen/gconvfifo.rf/grf.rf/rstblk/ngwrdrst.grst.g7serrst.wr_rst_reg_reg[0]/C
  -------------------------------------------------------------------    -------------------
    SLICE_X88Y119        FDPE (Prop_EFF_SLICEL_C_Q)
                                                      0.049     2.018 f  dbg_hub/inst/BSCANID.u_xsdbm_id/CORE_XSDB.UUT_MASTER/U_ICON_INTERFACE/U_CMD6_WR/U_WR_FIFO/SUBCORE_FIFO.xsdbm_v3_0_0_wrfifo_inst/inst_fifo_gen/gconvfifo.rf/grf.rf/rstblk/ngwrdrst.grst.g7serrst.wr_rst_reg_reg[0]/Q
                         net (fo=18, routed)          0.204     2.222    dbg_hub/inst/BSCANID.u_xsdbm_id/CORE_XSDB.UUT_MASTER/U_ICON_INTERFACE/U_CMD6_WR/U_WR_FIFO/SUBCORE_FIFO.xsdbm_v3_0_0_wrfifo_inst/inst_fifo_gen/gconvfifo.rf/grf.rf/gntv_or_sync_fifo.gcx.clkx/gnxpm_cdc.gsync_stage[2].wr_stg_inst/AR[0]
    SLICE_X88Y123        FDCE                                         f  dbg_hub/inst/BSCANID.u_xsdbm_id/CORE_XSDB.UUT_MASTER/U_ICON_INTERFACE/U_CMD6_WR/U_WR_FIFO/SUBCORE_FIFO.xsdbm_v3_0_0_wrfifo_inst/inst_fifo_gen/gconvfifo.rf/grf.rf/gntv_or_sync_fifo.gcx.clkx/gnxpm_cdc.gsync_stage[2].wr_stg_inst/Q_reg_reg[0]/CLR
  -------------------------------------------------------------------    -------------------

                         (clock dbg_hub/inst/BSCANID.u_xsdbm_id/SWITCH_N_EXT_BSCAN.bscan_inst/SERIES7_BSCAN.bscan_inst/TCK rise edge)
                                                      0.000     0.000 r  
    CONFIG_SITE_X0Y0     BSCANE2                      0.000     0.000 r  dbg_hub/inst/BSCANID.u_xsdbm_id/SWITCH_N_EXT_BSCAN.bscan_inst/SERIES7_BSCAN.bscan_inst/TCK
                         net (fo=1, routed)           1.343     1.343    dbg_hub/inst/BSCANID.u_xsdbm_id/tck_bs
    BUFGCE_X1Y56         BUFGCE (Prop_BUFCE_BUFGCE_I_O)
                                                      0.031     1.374 r  dbg_hub/inst/BSCANID.u_xsdbm_id/SWITCH_N_EXT_BSCAN.u_bufg_icon_tck/O
    X3Y2 (CLOCK_ROOT)    net (fo=494, routed)         1.105     2.479    dbg_hub/inst/BSCANID.u_xsdbm_id/CORE_XSDB.UUT_MASTER/U_ICON_INTERFACE/U_CMD6_WR/U_WR_FIFO/SUBCORE_FIFO.xsdbm_v3_0_0_wrfifo_inst/inst_fifo_gen/gconvfifo.rf/grf.rf/gntv_or_sync_fifo.gcx.clkx/gnxpm_cdc.gsync_stage[2].wr_stg_inst/wr_clk
    SLICE_X88Y123        FDCE                                         r  dbg_hub/inst/BSCANID.u_xsdbm_id/CORE_XSDB.UUT_MASTER/U_ICON_INTERFACE/U_CMD6_WR/U_WR_FIFO/SUBCORE_FIFO.xsdbm_v3_0_0_wrfifo_inst/inst_fifo_gen/gconvfifo.rf/grf.rf/gntv_or_sync_fifo.gcx.clkx/gnxpm_cdc.gsync_stage[2].wr_stg_inst/Q_reg_reg[0]/C
                         clock pessimism             -0.397     2.082    
    SLICE_X88Y123        FDCE (Remov_EFF2_SLICEL_C_CLR)
                                                      0.005     2.087    dbg_hub/inst/BSCANID.u_xsdbm_id/CORE_XSDB.UUT_MASTER/U_ICON_INTERFACE/U_CMD6_WR/U_WR_FIFO/SUBCORE_FIFO.xsdbm_v3_0_0_wrfifo_inst/inst_fifo_gen/gconvfifo.rf/grf.rf/gntv_or_sync_fifo.gcx.clkx/gnxpm_cdc.gsync_stage[2].wr_stg_inst/Q_reg_reg[0]
  -------------------------------------------------------------------
                         required time                         -2.087    
                         arrival time                           2.222    
  -------------------------------------------------------------------
                         slack                                  0.135    

Slack (MET) :             0.154ns  (arrival time - required time)
  Source:                 dbg_hub/inst/BSCANID.u_xsdbm_id/CORE_XSDB.UUT_MASTER/U_ICON_INTERFACE/U_CMD6_RD/U_RD_FIFO/SUBCORE_FIFO.xsdbm_v3_0_0_rdfifo_inst/inst_fifo_gen/gconvfifo.rf/grf.rf/rstblk/ngwrdrst.grst.g7serrst.rd_rst_reg_reg[2]/C
                            (rising edge-triggered cell FDPE clocked by dbg_hub/inst/BSCANID.u_xsdbm_id/SWITCH_N_EXT_BSCAN.bscan_inst/SERIES7_BSCAN.bscan_inst/TCK  {rise@0.000ns fall@16.500ns period=33.000ns})
  Destination:            dbg_hub/inst/BSCANID.u_xsdbm_id/CORE_XSDB.UUT_MASTER/U_ICON_INTERFACE/U_CMD6_RD/U_RD_FIFO/SUBCORE_FIFO.xsdbm_v3_0_0_rdfifo_inst/inst_fifo_gen/gconvfifo.rf/grf.rf/gntv_or_sync_fifo.gl0.rd/gr1.gr1_int.rfwft/aempty_fwft_fb_i_reg/PRE
                            (removal check against rising-edge clock dbg_hub/inst/BSCANID.u_xsdbm_id/SWITCH_N_EXT_BSCAN.bscan_inst/SERIES7_BSCAN.bscan_inst/TCK  {rise@0.000ns fall@16.500ns period=33.000ns})
  Path Group:             **async_default**
  Path Type:              Removal (Min at Fast Process Corner)
  Requirement:            0.000ns  (dbg_hub/inst/BSCANID.u_xsdbm_id/SWITCH_N_EXT_BSCAN.bscan_inst/SERIES7_BSCAN.bscan_inst/TCK rise@0.000ns - dbg_hub/inst/BSCANID.u_xsdbm_id/SWITCH_N_EXT_BSCAN.bscan_inst/SERIES7_BSCAN.bscan_inst/TCK rise@0.000ns)
  Data Path Delay:        0.221ns  (logic 0.049ns (22.172%)  route 0.172ns (77.828%))
  Logic Levels:           0  
  Clock Path Skew:        0.062ns (DCD - SCD - CPR)
    Destination Clock Delay (DCD):    2.514ns
    Source Clock Delay      (SCD):    1.970ns
    Clock Pessimism Removal (CPR):    0.482ns
  Clock Net Delay (Source):      0.957ns (routing 0.347ns, distribution 0.610ns)
  Clock Net Delay (Destination): 1.140ns (routing 0.383ns, distribution 0.757ns)

    Location             Delay type                Incr(ns)  Path(ns)    Netlist Resource(s)
  -------------------------------------------------------------------    -------------------
                         (clock dbg_hub/inst/BSCANID.u_xsdbm_id/SWITCH_N_EXT_BSCAN.bscan_inst/SERIES7_BSCAN.bscan_inst/TCK rise edge)
                                                      0.000     0.000 r  
    CONFIG_SITE_X0Y0     BSCANE2                      0.000     0.000 r  dbg_hub/inst/BSCANID.u_xsdbm_id/SWITCH_N_EXT_BSCAN.bscan_inst/SERIES7_BSCAN.bscan_inst/TCK
                         net (fo=1, routed)           0.986     0.986    dbg_hub/inst/BSCANID.u_xsdbm_id/tck_bs
    BUFGCE_X1Y56         BUFGCE (Prop_BUFCE_BUFGCE_I_O)
                                                      0.027     1.013 r  dbg_hub/inst/BSCANID.u_xsdbm_id/SWITCH_N_EXT_BSCAN.u_bufg_icon_tck/O
    X3Y2 (CLOCK_ROOT)    net (fo=494, routed)         0.957     1.970    dbg_hub/inst/BSCANID.u_xsdbm_id/CORE_XSDB.UUT_MASTER/U_ICON_INTERFACE/U_CMD6_RD/U_RD_FIFO/SUBCORE_FIFO.xsdbm_v3_0_0_rdfifo_inst/inst_fifo_gen/gconvfifo.rf/grf.rf/rstblk/rd_clk
    SLICE_X90Y115        FDPE                                         r  dbg_hub/inst/BSCANID.u_xsdbm_id/CORE_XSDB.UUT_MASTER/U_ICON_INTERFACE/U_CMD6_RD/U_RD_FIFO/SUBCORE_FIFO.xsdbm_v3_0_0_rdfifo_inst/inst_fifo_gen/gconvfifo.rf/grf.rf/rstblk/ngwrdrst.grst.g7serrst.rd_rst_reg_reg[2]/C
  -------------------------------------------------------------------    -------------------
    SLICE_X90Y115        FDPE (Prop_FFF_SLICEL_C_Q)
                                                      0.049     2.019 f  dbg_hub/inst/BSCANID.u_xsdbm_id/CORE_XSDB.UUT_MASTER/U_ICON_INTERFACE/U_CMD6_RD/U_RD_FIFO/SUBCORE_FIFO.xsdbm_v3_0_0_rdfifo_inst/inst_fifo_gen/gconvfifo.rf/grf.rf/rstblk/ngwrdrst.grst.g7serrst.rd_rst_reg_reg[2]/Q
                         net (fo=18, routed)          0.172     2.191    dbg_hub/inst/BSCANID.u_xsdbm_id/CORE_XSDB.UUT_MASTER/U_ICON_INTERFACE/U_CMD6_RD/U_RD_FIFO/SUBCORE_FIFO.xsdbm_v3_0_0_rdfifo_inst/inst_fifo_gen/gconvfifo.rf/grf.rf/gntv_or_sync_fifo.gl0.rd/gr1.gr1_int.rfwft/out[1]
    SLICE_X90Y116        FDPE                                         f  dbg_hub/inst/BSCANID.u_xsdbm_id/CORE_XSDB.UUT_MASTER/U_ICON_INTERFACE/U_CMD6_RD/U_RD_FIFO/SUBCORE_FIFO.xsdbm_v3_0_0_rdfifo_inst/inst_fifo_gen/gconvfifo.rf/grf.rf/gntv_or_sync_fifo.gl0.rd/gr1.gr1_int.rfwft/aempty_fwft_fb_i_reg/PRE
  -------------------------------------------------------------------    -------------------

                         (clock dbg_hub/inst/BSCANID.u_xsdbm_id/SWITCH_N_EXT_BSCAN.bscan_inst/SERIES7_BSCAN.bscan_inst/TCK rise edge)
                                                      0.000     0.000 r  
    CONFIG_SITE_X0Y0     BSCANE2                      0.000     0.000 r  dbg_hub/inst/BSCANID.u_xsdbm_id/SWITCH_N_EXT_BSCAN.bscan_inst/SERIES7_BSCAN.bscan_inst/TCK
                         net (fo=1, routed)           1.343     1.343    dbg_hub/inst/BSCANID.u_xsdbm_id/tck_bs
    BUFGCE_X1Y56         BUFGCE (Prop_BUFCE_BUFGCE_I_O)
                                                      0.031     1.374 r  dbg_hub/inst/BSCANID.u_xsdbm_id/SWITCH_N_EXT_BSCAN.u_bufg_icon_tck/O
    X3Y2 (CLOCK_ROOT)    net (fo=494, routed)         1.140     2.514    dbg_hub/inst/BSCANID.u_xsdbm_id/CORE_XSDB.UUT_MASTER/U_ICON_INTERFACE/U_CMD6_RD/U_RD_FIFO/SUBCORE_FIFO.xsdbm_v3_0_0_rdfifo_inst/inst_fifo_gen/gconvfifo.rf/grf.rf/gntv_or_sync_fifo.gl0.rd/gr1.gr1_int.rfwft/rd_clk
    SLICE_X90Y116        FDPE                                         r  dbg_hub/inst/BSCANID.u_xsdbm_id/CORE_XSDB.UUT_MASTER/U_ICON_INTERFACE/U_CMD6_RD/U_RD_FIFO/SUBCORE_FIFO.xsdbm_v3_0_0_rdfifo_inst/inst_fifo_gen/gconvfifo.rf/grf.rf/gntv_or_sync_fifo.gl0.rd/gr1.gr1_int.rfwft/aempty_fwft_fb_i_reg/C
                         clock pessimism             -0.482     2.032    
    SLICE_X90Y116        FDPE (Remov_EFF_SLICEL_C_PRE)
                                                      0.005     2.037    dbg_hub/inst/BSCANID.u_xsdbm_id/CORE_XSDB.UUT_MASTER/U_ICON_INTERFACE/U_CMD6_RD/U_RD_FIFO/SUBCORE_FIFO.xsdbm_v3_0_0_rdfifo_inst/inst_fifo_gen/gconvfifo.rf/grf.rf/gntv_or_sync_fifo.gl0.rd/gr1.gr1_int.rfwft/aempty_fwft_fb_i_reg
  -------------------------------------------------------------------
                         required time                         -2.037    
                         arrival time                           2.191    
  -------------------------------------------------------------------
                         slack                                  0.154    

Slack (MET) :             0.154ns  (arrival time - required time)
  Source:                 dbg_hub/inst/BSCANID.u_xsdbm_id/CORE_XSDB.UUT_MASTER/U_ICON_INTERFACE/U_CMD6_RD/U_RD_FIFO/SUBCORE_FIFO.xsdbm_v3_0_0_rdfifo_inst/inst_fifo_gen/gconvfifo.rf/grf.rf/rstblk/ngwrdrst.grst.g7serrst.rd_rst_reg_reg[2]/C
                            (rising edge-triggered cell FDPE clocked by dbg_hub/inst/BSCANID.u_xsdbm_id/SWITCH_N_EXT_BSCAN.bscan_inst/SERIES7_BSCAN.bscan_inst/TCK  {rise@0.000ns fall@16.500ns period=33.000ns})
  Destination:            dbg_hub/inst/BSCANID.u_xsdbm_id/CORE_XSDB.UUT_MASTER/U_ICON_INTERFACE/U_CMD6_RD/U_RD_FIFO/SUBCORE_FIFO.xsdbm_v3_0_0_rdfifo_inst/inst_fifo_gen/gconvfifo.rf/grf.rf/gntv_or_sync_fifo.gl0.rd/gr1.gr1_int.rfwft/aempty_fwft_i_reg/PRE
                            (removal check against rising-edge clock dbg_hub/inst/BSCANID.u_xsdbm_id/SWITCH_N_EXT_BSCAN.bscan_inst/SERIES7_BSCAN.bscan_inst/TCK  {rise@0.000ns fall@16.500ns period=33.000ns})
  Path Group:             **async_default**
  Path Type:              Removal (Min at Fast Process Corner)
  Requirement:            0.000ns  (dbg_hub/inst/BSCANID.u_xsdbm_id/SWITCH_N_EXT_BSCAN.bscan_inst/SERIES7_BSCAN.bscan_inst/TCK rise@0.000ns - dbg_hub/inst/BSCANID.u_xsdbm_id/SWITCH_N_EXT_BSCAN.bscan_inst/SERIES7_BSCAN.bscan_inst/TCK rise@0.000ns)
  Data Path Delay:        0.221ns  (logic 0.049ns (22.172%)  route 0.172ns (77.828%))
  Logic Levels:           0  
  Clock Path Skew:        0.062ns (DCD - SCD - CPR)
    Destination Clock Delay (DCD):    2.514ns
    Source Clock Delay      (SCD):    1.970ns
    Clock Pessimism Removal (CPR):    0.482ns
  Clock Net Delay (Source):      0.957ns (routing 0.347ns, distribution 0.610ns)
  Clock Net Delay (Destination): 1.140ns (routing 0.383ns, distribution 0.757ns)

    Location             Delay type                Incr(ns)  Path(ns)    Netlist Resource(s)
  -------------------------------------------------------------------    -------------------
                         (clock dbg_hub/inst/BSCANID.u_xsdbm_id/SWITCH_N_EXT_BSCAN.bscan_inst/SERIES7_BSCAN.bscan_inst/TCK rise edge)
                                                      0.000     0.000 r  
    CONFIG_SITE_X0Y0     BSCANE2                      0.000     0.000 r  dbg_hub/inst/BSCANID.u_xsdbm_id/SWITCH_N_EXT_BSCAN.bscan_inst/SERIES7_BSCAN.bscan_inst/TCK
                         net (fo=1, routed)           0.986     0.986    dbg_hub/inst/BSCANID.u_xsdbm_id/tck_bs
    BUFGCE_X1Y56         BUFGCE (Prop_BUFCE_BUFGCE_I_O)
                                                      0.027     1.013 r  dbg_hub/inst/BSCANID.u_xsdbm_id/SWITCH_N_EXT_BSCAN.u_bufg_icon_tck/O
    X3Y2 (CLOCK_ROOT)    net (fo=494, routed)         0.957     1.970    dbg_hub/inst/BSCANID.u_xsdbm_id/CORE_XSDB.UUT_MASTER/U_ICON_INTERFACE/U_CMD6_RD/U_RD_FIFO/SUBCORE_FIFO.xsdbm_v3_0_0_rdfifo_inst/inst_fifo_gen/gconvfifo.rf/grf.rf/rstblk/rd_clk
    SLICE_X90Y115        FDPE                                         r  dbg_hub/inst/BSCANID.u_xsdbm_id/CORE_XSDB.UUT_MASTER/U_ICON_INTERFACE/U_CMD6_RD/U_RD_FIFO/SUBCORE_FIFO.xsdbm_v3_0_0_rdfifo_inst/inst_fifo_gen/gconvfifo.rf/grf.rf/rstblk/ngwrdrst.grst.g7serrst.rd_rst_reg_reg[2]/C
  -------------------------------------------------------------------    -------------------
    SLICE_X90Y115        FDPE (Prop_FFF_SLICEL_C_Q)
                                                      0.049     2.019 f  dbg_hub/inst/BSCANID.u_xsdbm_id/CORE_XSDB.UUT_MASTER/U_ICON_INTERFACE/U_CMD6_RD/U_RD_FIFO/SUBCORE_FIFO.xsdbm_v3_0_0_rdfifo_inst/inst_fifo_gen/gconvfifo.rf/grf.rf/rstblk/ngwrdrst.grst.g7serrst.rd_rst_reg_reg[2]/Q
                         net (fo=18, routed)          0.172     2.191    dbg_hub/inst/BSCANID.u_xsdbm_id/CORE_XSDB.UUT_MASTER/U_ICON_INTERFACE/U_CMD6_RD/U_RD_FIFO/SUBCORE_FIFO.xsdbm_v3_0_0_rdfifo_inst/inst_fifo_gen/gconvfifo.rf/grf.rf/gntv_or_sync_fifo.gl0.rd/gr1.gr1_int.rfwft/out[1]
    SLICE_X90Y116        FDPE                                         f  dbg_hub/inst/BSCANID.u_xsdbm_id/CORE_XSDB.UUT_MASTER/U_ICON_INTERFACE/U_CMD6_RD/U_RD_FIFO/SUBCORE_FIFO.xsdbm_v3_0_0_rdfifo_inst/inst_fifo_gen/gconvfifo.rf/grf.rf/gntv_or_sync_fifo.gl0.rd/gr1.gr1_int.rfwft/aempty_fwft_i_reg/PRE
  -------------------------------------------------------------------    -------------------

                         (clock dbg_hub/inst/BSCANID.u_xsdbm_id/SWITCH_N_EXT_BSCAN.bscan_inst/SERIES7_BSCAN.bscan_inst/TCK rise edge)
                                                      0.000     0.000 r  
    CONFIG_SITE_X0Y0     BSCANE2                      0.000     0.000 r  dbg_hub/inst/BSCANID.u_xsdbm_id/SWITCH_N_EXT_BSCAN.bscan_inst/SERIES7_BSCAN.bscan_inst/TCK
                         net (fo=1, routed)           1.343     1.343    dbg_hub/inst/BSCANID.u_xsdbm_id/tck_bs
    BUFGCE_X1Y56         BUFGCE (Prop_BUFCE_BUFGCE_I_O)
                                                      0.031     1.374 r  dbg_hub/inst/BSCANID.u_xsdbm_id/SWITCH_N_EXT_BSCAN.u_bufg_icon_tck/O
    X3Y2 (CLOCK_ROOT)    net (fo=494, routed)         1.140     2.514    dbg_hub/inst/BSCANID.u_xsdbm_id/CORE_XSDB.UUT_MASTER/U_ICON_INTERFACE/U_CMD6_RD/U_RD_FIFO/SUBCORE_FIFO.xsdbm_v3_0_0_rdfifo_inst/inst_fifo_gen/gconvfifo.rf/grf.rf/gntv_or_sync_fifo.gl0.rd/gr1.gr1_int.rfwft/rd_clk
    SLICE_X90Y116        FDPE                                         r  dbg_hub/inst/BSCANID.u_xsdbm_id/CORE_XSDB.UUT_MASTER/U_ICON_INTERFACE/U_CMD6_RD/U_RD_FIFO/SUBCORE_FIFO.xsdbm_v3_0_0_rdfifo_inst/inst_fifo_gen/gconvfifo.rf/grf.rf/gntv_or_sync_fifo.gl0.rd/gr1.gr1_int.rfwft/aempty_fwft_i_reg/C
                         clock pessimism             -0.482     2.032    
    SLICE_X90Y116        FDPE (Remov_EFF2_SLICEL_C_PRE)
                                                      0.005     2.037    dbg_hub/inst/BSCANID.u_xsdbm_id/CORE_XSDB.UUT_MASTER/U_ICON_INTERFACE/U_CMD6_RD/U_RD_FIFO/SUBCORE_FIFO.xsdbm_v3_0_0_rdfifo_inst/inst_fifo_gen/gconvfifo.rf/grf.rf/gntv_or_sync_fifo.gl0.rd/gr1.gr1_int.rfwft/aempty_fwft_i_reg
  -------------------------------------------------------------------
                         required time                         -2.037    
                         arrival time                           2.191    
  -------------------------------------------------------------------
                         slack                                  0.154    

Slack (MET) :             0.154ns  (arrival time - required time)
  Source:                 dbg_hub/inst/BSCANID.u_xsdbm_id/CORE_XSDB.UUT_MASTER/U_ICON_INTERFACE/U_CMD6_RD/U_RD_FIFO/SUBCORE_FIFO.xsdbm_v3_0_0_rdfifo_inst/inst_fifo_gen/gconvfifo.rf/grf.rf/rstblk/ngwrdrst.grst.g7serrst.rd_rst_reg_reg[2]/C
                            (rising edge-triggered cell FDPE clocked by dbg_hub/inst/BSCANID.u_xsdbm_id/SWITCH_N_EXT_BSCAN.bscan_inst/SERIES7_BSCAN.bscan_inst/TCK  {rise@0.000ns fall@16.500ns period=33.000ns})
  Destination:            dbg_hub/inst/BSCANID.u_xsdbm_id/CORE_XSDB.UUT_MASTER/U_ICON_INTERFACE/U_CMD6_RD/U_RD_FIFO/SUBCORE_FIFO.xsdbm_v3_0_0_rdfifo_inst/inst_fifo_gen/gconvfifo.rf/grf.rf/gntv_or_sync_fifo.gl0.rd/gr1.gr1_int.rfwft/gpregsm1.curr_fwft_state_reg[0]/CLR
                            (removal check against rising-edge clock dbg_hub/inst/BSCANID.u_xsdbm_id/SWITCH_N_EXT_BSCAN.bscan_inst/SERIES7_BSCAN.bscan_inst/TCK  {rise@0.000ns fall@16.500ns period=33.000ns})
  Path Group:             **async_default**
  Path Type:              Removal (Min at Fast Process Corner)
  Requirement:            0.000ns  (dbg_hub/inst/BSCANID.u_xsdbm_id/SWITCH_N_EXT_BSCAN.bscan_inst/SERIES7_BSCAN.bscan_inst/TCK rise@0.000ns - dbg_hub/inst/BSCANID.u_xsdbm_id/SWITCH_N_EXT_BSCAN.bscan_inst/SERIES7_BSCAN.bscan_inst/TCK rise@0.000ns)
  Data Path Delay:        0.221ns  (logic 0.049ns (22.172%)  route 0.172ns (77.828%))
  Logic Levels:           0  
  Clock Path Skew:        0.062ns (DCD - SCD - CPR)
    Destination Clock Delay (DCD):    2.514ns
    Source Clock Delay      (SCD):    1.970ns
    Clock Pessimism Removal (CPR):    0.482ns
  Clock Net Delay (Source):      0.957ns (routing 0.347ns, distribution 0.610ns)
  Clock Net Delay (Destination): 1.140ns (routing 0.383ns, distribution 0.757ns)

    Location             Delay type                Incr(ns)  Path(ns)    Netlist Resource(s)
  -------------------------------------------------------------------    -------------------
                         (clock dbg_hub/inst/BSCANID.u_xsdbm_id/SWITCH_N_EXT_BSCAN.bscan_inst/SERIES7_BSCAN.bscan_inst/TCK rise edge)
                                                      0.000     0.000 r  
    CONFIG_SITE_X0Y0     BSCANE2                      0.000     0.000 r  dbg_hub/inst/BSCANID.u_xsdbm_id/SWITCH_N_EXT_BSCAN.bscan_inst/SERIES7_BSCAN.bscan_inst/TCK
                         net (fo=1, routed)           0.986     0.986    dbg_hub/inst/BSCANID.u_xsdbm_id/tck_bs
    BUFGCE_X1Y56         BUFGCE (Prop_BUFCE_BUFGCE_I_O)
                                                      0.027     1.013 r  dbg_hub/inst/BSCANID.u_xsdbm_id/SWITCH_N_EXT_BSCAN.u_bufg_icon_tck/O
    X3Y2 (CLOCK_ROOT)    net (fo=494, routed)         0.957     1.970    dbg_hub/inst/BSCANID.u_xsdbm_id/CORE_XSDB.UUT_MASTER/U_ICON_INTERFACE/U_CMD6_RD/U_RD_FIFO/SUBCORE_FIFO.xsdbm_v3_0_0_rdfifo_inst/inst_fifo_gen/gconvfifo.rf/grf.rf/rstblk/rd_clk
    SLICE_X90Y115        FDPE                                         r  dbg_hub/inst/BSCANID.u_xsdbm_id/CORE_XSDB.UUT_MASTER/U_ICON_INTERFACE/U_CMD6_RD/U_RD_FIFO/SUBCORE_FIFO.xsdbm_v3_0_0_rdfifo_inst/inst_fifo_gen/gconvfifo.rf/grf.rf/rstblk/ngwrdrst.grst.g7serrst.rd_rst_reg_reg[2]/C
  -------------------------------------------------------------------    -------------------
    SLICE_X90Y115        FDPE (Prop_FFF_SLICEL_C_Q)
                                                      0.049     2.019 f  dbg_hub/inst/BSCANID.u_xsdbm_id/CORE_XSDB.UUT_MASTER/U_ICON_INTERFACE/U_CMD6_RD/U_RD_FIFO/SUBCORE_FIFO.xsdbm_v3_0_0_rdfifo_inst/inst_fifo_gen/gconvfifo.rf/grf.rf/rstblk/ngwrdrst.grst.g7serrst.rd_rst_reg_reg[2]/Q
                         net (fo=18, routed)          0.172     2.191    dbg_hub/inst/BSCANID.u_xsdbm_id/CORE_XSDB.UUT_MASTER/U_ICON_INTERFACE/U_CMD6_RD/U_RD_FIFO/SUBCORE_FIFO.xsdbm_v3_0_0_rdfifo_inst/inst_fifo_gen/gconvfifo.rf/grf.rf/gntv_or_sync_fifo.gl0.rd/gr1.gr1_int.rfwft/out[1]
    SLICE_X90Y116        FDCE                                         f  dbg_hub/inst/BSCANID.u_xsdbm_id/CORE_XSDB.UUT_MASTER/U_ICON_INTERFACE/U_CMD6_RD/U_RD_FIFO/SUBCORE_FIFO.xsdbm_v3_0_0_rdfifo_inst/inst_fifo_gen/gconvfifo.rf/grf.rf/gntv_or_sync_fifo.gl0.rd/gr1.gr1_int.rfwft/gpregsm1.curr_fwft_state_reg[0]/CLR
  -------------------------------------------------------------------    -------------------

                         (clock dbg_hub/inst/BSCANID.u_xsdbm_id/SWITCH_N_EXT_BSCAN.bscan_inst/SERIES7_BSCAN.bscan_inst/TCK rise edge)
                                                      0.000     0.000 r  
    CONFIG_SITE_X0Y0     BSCANE2                      0.000     0.000 r  dbg_hub/inst/BSCANID.u_xsdbm_id/SWITCH_N_EXT_BSCAN.bscan_inst/SERIES7_BSCAN.bscan_inst/TCK
                         net (fo=1, routed)           1.343     1.343    dbg_hub/inst/BSCANID.u_xsdbm_id/tck_bs
    BUFGCE_X1Y56         BUFGCE (Prop_BUFCE_BUFGCE_I_O)
                                                      0.031     1.374 r  dbg_hub/inst/BSCANID.u_xsdbm_id/SWITCH_N_EXT_BSCAN.u_bufg_icon_tck/O
    X3Y2 (CLOCK_ROOT)    net (fo=494, routed)         1.140     2.514    dbg_hub/inst/BSCANID.u_xsdbm_id/CORE_XSDB.UUT_MASTER/U_ICON_INTERFACE/U_CMD6_RD/U_RD_FIFO/SUBCORE_FIFO.xsdbm_v3_0_0_rdfifo_inst/inst_fifo_gen/gconvfifo.rf/grf.rf/gntv_or_sync_fifo.gl0.rd/gr1.gr1_int.rfwft/rd_clk
    SLICE_X90Y116        FDCE                                         r  dbg_hub/inst/BSCANID.u_xsdbm_id/CORE_XSDB.UUT_MASTER/U_ICON_INTERFACE/U_CMD6_RD/U_RD_FIFO/SUBCORE_FIFO.xsdbm_v3_0_0_rdfifo_inst/inst_fifo_gen/gconvfifo.rf/grf.rf/gntv_or_sync_fifo.gl0.rd/gr1.gr1_int.rfwft/gpregsm1.curr_fwft_state_reg[0]/C
                         clock pessimism             -0.482     2.032    
    SLICE_X90Y116        FDCE (Remov_FFF_SLICEL_C_CLR)
                                                      0.005     2.037    dbg_hub/inst/BSCANID.u_xsdbm_id/CORE_XSDB.UUT_MASTER/U_ICON_INTERFACE/U_CMD6_RD/U_RD_FIFO/SUBCORE_FIFO.xsdbm_v3_0_0_rdfifo_inst/inst_fifo_gen/gconvfifo.rf/grf.rf/gntv_or_sync_fifo.gl0.rd/gr1.gr1_int.rfwft/gpregsm1.curr_fwft_state_reg[0]
  -------------------------------------------------------------------
                         required time                         -2.037    
                         arrival time                           2.191    
  -------------------------------------------------------------------
                         slack                                  0.154    

Slack (MET) :             0.154ns  (arrival time - required time)
  Source:                 dbg_hub/inst/BSCANID.u_xsdbm_id/CORE_XSDB.UUT_MASTER/U_ICON_INTERFACE/U_CMD6_RD/U_RD_FIFO/SUBCORE_FIFO.xsdbm_v3_0_0_rdfifo_inst/inst_fifo_gen/gconvfifo.rf/grf.rf/rstblk/ngwrdrst.grst.g7serrst.rd_rst_reg_reg[2]/C
                            (rising edge-triggered cell FDPE clocked by dbg_hub/inst/BSCANID.u_xsdbm_id/SWITCH_N_EXT_BSCAN.bscan_inst/SERIES7_BSCAN.bscan_inst/TCK  {rise@0.000ns fall@16.500ns period=33.000ns})
  Destination:            dbg_hub/inst/BSCANID.u_xsdbm_id/CORE_XSDB.UUT_MASTER/U_ICON_INTERFACE/U_CMD6_RD/U_RD_FIFO/SUBCORE_FIFO.xsdbm_v3_0_0_rdfifo_inst/inst_fifo_gen/gconvfifo.rf/grf.rf/gntv_or_sync_fifo.gl0.rd/gr1.gr1_int.rfwft/gpregsm1.user_valid_reg/CLR
                            (removal check against rising-edge clock dbg_hub/inst/BSCANID.u_xsdbm_id/SWITCH_N_EXT_BSCAN.bscan_inst/SERIES7_BSCAN.bscan_inst/TCK  {rise@0.000ns fall@16.500ns period=33.000ns})
  Path Group:             **async_default**
  Path Type:              Removal (Min at Fast Process Corner)
  Requirement:            0.000ns  (dbg_hub/inst/BSCANID.u_xsdbm_id/SWITCH_N_EXT_BSCAN.bscan_inst/SERIES7_BSCAN.bscan_inst/TCK rise@0.000ns - dbg_hub/inst/BSCANID.u_xsdbm_id/SWITCH_N_EXT_BSCAN.bscan_inst/SERIES7_BSCAN.bscan_inst/TCK rise@0.000ns)
  Data Path Delay:        0.221ns  (logic 0.049ns (22.172%)  route 0.172ns (77.828%))
  Logic Levels:           0  
  Clock Path Skew:        0.062ns (DCD - SCD - CPR)
    Destination Clock Delay (DCD):    2.514ns
    Source Clock Delay      (SCD):    1.970ns
    Clock Pessimism Removal (CPR):    0.482ns
  Clock Net Delay (Source):      0.957ns (routing 0.347ns, distribution 0.610ns)
  Clock Net Delay (Destination): 1.140ns (routing 0.383ns, distribution 0.757ns)

    Location             Delay type                Incr(ns)  Path(ns)    Netlist Resource(s)
  -------------------------------------------------------------------    -------------------
                         (clock dbg_hub/inst/BSCANID.u_xsdbm_id/SWITCH_N_EXT_BSCAN.bscan_inst/SERIES7_BSCAN.bscan_inst/TCK rise edge)
                                                      0.000     0.000 r  
    CONFIG_SITE_X0Y0     BSCANE2                      0.000     0.000 r  dbg_hub/inst/BSCANID.u_xsdbm_id/SWITCH_N_EXT_BSCAN.bscan_inst/SERIES7_BSCAN.bscan_inst/TCK
                         net (fo=1, routed)           0.986     0.986    dbg_hub/inst/BSCANID.u_xsdbm_id/tck_bs
    BUFGCE_X1Y56         BUFGCE (Prop_BUFCE_BUFGCE_I_O)
                                                      0.027     1.013 r  dbg_hub/inst/BSCANID.u_xsdbm_id/SWITCH_N_EXT_BSCAN.u_bufg_icon_tck/O
    X3Y2 (CLOCK_ROOT)    net (fo=494, routed)         0.957     1.970    dbg_hub/inst/BSCANID.u_xsdbm_id/CORE_XSDB.UUT_MASTER/U_ICON_INTERFACE/U_CMD6_RD/U_RD_FIFO/SUBCORE_FIFO.xsdbm_v3_0_0_rdfifo_inst/inst_fifo_gen/gconvfifo.rf/grf.rf/rstblk/rd_clk
    SLICE_X90Y115        FDPE                                         r  dbg_hub/inst/BSCANID.u_xsdbm_id/CORE_XSDB.UUT_MASTER/U_ICON_INTERFACE/U_CMD6_RD/U_RD_FIFO/SUBCORE_FIFO.xsdbm_v3_0_0_rdfifo_inst/inst_fifo_gen/gconvfifo.rf/grf.rf/rstblk/ngwrdrst.grst.g7serrst.rd_rst_reg_reg[2]/C
  -------------------------------------------------------------------    -------------------
    SLICE_X90Y115        FDPE (Prop_FFF_SLICEL_C_Q)
                                                      0.049     2.019 f  dbg_hub/inst/BSCANID.u_xsdbm_id/CORE_XSDB.UUT_MASTER/U_ICON_INTERFACE/U_CMD6_RD/U_RD_FIFO/SUBCORE_FIFO.xsdbm_v3_0_0_rdfifo_inst/inst_fifo_gen/gconvfifo.rf/grf.rf/rstblk/ngwrdrst.grst.g7serrst.rd_rst_reg_reg[2]/Q
                         net (fo=18, routed)          0.172     2.191    dbg_hub/inst/BSCANID.u_xsdbm_id/CORE_XSDB.UUT_MASTER/U_ICON_INTERFACE/U_CMD6_RD/U_RD_FIFO/SUBCORE_FIFO.xsdbm_v3_0_0_rdfifo_inst/inst_fifo_gen/gconvfifo.rf/grf.rf/gntv_or_sync_fifo.gl0.rd/gr1.gr1_int.rfwft/out[1]
    SLICE_X90Y116        FDCE                                         f  dbg_hub/inst/BSCANID.u_xsdbm_id/CORE_XSDB.UUT_MASTER/U_ICON_INTERFACE/U_CMD6_RD/U_RD_FIFO/SUBCORE_FIFO.xsdbm_v3_0_0_rdfifo_inst/inst_fifo_gen/gconvfifo.rf/grf.rf/gntv_or_sync_fifo.gl0.rd/gr1.gr1_int.rfwft/gpregsm1.user_valid_reg/CLR
  -------------------------------------------------------------------    -------------------

                         (clock dbg_hub/inst/BSCANID.u_xsdbm_id/SWITCH_N_EXT_BSCAN.bscan_inst/SERIES7_BSCAN.bscan_inst/TCK rise edge)
                                                      0.000     0.000 r  
    CONFIG_SITE_X0Y0     BSCANE2                      0.000     0.000 r  dbg_hub/inst/BSCANID.u_xsdbm_id/SWITCH_N_EXT_BSCAN.bscan_inst/SERIES7_BSCAN.bscan_inst/TCK
                         net (fo=1, routed)           1.343     1.343    dbg_hub/inst/BSCANID.u_xsdbm_id/tck_bs
    BUFGCE_X1Y56         BUFGCE (Prop_BUFCE_BUFGCE_I_O)
                                                      0.031     1.374 r  dbg_hub/inst/BSCANID.u_xsdbm_id/SWITCH_N_EXT_BSCAN.u_bufg_icon_tck/O
    X3Y2 (CLOCK_ROOT)    net (fo=494, routed)         1.140     2.514    dbg_hub/inst/BSCANID.u_xsdbm_id/CORE_XSDB.UUT_MASTER/U_ICON_INTERFACE/U_CMD6_RD/U_RD_FIFO/SUBCORE_FIFO.xsdbm_v3_0_0_rdfifo_inst/inst_fifo_gen/gconvfifo.rf/grf.rf/gntv_or_sync_fifo.gl0.rd/gr1.gr1_int.rfwft/rd_clk
    SLICE_X90Y116        FDCE                                         r  dbg_hub/inst/BSCANID.u_xsdbm_id/CORE_XSDB.UUT_MASTER/U_ICON_INTERFACE/U_CMD6_RD/U_RD_FIFO/SUBCORE_FIFO.xsdbm_v3_0_0_rdfifo_inst/inst_fifo_gen/gconvfifo.rf/grf.rf/gntv_or_sync_fifo.gl0.rd/gr1.gr1_int.rfwft/gpregsm1.user_valid_reg/C
                         clock pessimism             -0.482     2.032    
    SLICE_X90Y116        FDCE (Remov_FFF2_SLICEL_C_CLR)
                                                      0.005     2.037    dbg_hub/inst/BSCANID.u_xsdbm_id/CORE_XSDB.UUT_MASTER/U_ICON_INTERFACE/U_CMD6_RD/U_RD_FIFO/SUBCORE_FIFO.xsdbm_v3_0_0_rdfifo_inst/inst_fifo_gen/gconvfifo.rf/grf.rf/gntv_or_sync_fifo.gl0.rd/gr1.gr1_int.rfwft/gpregsm1.user_valid_reg
  -------------------------------------------------------------------
                         required time                         -2.037    
                         arrival time                           2.191    
  -------------------------------------------------------------------
                         slack                                  0.154    

Slack (MET) :             0.154ns  (arrival time - required time)
  Source:                 dbg_hub/inst/BSCANID.u_xsdbm_id/CORE_XSDB.UUT_MASTER/U_ICON_INTERFACE/U_CMD6_RD/U_RD_FIFO/SUBCORE_FIFO.xsdbm_v3_0_0_rdfifo_inst/inst_fifo_gen/gconvfifo.rf/grf.rf/rstblk/ngwrdrst.grst.g7serrst.rd_rst_reg_reg[2]/C
                            (rising edge-triggered cell FDPE clocked by dbg_hub/inst/BSCANID.u_xsdbm_id/SWITCH_N_EXT_BSCAN.bscan_inst/SERIES7_BSCAN.bscan_inst/TCK  {rise@0.000ns fall@16.500ns period=33.000ns})
  Destination:            dbg_hub/inst/BSCANID.u_xsdbm_id/CORE_XSDB.UUT_MASTER/U_ICON_INTERFACE/U_CMD6_RD/U_RD_FIFO/SUBCORE_FIFO.xsdbm_v3_0_0_rdfifo_inst/inst_fifo_gen/gconvfifo.rf/grf.rf/gntv_or_sync_fifo.gl0.rd/gras.rsts/ram_empty_fb_i_reg/PRE
                            (removal check against rising-edge clock dbg_hub/inst/BSCANID.u_xsdbm_id/SWITCH_N_EXT_BSCAN.bscan_inst/SERIES7_BSCAN.bscan_inst/TCK  {rise@0.000ns fall@16.500ns period=33.000ns})
  Path Group:             **async_default**
  Path Type:              Removal (Min at Fast Process Corner)
  Requirement:            0.000ns  (dbg_hub/inst/BSCANID.u_xsdbm_id/SWITCH_N_EXT_BSCAN.bscan_inst/SERIES7_BSCAN.bscan_inst/TCK rise@0.000ns - dbg_hub/inst/BSCANID.u_xsdbm_id/SWITCH_N_EXT_BSCAN.bscan_inst/SERIES7_BSCAN.bscan_inst/TCK rise@0.000ns)
  Data Path Delay:        0.221ns  (logic 0.049ns (22.172%)  route 0.172ns (77.828%))
  Logic Levels:           0  
  Clock Path Skew:        0.062ns (DCD - SCD - CPR)
    Destination Clock Delay (DCD):    2.514ns
    Source Clock Delay      (SCD):    1.970ns
    Clock Pessimism Removal (CPR):    0.482ns
  Clock Net Delay (Source):      0.957ns (routing 0.347ns, distribution 0.610ns)
  Clock Net Delay (Destination): 1.140ns (routing 0.383ns, distribution 0.757ns)

    Location             Delay type                Incr(ns)  Path(ns)    Netlist Resource(s)
  -------------------------------------------------------------------    -------------------
                         (clock dbg_hub/inst/BSCANID.u_xsdbm_id/SWITCH_N_EXT_BSCAN.bscan_inst/SERIES7_BSCAN.bscan_inst/TCK rise edge)
                                                      0.000     0.000 r  
    CONFIG_SITE_X0Y0     BSCANE2                      0.000     0.000 r  dbg_hub/inst/BSCANID.u_xsdbm_id/SWITCH_N_EXT_BSCAN.bscan_inst/SERIES7_BSCAN.bscan_inst/TCK
                         net (fo=1, routed)           0.986     0.986    dbg_hub/inst/BSCANID.u_xsdbm_id/tck_bs
    BUFGCE_X1Y56         BUFGCE (Prop_BUFCE_BUFGCE_I_O)
                                                      0.027     1.013 r  dbg_hub/inst/BSCANID.u_xsdbm_id/SWITCH_N_EXT_BSCAN.u_bufg_icon_tck/O
    X3Y2 (CLOCK_ROOT)    net (fo=494, routed)         0.957     1.970    dbg_hub/inst/BSCANID.u_xsdbm_id/CORE_XSDB.UUT_MASTER/U_ICON_INTERFACE/U_CMD6_RD/U_RD_FIFO/SUBCORE_FIFO.xsdbm_v3_0_0_rdfifo_inst/inst_fifo_gen/gconvfifo.rf/grf.rf/rstblk/rd_clk
    SLICE_X90Y115        FDPE                                         r  dbg_hub/inst/BSCANID.u_xsdbm_id/CORE_XSDB.UUT_MASTER/U_ICON_INTERFACE/U_CMD6_RD/U_RD_FIFO/SUBCORE_FIFO.xsdbm_v3_0_0_rdfifo_inst/inst_fifo_gen/gconvfifo.rf/grf.rf/rstblk/ngwrdrst.grst.g7serrst.rd_rst_reg_reg[2]/C
  -------------------------------------------------------------------    -------------------
    SLICE_X90Y115        FDPE (Prop_FFF_SLICEL_C_Q)
                                                      0.049     2.019 f  dbg_hub/inst/BSCANID.u_xsdbm_id/CORE_XSDB.UUT_MASTER/U_ICON_INTERFACE/U_CMD6_RD/U_RD_FIFO/SUBCORE_FIFO.xsdbm_v3_0_0_rdfifo_inst/inst_fifo_gen/gconvfifo.rf/grf.rf/rstblk/ngwrdrst.grst.g7serrst.rd_rst_reg_reg[2]/Q
                         net (fo=18, routed)          0.172     2.191    dbg_hub/inst/BSCANID.u_xsdbm_id/CORE_XSDB.UUT_MASTER/U_ICON_INTERFACE/U_CMD6_RD/U_RD_FIFO/SUBCORE_FIFO.xsdbm_v3_0_0_rdfifo_inst/inst_fifo_gen/gconvfifo.rf/grf.rf/gntv_or_sync_fifo.gl0.rd/gras.rsts/ram_empty_fb_i_reg_0[0]
    SLICE_X90Y116        FDPE                                         f  dbg_hub/inst/BSCANID.u_xsdbm_id/CORE_XSDB.UUT_MASTER/U_ICON_INTERFACE/U_CMD6_RD/U_RD_FIFO/SUBCORE_FIFO.xsdbm_v3_0_0_rdfifo_inst/inst_fifo_gen/gconvfifo.rf/grf.rf/gntv_or_sync_fifo.gl0.rd/gras.rsts/ram_empty_fb_i_reg/PRE
  -------------------------------------------------------------------    -------------------

                         (clock dbg_hub/inst/BSCANID.u_xsdbm_id/SWITCH_N_EXT_BSCAN.bscan_inst/SERIES7_BSCAN.bscan_inst/TCK rise edge)
                                                      0.000     0.000 r  
    CONFIG_SITE_X0Y0     BSCANE2                      0.000     0.000 r  dbg_hub/inst/BSCANID.u_xsdbm_id/SWITCH_N_EXT_BSCAN.bscan_inst/SERIES7_BSCAN.bscan_inst/TCK
                         net (fo=1, routed)           1.343     1.343    dbg_hub/inst/BSCANID.u_xsdbm_id/tck_bs
    BUFGCE_X1Y56         BUFGCE (Prop_BUFCE_BUFGCE_I_O)
                                                      0.031     1.374 r  dbg_hub/inst/BSCANID.u_xsdbm_id/SWITCH_N_EXT_BSCAN.u_bufg_icon_tck/O
    X3Y2 (CLOCK_ROOT)    net (fo=494, routed)         1.140     2.514    dbg_hub/inst/BSCANID.u_xsdbm_id/CORE_XSDB.UUT_MASTER/U_ICON_INTERFACE/U_CMD6_RD/U_RD_FIFO/SUBCORE_FIFO.xsdbm_v3_0_0_rdfifo_inst/inst_fifo_gen/gconvfifo.rf/grf.rf/gntv_or_sync_fifo.gl0.rd/gras.rsts/rd_clk
    SLICE_X90Y116        FDPE                                         r  dbg_hub/inst/BSCANID.u_xsdbm_id/CORE_XSDB.UUT_MASTER/U_ICON_INTERFACE/U_CMD6_RD/U_RD_FIFO/SUBCORE_FIFO.xsdbm_v3_0_0_rdfifo_inst/inst_fifo_gen/gconvfifo.rf/grf.rf/gntv_or_sync_fifo.gl0.rd/gras.rsts/ram_empty_fb_i_reg/C
                         clock pessimism             -0.482     2.032    
    SLICE_X90Y116        FDPE (Remov_GFF_SLICEL_C_PRE)
                                                      0.005     2.037    dbg_hub/inst/BSCANID.u_xsdbm_id/CORE_XSDB.UUT_MASTER/U_ICON_INTERFACE/U_CMD6_RD/U_RD_FIFO/SUBCORE_FIFO.xsdbm_v3_0_0_rdfifo_inst/inst_fifo_gen/gconvfifo.rf/grf.rf/gntv_or_sync_fifo.gl0.rd/gras.rsts/ram_empty_fb_i_reg
  -------------------------------------------------------------------
                         required time                         -2.037    
                         arrival time                           2.191    
  -------------------------------------------------------------------
                         slack                                  0.154    

Slack (MET) :             0.154ns  (arrival time - required time)
  Source:                 dbg_hub/inst/BSCANID.u_xsdbm_id/CORE_XSDB.UUT_MASTER/U_ICON_INTERFACE/U_CMD6_RD/U_RD_FIFO/SUBCORE_FIFO.xsdbm_v3_0_0_rdfifo_inst/inst_fifo_gen/gconvfifo.rf/grf.rf/rstblk/ngwrdrst.grst.g7serrst.rd_rst_reg_reg[2]/C
                            (rising edge-triggered cell FDPE clocked by dbg_hub/inst/BSCANID.u_xsdbm_id/SWITCH_N_EXT_BSCAN.bscan_inst/SERIES7_BSCAN.bscan_inst/TCK  {rise@0.000ns fall@16.500ns period=33.000ns})
  Destination:            dbg_hub/inst/BSCANID.u_xsdbm_id/CORE_XSDB.UUT_MASTER/U_ICON_INTERFACE/U_CMD6_RD/U_RD_FIFO/SUBCORE_FIFO.xsdbm_v3_0_0_rdfifo_inst/inst_fifo_gen/gconvfifo.rf/grf.rf/gntv_or_sync_fifo.gl0.rd/gras.rsts/ram_empty_i_reg/PRE
                            (removal check against rising-edge clock dbg_hub/inst/BSCANID.u_xsdbm_id/SWITCH_N_EXT_BSCAN.bscan_inst/SERIES7_BSCAN.bscan_inst/TCK  {rise@0.000ns fall@16.500ns period=33.000ns})
  Path Group:             **async_default**
  Path Type:              Removal (Min at Fast Process Corner)
  Requirement:            0.000ns  (dbg_hub/inst/BSCANID.u_xsdbm_id/SWITCH_N_EXT_BSCAN.bscan_inst/SERIES7_BSCAN.bscan_inst/TCK rise@0.000ns - dbg_hub/inst/BSCANID.u_xsdbm_id/SWITCH_N_EXT_BSCAN.bscan_inst/SERIES7_BSCAN.bscan_inst/TCK rise@0.000ns)
  Data Path Delay:        0.221ns  (logic 0.049ns (22.172%)  route 0.172ns (77.828%))
  Logic Levels:           0  
  Clock Path Skew:        0.062ns (DCD - SCD - CPR)
    Destination Clock Delay (DCD):    2.514ns
    Source Clock Delay      (SCD):    1.970ns
    Clock Pessimism Removal (CPR):    0.482ns
  Clock Net Delay (Source):      0.957ns (routing 0.347ns, distribution 0.610ns)
  Clock Net Delay (Destination): 1.140ns (routing 0.383ns, distribution 0.757ns)

    Location             Delay type                Incr(ns)  Path(ns)    Netlist Resource(s)
  -------------------------------------------------------------------    -------------------
                         (clock dbg_hub/inst/BSCANID.u_xsdbm_id/SWITCH_N_EXT_BSCAN.bscan_inst/SERIES7_BSCAN.bscan_inst/TCK rise edge)
                                                      0.000     0.000 r  
    CONFIG_SITE_X0Y0     BSCANE2                      0.000     0.000 r  dbg_hub/inst/BSCANID.u_xsdbm_id/SWITCH_N_EXT_BSCAN.bscan_inst/SERIES7_BSCAN.bscan_inst/TCK
                         net (fo=1, routed)           0.986     0.986    dbg_hub/inst/BSCANID.u_xsdbm_id/tck_bs
    BUFGCE_X1Y56         BUFGCE (Prop_BUFCE_BUFGCE_I_O)
                                                      0.027     1.013 r  dbg_hub/inst/BSCANID.u_xsdbm_id/SWITCH_N_EXT_BSCAN.u_bufg_icon_tck/O
    X3Y2 (CLOCK_ROOT)    net (fo=494, routed)         0.957     1.970    dbg_hub/inst/BSCANID.u_xsdbm_id/CORE_XSDB.UUT_MASTER/U_ICON_INTERFACE/U_CMD6_RD/U_RD_FIFO/SUBCORE_FIFO.xsdbm_v3_0_0_rdfifo_inst/inst_fifo_gen/gconvfifo.rf/grf.rf/rstblk/rd_clk
    SLICE_X90Y115        FDPE                                         r  dbg_hub/inst/BSCANID.u_xsdbm_id/CORE_XSDB.UUT_MASTER/U_ICON_INTERFACE/U_CMD6_RD/U_RD_FIFO/SUBCORE_FIFO.xsdbm_v3_0_0_rdfifo_inst/inst_fifo_gen/gconvfifo.rf/grf.rf/rstblk/ngwrdrst.grst.g7serrst.rd_rst_reg_reg[2]/C
  -------------------------------------------------------------------    -------------------
    SLICE_X90Y115        FDPE (Prop_FFF_SLICEL_C_Q)
                                                      0.049     2.019 f  dbg_hub/inst/BSCANID.u_xsdbm_id/CORE_XSDB.UUT_MASTER/U_ICON_INTERFACE/U_CMD6_RD/U_RD_FIFO/SUBCORE_FIFO.xsdbm_v3_0_0_rdfifo_inst/inst_fifo_gen/gconvfifo.rf/grf.rf/rstblk/ngwrdrst.grst.g7serrst.rd_rst_reg_reg[2]/Q
                         net (fo=18, routed)          0.172     2.191    dbg_hub/inst/BSCANID.u_xsdbm_id/CORE_XSDB.UUT_MASTER/U_ICON_INTERFACE/U_CMD6_RD/U_RD_FIFO/SUBCORE_FIFO.xsdbm_v3_0_0_rdfifo_inst/inst_fifo_gen/gconvfifo.rf/grf.rf/gntv_or_sync_fifo.gl0.rd/gras.rsts/ram_empty_fb_i_reg_0[0]
    SLICE_X90Y116        FDPE                                         f  dbg_hub/inst/BSCANID.u_xsdbm_id/CORE_XSDB.UUT_MASTER/U_ICON_INTERFACE/U_CMD6_RD/U_RD_FIFO/SUBCORE_FIFO.xsdbm_v3_0_0_rdfifo_inst/inst_fifo_gen/gconvfifo.rf/grf.rf/gntv_or_sync_fifo.gl0.rd/gras.rsts/ram_empty_i_reg/PRE
  -------------------------------------------------------------------    -------------------

                         (clock dbg_hub/inst/BSCANID.u_xsdbm_id/SWITCH_N_EXT_BSCAN.bscan_inst/SERIES7_BSCAN.bscan_inst/TCK rise edge)
                                                      0.000     0.000 r  
    CONFIG_SITE_X0Y0     BSCANE2                      0.000     0.000 r  dbg_hub/inst/BSCANID.u_xsdbm_id/SWITCH_N_EXT_BSCAN.bscan_inst/SERIES7_BSCAN.bscan_inst/TCK
                         net (fo=1, routed)           1.343     1.343    dbg_hub/inst/BSCANID.u_xsdbm_id/tck_bs
    BUFGCE_X1Y56         BUFGCE (Prop_BUFCE_BUFGCE_I_O)
                                                      0.031     1.374 r  dbg_hub/inst/BSCANID.u_xsdbm_id/SWITCH_N_EXT_BSCAN.u_bufg_icon_tck/O
    X3Y2 (CLOCK_ROOT)    net (fo=494, routed)         1.140     2.514    dbg_hub/inst/BSCANID.u_xsdbm_id/CORE_XSDB.UUT_MASTER/U_ICON_INTERFACE/U_CMD6_RD/U_RD_FIFO/SUBCORE_FIFO.xsdbm_v3_0_0_rdfifo_inst/inst_fifo_gen/gconvfifo.rf/grf.rf/gntv_or_sync_fifo.gl0.rd/gras.rsts/rd_clk
    SLICE_X90Y116        FDPE                                         r  dbg_hub/inst/BSCANID.u_xsdbm_id/CORE_XSDB.UUT_MASTER/U_ICON_INTERFACE/U_CMD6_RD/U_RD_FIFO/SUBCORE_FIFO.xsdbm_v3_0_0_rdfifo_inst/inst_fifo_gen/gconvfifo.rf/grf.rf/gntv_or_sync_fifo.gl0.rd/gras.rsts/ram_empty_i_reg/C
                         clock pessimism             -0.482     2.032    
    SLICE_X90Y116        FDPE (Remov_GFF2_SLICEL_C_PRE)
                                                      0.005     2.037    dbg_hub/inst/BSCANID.u_xsdbm_id/CORE_XSDB.UUT_MASTER/U_ICON_INTERFACE/U_CMD6_RD/U_RD_FIFO/SUBCORE_FIFO.xsdbm_v3_0_0_rdfifo_inst/inst_fifo_gen/gconvfifo.rf/grf.rf/gntv_or_sync_fifo.gl0.rd/gras.rsts/ram_empty_i_reg
  -------------------------------------------------------------------
                         required time                         -2.037    
                         arrival time                           2.191    
  -------------------------------------------------------------------
                         slack                                  0.154    

Slack (MET) :             0.155ns  (arrival time - required time)
  Source:                 dbg_hub/inst/BSCANID.u_xsdbm_id/CORE_XSDB.UUT_MASTER/U_ICON_INTERFACE/U_CMD6_RD/U_RD_FIFO/SUBCORE_FIFO.xsdbm_v3_0_0_rdfifo_inst/inst_fifo_gen/gconvfifo.rf/grf.rf/rstblk/ngwrdrst.grst.g7serrst.rd_rst_reg_reg[2]/C
                            (rising edge-triggered cell FDPE clocked by dbg_hub/inst/BSCANID.u_xsdbm_id/SWITCH_N_EXT_BSCAN.bscan_inst/SERIES7_BSCAN.bscan_inst/TCK  {rise@0.000ns fall@16.500ns period=33.000ns})
  Destination:            dbg_hub/inst/BSCANID.u_xsdbm_id/CORE_XSDB.UUT_MASTER/U_ICON_INTERFACE/U_CMD6_RD/U_RD_FIFO/SUBCORE_FIFO.xsdbm_v3_0_0_rdfifo_inst/inst_fifo_gen/gconvfifo.rf/grf.rf/gntv_or_sync_fifo.gl0.rd/rpntr/gc0.count_d1_reg[0]/CLR
                            (removal check against rising-edge clock dbg_hub/inst/BSCANID.u_xsdbm_id/SWITCH_N_EXT_BSCAN.bscan_inst/SERIES7_BSCAN.bscan_inst/TCK  {rise@0.000ns fall@16.500ns period=33.000ns})
  Path Group:             **async_default**
  Path Type:              Removal (Min at Fast Process Corner)
  Requirement:            0.000ns  (dbg_hub/inst/BSCANID.u_xsdbm_id/SWITCH_N_EXT_BSCAN.bscan_inst/SERIES7_BSCAN.bscan_inst/TCK rise@0.000ns - dbg_hub/inst/BSCANID.u_xsdbm_id/SWITCH_N_EXT_BSCAN.bscan_inst/SERIES7_BSCAN.bscan_inst/TCK rise@0.000ns)
  Data Path Delay:        0.220ns  (logic 0.049ns (22.273%)  route 0.171ns (77.727%))
  Logic Levels:           0  
  Clock Path Skew:        0.060ns (DCD - SCD - CPR)
    Destination Clock Delay (DCD):    2.512ns
    Source Clock Delay      (SCD):    1.970ns
    Clock Pessimism Removal (CPR):    0.482ns
  Clock Net Delay (Source):      0.957ns (routing 0.347ns, distribution 0.610ns)
  Clock Net Delay (Destination): 1.138ns (routing 0.383ns, distribution 0.755ns)

    Location             Delay type                Incr(ns)  Path(ns)    Netlist Resource(s)
  -------------------------------------------------------------------    -------------------
                         (clock dbg_hub/inst/BSCANID.u_xsdbm_id/SWITCH_N_EXT_BSCAN.bscan_inst/SERIES7_BSCAN.bscan_inst/TCK rise edge)
                                                      0.000     0.000 r  
    CONFIG_SITE_X0Y0     BSCANE2                      0.000     0.000 r  dbg_hub/inst/BSCANID.u_xsdbm_id/SWITCH_N_EXT_BSCAN.bscan_inst/SERIES7_BSCAN.bscan_inst/TCK
                         net (fo=1, routed)           0.986     0.986    dbg_hub/inst/BSCANID.u_xsdbm_id/tck_bs
    BUFGCE_X1Y56         BUFGCE (Prop_BUFCE_BUFGCE_I_O)
                                                      0.027     1.013 r  dbg_hub/inst/BSCANID.u_xsdbm_id/SWITCH_N_EXT_BSCAN.u_bufg_icon_tck/O
    X3Y2 (CLOCK_ROOT)    net (fo=494, routed)         0.957     1.970    dbg_hub/inst/BSCANID.u_xsdbm_id/CORE_XSDB.UUT_MASTER/U_ICON_INTERFACE/U_CMD6_RD/U_RD_FIFO/SUBCORE_FIFO.xsdbm_v3_0_0_rdfifo_inst/inst_fifo_gen/gconvfifo.rf/grf.rf/rstblk/rd_clk
    SLICE_X90Y115        FDPE                                         r  dbg_hub/inst/BSCANID.u_xsdbm_id/CORE_XSDB.UUT_MASTER/U_ICON_INTERFACE/U_CMD6_RD/U_RD_FIFO/SUBCORE_FIFO.xsdbm_v3_0_0_rdfifo_inst/inst_fifo_gen/gconvfifo.rf/grf.rf/rstblk/ngwrdrst.grst.g7serrst.rd_rst_reg_reg[2]/C
  -------------------------------------------------------------------    -------------------
    SLICE_X90Y115        FDPE (Prop_FFF_SLICEL_C_Q)
                                                      0.049     2.019 f  dbg_hub/inst/BSCANID.u_xsdbm_id/CORE_XSDB.UUT_MASTER/U_ICON_INTERFACE/U_CMD6_RD/U_RD_FIFO/SUBCORE_FIFO.xsdbm_v3_0_0_rdfifo_inst/inst_fifo_gen/gconvfifo.rf/grf.rf/rstblk/ngwrdrst.grst.g7serrst.rd_rst_reg_reg[2]/Q
                         net (fo=18, routed)          0.171     2.190    dbg_hub/inst/BSCANID.u_xsdbm_id/CORE_XSDB.UUT_MASTER/U_ICON_INTERFACE/U_CMD6_RD/U_RD_FIFO/SUBCORE_FIFO.xsdbm_v3_0_0_rdfifo_inst/inst_fifo_gen/gconvfifo.rf/grf.rf/gntv_or_sync_fifo.gl0.rd/rpntr/out[0]
    SLICE_X89Y116        FDCE                                         f  dbg_hub/inst/BSCANID.u_xsdbm_id/CORE_XSDB.UUT_MASTER/U_ICON_INTERFACE/U_CMD6_RD/U_RD_FIFO/SUBCORE_FIFO.xsdbm_v3_0_0_rdfifo_inst/inst_fifo_gen/gconvfifo.rf/grf.rf/gntv_or_sync_fifo.gl0.rd/rpntr/gc0.count_d1_reg[0]/CLR
  -------------------------------------------------------------------    -------------------

                         (clock dbg_hub/inst/BSCANID.u_xsdbm_id/SWITCH_N_EXT_BSCAN.bscan_inst/SERIES7_BSCAN.bscan_inst/TCK rise edge)
                                                      0.000     0.000 r  
    CONFIG_SITE_X0Y0     BSCANE2                      0.000     0.000 r  dbg_hub/inst/BSCANID.u_xsdbm_id/SWITCH_N_EXT_BSCAN.bscan_inst/SERIES7_BSCAN.bscan_inst/TCK
                         net (fo=1, routed)           1.343     1.343    dbg_hub/inst/BSCANID.u_xsdbm_id/tck_bs
    BUFGCE_X1Y56         BUFGCE (Prop_BUFCE_BUFGCE_I_O)
                                                      0.031     1.374 r  dbg_hub/inst/BSCANID.u_xsdbm_id/SWITCH_N_EXT_BSCAN.u_bufg_icon_tck/O
    X3Y2 (CLOCK_ROOT)    net (fo=494, routed)         1.138     2.512    dbg_hub/inst/BSCANID.u_xsdbm_id/CORE_XSDB.UUT_MASTER/U_ICON_INTERFACE/U_CMD6_RD/U_RD_FIFO/SUBCORE_FIFO.xsdbm_v3_0_0_rdfifo_inst/inst_fifo_gen/gconvfifo.rf/grf.rf/gntv_or_sync_fifo.gl0.rd/rpntr/rd_clk
    SLICE_X89Y116        FDCE                                         r  dbg_hub/inst/BSCANID.u_xsdbm_id/CORE_XSDB.UUT_MASTER/U_ICON_INTERFACE/U_CMD6_RD/U_RD_FIFO/SUBCORE_FIFO.xsdbm_v3_0_0_rdfifo_inst/inst_fifo_gen/gconvfifo.rf/grf.rf/gntv_or_sync_fifo.gl0.rd/rpntr/gc0.count_d1_reg[0]/C
                         clock pessimism             -0.482     2.030    
    SLICE_X89Y116        FDCE (Remov_EFF_SLICEL_C_CLR)
                                                      0.005     2.035    dbg_hub/inst/BSCANID.u_xsdbm_id/CORE_XSDB.UUT_MASTER/U_ICON_INTERFACE/U_CMD6_RD/U_RD_FIFO/SUBCORE_FIFO.xsdbm_v3_0_0_rdfifo_inst/inst_fifo_gen/gconvfifo.rf/grf.rf/gntv_or_sync_fifo.gl0.rd/rpntr/gc0.count_d1_reg[0]
  -------------------------------------------------------------------
                         required time                         -2.035    
                         arrival time                           2.190    
  -------------------------------------------------------------------
                         slack                                  0.155    





---------------------------------------------------------------------------------------------------
Path Group:  **async_default**
From Clock:  gtwiz_userclk_rx_usrclk2_int
  To Clock:  gtwiz_userclk_rx_usrclk2_int

Setup :            0  Failing Endpoints,  Worst Slack        5.062ns,  Total Violation        0.000ns
Hold  :            0  Failing Endpoints,  Worst Slack        0.122ns,  Total Violation        0.000ns
---------------------------------------------------------------------------------------------------


Max Delay Paths
--------------------------------------------------------------------------------------
Slack (MET) :             5.062ns  (required time - arrival time)
  Source:                 dbg_hub/inst/BSCANID.u_xsdbm_id/CORE_XSDB.UUT_MASTER/U_ICON_INTERFACE/rddata_rst_reg/C
                            (rising edge-triggered cell FDRE clocked by gtwiz_userclk_rx_usrclk2_int  {rise@0.000ns fall@3.200ns period=6.400ns})
  Destination:            dbg_hub/inst/BSCANID.u_xsdbm_id/CORE_XSDB.UUT_MASTER/U_ICON_INTERFACE/U_CMD6_RD/U_RD_FIFO/SUBCORE_FIFO.xsdbm_v3_0_0_rdfifo_inst/inst_fifo_gen/gconvfifo.rf/grf.rf/rstblk/ngwrdrst.grst.g7serrst.rst_wr_reg1_reg/PRE
                            (recovery check against rising-edge clock gtwiz_userclk_rx_usrclk2_int  {rise@0.000ns fall@3.200ns period=6.400ns})
  Path Group:             **async_default**
  Path Type:              Recovery (Max at Slow Process Corner)
  Requirement:            6.400ns  (gtwiz_userclk_rx_usrclk2_int rise@6.400ns - gtwiz_userclk_rx_usrclk2_int rise@0.000ns)
  Data Path Delay:        1.033ns  (logic 0.114ns (11.036%)  route 0.919ns (88.964%))
  Logic Levels:           0  
  Clock Path Skew:        -0.188ns (DCD - SCD + CPR)
    Destination Clock Delay (DCD):    2.019ns = ( 8.419 - 6.400 ) 
    Source Clock Delay      (SCD):    2.323ns
    Clock Pessimism Removal (CPR):    0.116ns
  Clock Uncertainty:      0.035ns  ((TSJ^2 + TIJ^2)^1/2 + DJ) / 2 + PE
    Total System Jitter     (TSJ):    0.071ns
    Total Input Jitter      (TIJ):    0.000ns
    Discrete Jitter          (DJ):    0.000ns
    Phase Error              (PE):    0.000ns
  Clock Net Delay (Source):      1.926ns (routing 0.316ns, distribution 1.610ns)
  Clock Net Delay (Destination): 1.690ns (routing 0.283ns, distribution 1.407ns)

    Location             Delay type                Incr(ns)  Path(ns)    Netlist Resource(s)
  -------------------------------------------------------------------    -------------------
                         (clock gtwiz_userclk_rx_usrclk2_int rise edge)
                                                      0.000     0.000 r  
    GTHE3_CHANNEL_X0Y12  GTHE3_CHANNEL                0.000     0.000 r  example_wrapper_inst/eth_xcvr_gth_full_inst/inst/gen_gtwizard_gthe3_top.eth_xcvr_gth_full_gtwizard_gthe3_inst/gen_gtwizard_gthe3.gen_channel_container[0].gen_enabled_channel.gthe3_channel_wrapper_inst/channel_inst/gthe3_channel_gen.gen_gthe3_channel_inst[0].GTHE3_CHANNEL_PRIM_INST/RXOUTCLK
                         net (fo=3, routed)           0.082     0.082    example_wrapper_inst/eth_xcvr_gth_full_inst/inst/gen_gtwizard_gthe3_top.eth_xcvr_gth_full_gtwizard_gthe3_inst/gen_gtwizard_gthe3.gen_rx_user_clocking_internal.gen_single_instance.gtwiz_userclk_rx_inst/rxoutclk_out[0]
    BUFG_GT_X0Y86        BUFG_GT (Prop_BUFG_GT_I_O)
                                                      0.315     0.397 r  example_wrapper_inst/eth_xcvr_gth_full_inst/inst/gen_gtwizard_gthe3_top.eth_xcvr_gth_full_gtwizard_gthe3_inst/gen_gtwizard_gthe3.gen_rx_user_clocking_internal.gen_single_instance.gtwiz_userclk_rx_inst/gen_gtwiz_userclk_rx_main.bufg_gt_usrclk2_inst/O
    X3Y3 (CLOCK_ROOT)    net (fo=3729, routed)        1.926     2.323    dbg_hub/inst/BSCANID.u_xsdbm_id/CORE_XSDB.UUT_MASTER/U_ICON_INTERFACE/clk
    SLICE_X88Y121        FDRE                                         r  dbg_hub/inst/BSCANID.u_xsdbm_id/CORE_XSDB.UUT_MASTER/U_ICON_INTERFACE/rddata_rst_reg/C
  -------------------------------------------------------------------    -------------------
    SLICE_X88Y121        FDRE (Prop_DFF_SLICEL_C_Q)
                                                      0.114     2.437 f  dbg_hub/inst/BSCANID.u_xsdbm_id/CORE_XSDB.UUT_MASTER/U_ICON_INTERFACE/rddata_rst_reg/Q
                         net (fo=20, routed)          0.919     3.356    dbg_hub/inst/BSCANID.u_xsdbm_id/CORE_XSDB.UUT_MASTER/U_ICON_INTERFACE/U_CMD6_RD/U_RD_FIFO/SUBCORE_FIFO.xsdbm_v3_0_0_rdfifo_inst/inst_fifo_gen/gconvfifo.rf/grf.rf/rstblk/rst
    SLICE_X88Y116        FDPE                                         f  dbg_hub/inst/BSCANID.u_xsdbm_id/CORE_XSDB.UUT_MASTER/U_ICON_INTERFACE/U_CMD6_RD/U_RD_FIFO/SUBCORE_FIFO.xsdbm_v3_0_0_rdfifo_inst/inst_fifo_gen/gconvfifo.rf/grf.rf/rstblk/ngwrdrst.grst.g7serrst.rst_wr_reg1_reg/PRE
  -------------------------------------------------------------------    -------------------

                         (clock gtwiz_userclk_rx_usrclk2_int rise edge)
                                                      6.400     6.400 r  
    GTHE3_CHANNEL_X0Y12  GTHE3_CHANNEL                0.000     6.400 r  example_wrapper_inst/eth_xcvr_gth_full_inst/inst/gen_gtwizard_gthe3_top.eth_xcvr_gth_full_gtwizard_gthe3_inst/gen_gtwizard_gthe3.gen_channel_container[0].gen_enabled_channel.gthe3_channel_wrapper_inst/channel_inst/gthe3_channel_gen.gen_gthe3_channel_inst[0].GTHE3_CHANNEL_PRIM_INST/RXOUTCLK
                         net (fo=3, routed)           0.046     6.446    example_wrapper_inst/eth_xcvr_gth_full_inst/inst/gen_gtwizard_gthe3_top.eth_xcvr_gth_full_gtwizard_gthe3_inst/gen_gtwizard_gthe3.gen_rx_user_clocking_internal.gen_single_instance.gtwiz_userclk_rx_inst/rxoutclk_out[0]
    BUFG_GT_X0Y86        BUFG_GT (Prop_BUFG_GT_I_O)
                                                      0.283     6.729 r  example_wrapper_inst/eth_xcvr_gth_full_inst/inst/gen_gtwizard_gthe3_top.eth_xcvr_gth_full_gtwizard_gthe3_inst/gen_gtwizard_gthe3.gen_rx_user_clocking_internal.gen_single_instance.gtwiz_userclk_rx_inst/gen_gtwiz_userclk_rx_main.bufg_gt_usrclk2_inst/O
    X3Y3 (CLOCK_ROOT)    net (fo=3729, routed)        1.690     8.419    dbg_hub/inst/BSCANID.u_xsdbm_id/CORE_XSDB.UUT_MASTER/U_ICON_INTERFACE/U_CMD6_RD/U_RD_FIFO/SUBCORE_FIFO.xsdbm_v3_0_0_rdfifo_inst/inst_fifo_gen/gconvfifo.rf/grf.rf/rstblk/wr_clk
    SLICE_X88Y116        FDPE                                         r  dbg_hub/inst/BSCANID.u_xsdbm_id/CORE_XSDB.UUT_MASTER/U_ICON_INTERFACE/U_CMD6_RD/U_RD_FIFO/SUBCORE_FIFO.xsdbm_v3_0_0_rdfifo_inst/inst_fifo_gen/gconvfifo.rf/grf.rf/rstblk/ngwrdrst.grst.g7serrst.rst_wr_reg1_reg/C
                         clock pessimism              0.116     8.535    
                         clock uncertainty           -0.035     8.500    
    SLICE_X88Y116        FDPE (Recov_DFF2_SLICEL_C_PRE)
                                                     -0.082     8.418    dbg_hub/inst/BSCANID.u_xsdbm_id/CORE_XSDB.UUT_MASTER/U_ICON_INTERFACE/U_CMD6_RD/U_RD_FIFO/SUBCORE_FIFO.xsdbm_v3_0_0_rdfifo_inst/inst_fifo_gen/gconvfifo.rf/grf.rf/rstblk/ngwrdrst.grst.g7serrst.rst_wr_reg1_reg
  -------------------------------------------------------------------
                         required time                          8.418    
                         arrival time                          -3.356    
  -------------------------------------------------------------------
                         slack                                  5.062    

Slack (MET) :             5.062ns  (required time - arrival time)
  Source:                 dbg_hub/inst/BSCANID.u_xsdbm_id/CORE_XSDB.UUT_MASTER/U_ICON_INTERFACE/rddata_rst_reg/C
                            (rising edge-triggered cell FDRE clocked by gtwiz_userclk_rx_usrclk2_int  {rise@0.000ns fall@3.200ns period=6.400ns})
  Destination:            dbg_hub/inst/BSCANID.u_xsdbm_id/CORE_XSDB.UUT_MASTER/U_ICON_INTERFACE/U_CMD6_RD/U_RD_FIFO/SUBCORE_FIFO.xsdbm_v3_0_0_rdfifo_inst/inst_fifo_gen/gconvfifo.rf/grf.rf/rstblk/ngwrdrst.grst.g7serrst.rst_wr_reg2_reg/PRE
                            (recovery check against rising-edge clock gtwiz_userclk_rx_usrclk2_int  {rise@0.000ns fall@3.200ns period=6.400ns})
  Path Group:             **async_default**
  Path Type:              Recovery (Max at Slow Process Corner)
  Requirement:            6.400ns  (gtwiz_userclk_rx_usrclk2_int rise@6.400ns - gtwiz_userclk_rx_usrclk2_int rise@0.000ns)
  Data Path Delay:        1.033ns  (logic 0.114ns (11.036%)  route 0.919ns (88.964%))
  Logic Levels:           0  
  Clock Path Skew:        -0.188ns (DCD - SCD + CPR)
    Destination Clock Delay (DCD):    2.019ns = ( 8.419 - 6.400 ) 
    Source Clock Delay      (SCD):    2.323ns
    Clock Pessimism Removal (CPR):    0.116ns
  Clock Uncertainty:      0.035ns  ((TSJ^2 + TIJ^2)^1/2 + DJ) / 2 + PE
    Total System Jitter     (TSJ):    0.071ns
    Total Input Jitter      (TIJ):    0.000ns
    Discrete Jitter          (DJ):    0.000ns
    Phase Error              (PE):    0.000ns
  Clock Net Delay (Source):      1.926ns (routing 0.316ns, distribution 1.610ns)
  Clock Net Delay (Destination): 1.690ns (routing 0.283ns, distribution 1.407ns)

    Location             Delay type                Incr(ns)  Path(ns)    Netlist Resource(s)
  -------------------------------------------------------------------    -------------------
                         (clock gtwiz_userclk_rx_usrclk2_int rise edge)
                                                      0.000     0.000 r  
    GTHE3_CHANNEL_X0Y12  GTHE3_CHANNEL                0.000     0.000 r  example_wrapper_inst/eth_xcvr_gth_full_inst/inst/gen_gtwizard_gthe3_top.eth_xcvr_gth_full_gtwizard_gthe3_inst/gen_gtwizard_gthe3.gen_channel_container[0].gen_enabled_channel.gthe3_channel_wrapper_inst/channel_inst/gthe3_channel_gen.gen_gthe3_channel_inst[0].GTHE3_CHANNEL_PRIM_INST/RXOUTCLK
                         net (fo=3, routed)           0.082     0.082    example_wrapper_inst/eth_xcvr_gth_full_inst/inst/gen_gtwizard_gthe3_top.eth_xcvr_gth_full_gtwizard_gthe3_inst/gen_gtwizard_gthe3.gen_rx_user_clocking_internal.gen_single_instance.gtwiz_userclk_rx_inst/rxoutclk_out[0]
    BUFG_GT_X0Y86        BUFG_GT (Prop_BUFG_GT_I_O)
                                                      0.315     0.397 r  example_wrapper_inst/eth_xcvr_gth_full_inst/inst/gen_gtwizard_gthe3_top.eth_xcvr_gth_full_gtwizard_gthe3_inst/gen_gtwizard_gthe3.gen_rx_user_clocking_internal.gen_single_instance.gtwiz_userclk_rx_inst/gen_gtwiz_userclk_rx_main.bufg_gt_usrclk2_inst/O
    X3Y3 (CLOCK_ROOT)    net (fo=3729, routed)        1.926     2.323    dbg_hub/inst/BSCANID.u_xsdbm_id/CORE_XSDB.UUT_MASTER/U_ICON_INTERFACE/clk
    SLICE_X88Y121        FDRE                                         r  dbg_hub/inst/BSCANID.u_xsdbm_id/CORE_XSDB.UUT_MASTER/U_ICON_INTERFACE/rddata_rst_reg/C
  -------------------------------------------------------------------    -------------------
    SLICE_X88Y121        FDRE (Prop_DFF_SLICEL_C_Q)
                                                      0.114     2.437 f  dbg_hub/inst/BSCANID.u_xsdbm_id/CORE_XSDB.UUT_MASTER/U_ICON_INTERFACE/rddata_rst_reg/Q
                         net (fo=20, routed)          0.919     3.356    dbg_hub/inst/BSCANID.u_xsdbm_id/CORE_XSDB.UUT_MASTER/U_ICON_INTERFACE/U_CMD6_RD/U_RD_FIFO/SUBCORE_FIFO.xsdbm_v3_0_0_rdfifo_inst/inst_fifo_gen/gconvfifo.rf/grf.rf/rstblk/rst
    SLICE_X88Y116        FDPE                                         f  dbg_hub/inst/BSCANID.u_xsdbm_id/CORE_XSDB.UUT_MASTER/U_ICON_INTERFACE/U_CMD6_RD/U_RD_FIFO/SUBCORE_FIFO.xsdbm_v3_0_0_rdfifo_inst/inst_fifo_gen/gconvfifo.rf/grf.rf/rstblk/ngwrdrst.grst.g7serrst.rst_wr_reg2_reg/PRE
  -------------------------------------------------------------------    -------------------

                         (clock gtwiz_userclk_rx_usrclk2_int rise edge)
                                                      6.400     6.400 r  
    GTHE3_CHANNEL_X0Y12  GTHE3_CHANNEL                0.000     6.400 r  example_wrapper_inst/eth_xcvr_gth_full_inst/inst/gen_gtwizard_gthe3_top.eth_xcvr_gth_full_gtwizard_gthe3_inst/gen_gtwizard_gthe3.gen_channel_container[0].gen_enabled_channel.gthe3_channel_wrapper_inst/channel_inst/gthe3_channel_gen.gen_gthe3_channel_inst[0].GTHE3_CHANNEL_PRIM_INST/RXOUTCLK
                         net (fo=3, routed)           0.046     6.446    example_wrapper_inst/eth_xcvr_gth_full_inst/inst/gen_gtwizard_gthe3_top.eth_xcvr_gth_full_gtwizard_gthe3_inst/gen_gtwizard_gthe3.gen_rx_user_clocking_internal.gen_single_instance.gtwiz_userclk_rx_inst/rxoutclk_out[0]
    BUFG_GT_X0Y86        BUFG_GT (Prop_BUFG_GT_I_O)
                                                      0.283     6.729 r  example_wrapper_inst/eth_xcvr_gth_full_inst/inst/gen_gtwizard_gthe3_top.eth_xcvr_gth_full_gtwizard_gthe3_inst/gen_gtwizard_gthe3.gen_rx_user_clocking_internal.gen_single_instance.gtwiz_userclk_rx_inst/gen_gtwiz_userclk_rx_main.bufg_gt_usrclk2_inst/O
    X3Y3 (CLOCK_ROOT)    net (fo=3729, routed)        1.690     8.419    dbg_hub/inst/BSCANID.u_xsdbm_id/CORE_XSDB.UUT_MASTER/U_ICON_INTERFACE/U_CMD6_RD/U_RD_FIFO/SUBCORE_FIFO.xsdbm_v3_0_0_rdfifo_inst/inst_fifo_gen/gconvfifo.rf/grf.rf/rstblk/wr_clk
    SLICE_X88Y116        FDPE                                         r  dbg_hub/inst/BSCANID.u_xsdbm_id/CORE_XSDB.UUT_MASTER/U_ICON_INTERFACE/U_CMD6_RD/U_RD_FIFO/SUBCORE_FIFO.xsdbm_v3_0_0_rdfifo_inst/inst_fifo_gen/gconvfifo.rf/grf.rf/rstblk/ngwrdrst.grst.g7serrst.rst_wr_reg2_reg/C
                         clock pessimism              0.116     8.535    
                         clock uncertainty           -0.035     8.500    
    SLICE_X88Y116        FDPE (Recov_AFF2_SLICEL_C_PRE)
                                                     -0.082     8.418    dbg_hub/inst/BSCANID.u_xsdbm_id/CORE_XSDB.UUT_MASTER/U_ICON_INTERFACE/U_CMD6_RD/U_RD_FIFO/SUBCORE_FIFO.xsdbm_v3_0_0_rdfifo_inst/inst_fifo_gen/gconvfifo.rf/grf.rf/rstblk/ngwrdrst.grst.g7serrst.rst_wr_reg2_reg
  -------------------------------------------------------------------
                         required time                          8.418    
                         arrival time                          -3.356    
  -------------------------------------------------------------------
                         slack                                  5.062    

Slack (MET) :             5.199ns  (required time - arrival time)
  Source:                 dbg_hub/inst/BSCANID.u_xsdbm_id/CORE_XSDB.UUT_MASTER/U_ICON_INTERFACE/U_CMD1/ctl_reg_reg[0]/C
                            (rising edge-triggered cell FDRE clocked by gtwiz_userclk_rx_usrclk2_int  {rise@0.000ns fall@3.200ns period=6.400ns})
  Destination:            dbg_hub/inst/BSCANID.u_xsdbm_id/CORE_XSDB.UUT_MASTER/U_XSDB_BUS_CONTROLLER/current_state_reg[4]/CLR
                            (recovery check against rising-edge clock gtwiz_userclk_rx_usrclk2_int  {rise@0.000ns fall@3.200ns period=6.400ns})
  Path Group:             **async_default**
  Path Type:              Recovery (Max at Slow Process Corner)
  Requirement:            6.400ns  (gtwiz_userclk_rx_usrclk2_int rise@6.400ns - gtwiz_userclk_rx_usrclk2_int rise@0.000ns)
  Data Path Delay:        0.930ns  (logic 0.114ns (12.258%)  route 0.816ns (87.742%))
  Logic Levels:           0  
  Clock Path Skew:        -0.154ns (DCD - SCD + CPR)
    Destination Clock Delay (DCD):    2.026ns = ( 8.426 - 6.400 ) 
    Source Clock Delay      (SCD):    2.355ns
    Clock Pessimism Removal (CPR):    0.175ns
  Clock Uncertainty:      0.035ns  ((TSJ^2 + TIJ^2)^1/2 + DJ) / 2 + PE
    Total System Jitter     (TSJ):    0.071ns
    Total Input Jitter      (TIJ):    0.000ns
    Discrete Jitter          (DJ):    0.000ns
    Phase Error              (PE):    0.000ns
  Clock Net Delay (Source):      1.958ns (routing 0.316ns, distribution 1.642ns)
  Clock Net Delay (Destination): 1.697ns (routing 0.283ns, distribution 1.414ns)

    Location             Delay type                Incr(ns)  Path(ns)    Netlist Resource(s)
  -------------------------------------------------------------------    -------------------
                         (clock gtwiz_userclk_rx_usrclk2_int rise edge)
                                                      0.000     0.000 r  
    GTHE3_CHANNEL_X0Y12  GTHE3_CHANNEL                0.000     0.000 r  example_wrapper_inst/eth_xcvr_gth_full_inst/inst/gen_gtwizard_gthe3_top.eth_xcvr_gth_full_gtwizard_gthe3_inst/gen_gtwizard_gthe3.gen_channel_container[0].gen_enabled_channel.gthe3_channel_wrapper_inst/channel_inst/gthe3_channel_gen.gen_gthe3_channel_inst[0].GTHE3_CHANNEL_PRIM_INST/RXOUTCLK
                         net (fo=3, routed)           0.082     0.082    example_wrapper_inst/eth_xcvr_gth_full_inst/inst/gen_gtwizard_gthe3_top.eth_xcvr_gth_full_gtwizard_gthe3_inst/gen_gtwizard_gthe3.gen_rx_user_clocking_internal.gen_single_instance.gtwiz_userclk_rx_inst/rxoutclk_out[0]
    BUFG_GT_X0Y86        BUFG_GT (Prop_BUFG_GT_I_O)
                                                      0.315     0.397 r  example_wrapper_inst/eth_xcvr_gth_full_inst/inst/gen_gtwizard_gthe3_top.eth_xcvr_gth_full_gtwizard_gthe3_inst/gen_gtwizard_gthe3.gen_rx_user_clocking_internal.gen_single_instance.gtwiz_userclk_rx_inst/gen_gtwiz_userclk_rx_main.bufg_gt_usrclk2_inst/O
    X3Y3 (CLOCK_ROOT)    net (fo=3729, routed)        1.958     2.355    dbg_hub/inst/BSCANID.u_xsdbm_id/CORE_XSDB.UUT_MASTER/U_ICON_INTERFACE/U_CMD1/clk
    SLICE_X86Y124        FDRE                                         r  dbg_hub/inst/BSCANID.u_xsdbm_id/CORE_XSDB.UUT_MASTER/U_ICON_INTERFACE/U_CMD1/ctl_reg_reg[0]/C
  -------------------------------------------------------------------    -------------------
    SLICE_X86Y124        FDRE (Prop_EFF_SLICEL_C_Q)
                                                      0.114     2.469 f  dbg_hub/inst/BSCANID.u_xsdbm_id/CORE_XSDB.UUT_MASTER/U_ICON_INTERFACE/U_CMD1/ctl_reg_reg[0]/Q
                         net (fo=168, routed)         0.816     3.285    dbg_hub/inst/BSCANID.u_xsdbm_id/CORE_XSDB.UUT_MASTER/U_XSDB_BUS_CONTROLLER/out[0]
    SLICE_X88Y124        FDCE                                         f  dbg_hub/inst/BSCANID.u_xsdbm_id/CORE_XSDB.UUT_MASTER/U_XSDB_BUS_CONTROLLER/current_state_reg[4]/CLR
  -------------------------------------------------------------------    -------------------

                         (clock gtwiz_userclk_rx_usrclk2_int rise edge)
                                                      6.400     6.400 r  
    GTHE3_CHANNEL_X0Y12  GTHE3_CHANNEL                0.000     6.400 r  example_wrapper_inst/eth_xcvr_gth_full_inst/inst/gen_gtwizard_gthe3_top.eth_xcvr_gth_full_gtwizard_gthe3_inst/gen_gtwizard_gthe3.gen_channel_container[0].gen_enabled_channel.gthe3_channel_wrapper_inst/channel_inst/gthe3_channel_gen.gen_gthe3_channel_inst[0].GTHE3_CHANNEL_PRIM_INST/RXOUTCLK
                         net (fo=3, routed)           0.046     6.446    example_wrapper_inst/eth_xcvr_gth_full_inst/inst/gen_gtwizard_gthe3_top.eth_xcvr_gth_full_gtwizard_gthe3_inst/gen_gtwizard_gthe3.gen_rx_user_clocking_internal.gen_single_instance.gtwiz_userclk_rx_inst/rxoutclk_out[0]
    BUFG_GT_X0Y86        BUFG_GT (Prop_BUFG_GT_I_O)
                                                      0.283     6.729 r  example_wrapper_inst/eth_xcvr_gth_full_inst/inst/gen_gtwizard_gthe3_top.eth_xcvr_gth_full_gtwizard_gthe3_inst/gen_gtwizard_gthe3.gen_rx_user_clocking_internal.gen_single_instance.gtwiz_userclk_rx_inst/gen_gtwiz_userclk_rx_main.bufg_gt_usrclk2_inst/O
    X3Y3 (CLOCK_ROOT)    net (fo=3729, routed)        1.697     8.426    dbg_hub/inst/BSCANID.u_xsdbm_id/CORE_XSDB.UUT_MASTER/U_XSDB_BUS_CONTROLLER/clk
    SLICE_X88Y124        FDCE                                         r  dbg_hub/inst/BSCANID.u_xsdbm_id/CORE_XSDB.UUT_MASTER/U_XSDB_BUS_CONTROLLER/current_state_reg[4]/C
                         clock pessimism              0.175     8.601    
                         clock uncertainty           -0.035     8.566    
    SLICE_X88Y124        FDCE (Recov_EFF_SLICEL_C_CLR)
                                                     -0.082     8.484    dbg_hub/inst/BSCANID.u_xsdbm_id/CORE_XSDB.UUT_MASTER/U_XSDB_BUS_CONTROLLER/current_state_reg[4]
  -------------------------------------------------------------------
                         required time                          8.484    
                         arrival time                          -3.285    
  -------------------------------------------------------------------
                         slack                                  5.199    

Slack (MET) :             5.215ns  (required time - arrival time)
  Source:                 dbg_hub/inst/BSCANID.u_xsdbm_id/CORE_XSDB.UUT_MASTER/U_ICON_INTERFACE/U_CMD6_WR/U_WR_FIFO/SUBCORE_FIFO.xsdbm_v3_0_0_wrfifo_inst/inst_fifo_gen/gconvfifo.rf/grf.rf/rstblk/ngwrdrst.grst.g7serrst.gwrrd_rst_sync_stage[2].rrst_inst/Q_reg_reg[0]/C
                            (rising edge-triggered cell FDRE clocked by gtwiz_userclk_rx_usrclk2_int  {rise@0.000ns fall@3.200ns period=6.400ns})
  Destination:            dbg_hub/inst/BSCANID.u_xsdbm_id/CORE_XSDB.UUT_MASTER/U_ICON_INTERFACE/U_CMD6_WR/U_WR_FIFO/SUBCORE_FIFO.xsdbm_v3_0_0_wrfifo_inst/inst_fifo_gen/gconvfifo.rf/grf.rf/rstblk/ngwrdrst.grst.g7serrst.rd_rst_reg_reg[0]/PRE
                            (recovery check against rising-edge clock gtwiz_userclk_rx_usrclk2_int  {rise@0.000ns fall@3.200ns period=6.400ns})
  Path Group:             **async_default**
  Path Type:              Recovery (Max at Slow Process Corner)
  Requirement:            6.400ns  (gtwiz_userclk_rx_usrclk2_int rise@6.400ns - gtwiz_userclk_rx_usrclk2_int rise@0.000ns)
  Data Path Delay:        0.919ns  (logic 0.233ns (25.354%)  route 0.686ns (74.646%))
  Logic Levels:           1  (LUT2=1)
  Clock Path Skew:        -0.149ns (DCD - SCD + CPR)
    Destination Clock Delay (DCD):    2.032ns = ( 8.432 - 6.400 ) 
    Source Clock Delay      (SCD):    2.356ns
    Clock Pessimism Removal (CPR):    0.175ns
  Clock Uncertainty:      0.035ns  ((TSJ^2 + TIJ^2)^1/2 + DJ) / 2 + PE
    Total System Jitter     (TSJ):    0.071ns
    Total Input Jitter      (TIJ):    0.000ns
    Discrete Jitter          (DJ):    0.000ns
    Phase Error              (PE):    0.000ns
  Clock Net Delay (Source):      1.959ns (routing 0.316ns, distribution 1.643ns)
  Clock Net Delay (Destination): 1.703ns (routing 0.283ns, distribution 1.420ns)

    Location             Delay type                Incr(ns)  Path(ns)    Netlist Resource(s)
  -------------------------------------------------------------------    -------------------
                         (clock gtwiz_userclk_rx_usrclk2_int rise edge)
                                                      0.000     0.000 r  
    GTHE3_CHANNEL_X0Y12  GTHE3_CHANNEL                0.000     0.000 r  example_wrapper_inst/eth_xcvr_gth_full_inst/inst/gen_gtwizard_gthe3_top.eth_xcvr_gth_full_gtwizard_gthe3_inst/gen_gtwizard_gthe3.gen_channel_container[0].gen_enabled_channel.gthe3_channel_wrapper_inst/channel_inst/gthe3_channel_gen.gen_gthe3_channel_inst[0].GTHE3_CHANNEL_PRIM_INST/RXOUTCLK
                         net (fo=3, routed)           0.082     0.082    example_wrapper_inst/eth_xcvr_gth_full_inst/inst/gen_gtwizard_gthe3_top.eth_xcvr_gth_full_gtwizard_gthe3_inst/gen_gtwizard_gthe3.gen_rx_user_clocking_internal.gen_single_instance.gtwiz_userclk_rx_inst/rxoutclk_out[0]
    BUFG_GT_X0Y86        BUFG_GT (Prop_BUFG_GT_I_O)
                                                      0.315     0.397 r  example_wrapper_inst/eth_xcvr_gth_full_inst/inst/gen_gtwizard_gthe3_top.eth_xcvr_gth_full_gtwizard_gthe3_inst/gen_gtwizard_gthe3.gen_rx_user_clocking_internal.gen_single_instance.gtwiz_userclk_rx_inst/gen_gtwiz_userclk_rx_main.bufg_gt_usrclk2_inst/O
    X3Y3 (CLOCK_ROOT)    net (fo=3729, routed)        1.959     2.356    dbg_hub/inst/BSCANID.u_xsdbm_id/CORE_XSDB.UUT_MASTER/U_ICON_INTERFACE/U_CMD6_WR/U_WR_FIFO/SUBCORE_FIFO.xsdbm_v3_0_0_wrfifo_inst/inst_fifo_gen/gconvfifo.rf/grf.rf/rstblk/ngwrdrst.grst.g7serrst.gwrrd_rst_sync_stage[2].rrst_inst/rd_clk
    SLICE_X87Y121        FDRE                                         r  dbg_hub/inst/BSCANID.u_xsdbm_id/CORE_XSDB.UUT_MASTER/U_ICON_INTERFACE/U_CMD6_WR/U_WR_FIFO/SUBCORE_FIFO.xsdbm_v3_0_0_wrfifo_inst/inst_fifo_gen/gconvfifo.rf/grf.rf/rstblk/ngwrdrst.grst.g7serrst.gwrrd_rst_sync_stage[2].rrst_inst/Q_reg_reg[0]/C
  -------------------------------------------------------------------    -------------------
    SLICE_X87Y121        FDRE (Prop_AFF2_SLICEL_C_Q)
                                                      0.117     2.473 r  dbg_hub/inst/BSCANID.u_xsdbm_id/CORE_XSDB.UUT_MASTER/U_ICON_INTERFACE/U_CMD6_WR/U_WR_FIFO/SUBCORE_FIFO.xsdbm_v3_0_0_wrfifo_inst/inst_fifo_gen/gconvfifo.rf/grf.rf/rstblk/ngwrdrst.grst.g7serrst.gwrrd_rst_sync_stage[2].rrst_inst/Q_reg_reg[0]/Q
                         net (fo=1, routed)           0.068     2.541    dbg_hub/inst/BSCANID.u_xsdbm_id/CORE_XSDB.UUT_MASTER/U_ICON_INTERFACE/U_CMD6_WR/U_WR_FIFO/SUBCORE_FIFO.xsdbm_v3_0_0_wrfifo_inst/inst_fifo_gen/gconvfifo.rf/grf.rf/rstblk/ngwrdrst.grst.g7serrst.gwrrd_rst_sync_stage[2].rrst_inst/Q_reg
    SLICE_X87Y121        LUT2 (Prop_H6LUT_SLICEL_I1_O)
                                                      0.116     2.657 f  dbg_hub/inst/BSCANID.u_xsdbm_id/CORE_XSDB.UUT_MASTER/U_ICON_INTERFACE/U_CMD6_WR/U_WR_FIFO/SUBCORE_FIFO.xsdbm_v3_0_0_wrfifo_inst/inst_fifo_gen/gconvfifo.rf/grf.rf/rstblk/ngwrdrst.grst.g7serrst.gwrrd_rst_sync_stage[2].rrst_inst/ngwrdrst.grst.g7serrst.rd_rst_reg[2]_i_1/O
                         net (fo=3, routed)           0.618     3.275    dbg_hub/inst/BSCANID.u_xsdbm_id/CORE_XSDB.UUT_MASTER/U_ICON_INTERFACE/U_CMD6_WR/U_WR_FIFO/SUBCORE_FIFO.xsdbm_v3_0_0_wrfifo_inst/inst_fifo_gen/gconvfifo.rf/grf.rf/rstblk/rd_rst_comb
    SLICE_X88Y125        FDPE                                         f  dbg_hub/inst/BSCANID.u_xsdbm_id/CORE_XSDB.UUT_MASTER/U_ICON_INTERFACE/U_CMD6_WR/U_WR_FIFO/SUBCORE_FIFO.xsdbm_v3_0_0_wrfifo_inst/inst_fifo_gen/gconvfifo.rf/grf.rf/rstblk/ngwrdrst.grst.g7serrst.rd_rst_reg_reg[0]/PRE
  -------------------------------------------------------------------    -------------------

                         (clock gtwiz_userclk_rx_usrclk2_int rise edge)
                                                      6.400     6.400 r  
    GTHE3_CHANNEL_X0Y12  GTHE3_CHANNEL                0.000     6.400 r  example_wrapper_inst/eth_xcvr_gth_full_inst/inst/gen_gtwizard_gthe3_top.eth_xcvr_gth_full_gtwizard_gthe3_inst/gen_gtwizard_gthe3.gen_channel_container[0].gen_enabled_channel.gthe3_channel_wrapper_inst/channel_inst/gthe3_channel_gen.gen_gthe3_channel_inst[0].GTHE3_CHANNEL_PRIM_INST/RXOUTCLK
                         net (fo=3, routed)           0.046     6.446    example_wrapper_inst/eth_xcvr_gth_full_inst/inst/gen_gtwizard_gthe3_top.eth_xcvr_gth_full_gtwizard_gthe3_inst/gen_gtwizard_gthe3.gen_rx_user_clocking_internal.gen_single_instance.gtwiz_userclk_rx_inst/rxoutclk_out[0]
    BUFG_GT_X0Y86        BUFG_GT (Prop_BUFG_GT_I_O)
                                                      0.283     6.729 r  example_wrapper_inst/eth_xcvr_gth_full_inst/inst/gen_gtwizard_gthe3_top.eth_xcvr_gth_full_gtwizard_gthe3_inst/gen_gtwizard_gthe3.gen_rx_user_clocking_internal.gen_single_instance.gtwiz_userclk_rx_inst/gen_gtwiz_userclk_rx_main.bufg_gt_usrclk2_inst/O
    X3Y3 (CLOCK_ROOT)    net (fo=3729, routed)        1.703     8.432    dbg_hub/inst/BSCANID.u_xsdbm_id/CORE_XSDB.UUT_MASTER/U_ICON_INTERFACE/U_CMD6_WR/U_WR_FIFO/SUBCORE_FIFO.xsdbm_v3_0_0_wrfifo_inst/inst_fifo_gen/gconvfifo.rf/grf.rf/rstblk/rd_clk
    SLICE_X88Y125        FDPE                                         r  dbg_hub/inst/BSCANID.u_xsdbm_id/CORE_XSDB.UUT_MASTER/U_ICON_INTERFACE/U_CMD6_WR/U_WR_FIFO/SUBCORE_FIFO.xsdbm_v3_0_0_wrfifo_inst/inst_fifo_gen/gconvfifo.rf/grf.rf/rstblk/ngwrdrst.grst.g7serrst.rd_rst_reg_reg[0]/C
                         clock pessimism              0.175     8.607    
                         clock uncertainty           -0.035     8.572    
    SLICE_X88Y125        FDPE (Recov_EFF_SLICEL_C_PRE)
                                                     -0.082     8.490    dbg_hub/inst/BSCANID.u_xsdbm_id/CORE_XSDB.UUT_MASTER/U_ICON_INTERFACE/U_CMD6_WR/U_WR_FIFO/SUBCORE_FIFO.xsdbm_v3_0_0_wrfifo_inst/inst_fifo_gen/gconvfifo.rf/grf.rf/rstblk/ngwrdrst.grst.g7serrst.rd_rst_reg_reg[0]
  -------------------------------------------------------------------
                         required time                          8.490    
                         arrival time                          -3.275    
  -------------------------------------------------------------------
                         slack                                  5.215    

Slack (MET) :             5.215ns  (required time - arrival time)
  Source:                 dbg_hub/inst/BSCANID.u_xsdbm_id/CORE_XSDB.UUT_MASTER/U_ICON_INTERFACE/U_CMD6_WR/U_WR_FIFO/SUBCORE_FIFO.xsdbm_v3_0_0_wrfifo_inst/inst_fifo_gen/gconvfifo.rf/grf.rf/rstblk/ngwrdrst.grst.g7serrst.gwrrd_rst_sync_stage[2].rrst_inst/Q_reg_reg[0]/C
                            (rising edge-triggered cell FDRE clocked by gtwiz_userclk_rx_usrclk2_int  {rise@0.000ns fall@3.200ns period=6.400ns})
  Destination:            dbg_hub/inst/BSCANID.u_xsdbm_id/CORE_XSDB.UUT_MASTER/U_ICON_INTERFACE/U_CMD6_WR/U_WR_FIFO/SUBCORE_FIFO.xsdbm_v3_0_0_wrfifo_inst/inst_fifo_gen/gconvfifo.rf/grf.rf/rstblk/ngwrdrst.grst.g7serrst.rd_rst_reg_reg[1]/PRE
                            (recovery check against rising-edge clock gtwiz_userclk_rx_usrclk2_int  {rise@0.000ns fall@3.200ns period=6.400ns})
  Path Group:             **async_default**
  Path Type:              Recovery (Max at Slow Process Corner)
  Requirement:            6.400ns  (gtwiz_userclk_rx_usrclk2_int rise@6.400ns - gtwiz_userclk_rx_usrclk2_int rise@0.000ns)
  Data Path Delay:        0.919ns  (logic 0.233ns (25.354%)  route 0.686ns (74.646%))
  Logic Levels:           1  (LUT2=1)
  Clock Path Skew:        -0.149ns (DCD - SCD + CPR)
    Destination Clock Delay (DCD):    2.032ns = ( 8.432 - 6.400 ) 
    Source Clock Delay      (SCD):    2.356ns
    Clock Pessimism Removal (CPR):    0.175ns
  Clock Uncertainty:      0.035ns  ((TSJ^2 + TIJ^2)^1/2 + DJ) / 2 + PE
    Total System Jitter     (TSJ):    0.071ns
    Total Input Jitter      (TIJ):    0.000ns
    Discrete Jitter          (DJ):    0.000ns
    Phase Error              (PE):    0.000ns
  Clock Net Delay (Source):      1.959ns (routing 0.316ns, distribution 1.643ns)
  Clock Net Delay (Destination): 1.703ns (routing 0.283ns, distribution 1.420ns)

    Location             Delay type                Incr(ns)  Path(ns)    Netlist Resource(s)
  -------------------------------------------------------------------    -------------------
                         (clock gtwiz_userclk_rx_usrclk2_int rise edge)
                                                      0.000     0.000 r  
    GTHE3_CHANNEL_X0Y12  GTHE3_CHANNEL                0.000     0.000 r  example_wrapper_inst/eth_xcvr_gth_full_inst/inst/gen_gtwizard_gthe3_top.eth_xcvr_gth_full_gtwizard_gthe3_inst/gen_gtwizard_gthe3.gen_channel_container[0].gen_enabled_channel.gthe3_channel_wrapper_inst/channel_inst/gthe3_channel_gen.gen_gthe3_channel_inst[0].GTHE3_CHANNEL_PRIM_INST/RXOUTCLK
                         net (fo=3, routed)           0.082     0.082    example_wrapper_inst/eth_xcvr_gth_full_inst/inst/gen_gtwizard_gthe3_top.eth_xcvr_gth_full_gtwizard_gthe3_inst/gen_gtwizard_gthe3.gen_rx_user_clocking_internal.gen_single_instance.gtwiz_userclk_rx_inst/rxoutclk_out[0]
    BUFG_GT_X0Y86        BUFG_GT (Prop_BUFG_GT_I_O)
                                                      0.315     0.397 r  example_wrapper_inst/eth_xcvr_gth_full_inst/inst/gen_gtwizard_gthe3_top.eth_xcvr_gth_full_gtwizard_gthe3_inst/gen_gtwizard_gthe3.gen_rx_user_clocking_internal.gen_single_instance.gtwiz_userclk_rx_inst/gen_gtwiz_userclk_rx_main.bufg_gt_usrclk2_inst/O
    X3Y3 (CLOCK_ROOT)    net (fo=3729, routed)        1.959     2.356    dbg_hub/inst/BSCANID.u_xsdbm_id/CORE_XSDB.UUT_MASTER/U_ICON_INTERFACE/U_CMD6_WR/U_WR_FIFO/SUBCORE_FIFO.xsdbm_v3_0_0_wrfifo_inst/inst_fifo_gen/gconvfifo.rf/grf.rf/rstblk/ngwrdrst.grst.g7serrst.gwrrd_rst_sync_stage[2].rrst_inst/rd_clk
    SLICE_X87Y121        FDRE                                         r  dbg_hub/inst/BSCANID.u_xsdbm_id/CORE_XSDB.UUT_MASTER/U_ICON_INTERFACE/U_CMD6_WR/U_WR_FIFO/SUBCORE_FIFO.xsdbm_v3_0_0_wrfifo_inst/inst_fifo_gen/gconvfifo.rf/grf.rf/rstblk/ngwrdrst.grst.g7serrst.gwrrd_rst_sync_stage[2].rrst_inst/Q_reg_reg[0]/C
  -------------------------------------------------------------------    -------------------
    SLICE_X87Y121        FDRE (Prop_AFF2_SLICEL_C_Q)
                                                      0.117     2.473 r  dbg_hub/inst/BSCANID.u_xsdbm_id/CORE_XSDB.UUT_MASTER/U_ICON_INTERFACE/U_CMD6_WR/U_WR_FIFO/SUBCORE_FIFO.xsdbm_v3_0_0_wrfifo_inst/inst_fifo_gen/gconvfifo.rf/grf.rf/rstblk/ngwrdrst.grst.g7serrst.gwrrd_rst_sync_stage[2].rrst_inst/Q_reg_reg[0]/Q
                         net (fo=1, routed)           0.068     2.541    dbg_hub/inst/BSCANID.u_xsdbm_id/CORE_XSDB.UUT_MASTER/U_ICON_INTERFACE/U_CMD6_WR/U_WR_FIFO/SUBCORE_FIFO.xsdbm_v3_0_0_wrfifo_inst/inst_fifo_gen/gconvfifo.rf/grf.rf/rstblk/ngwrdrst.grst.g7serrst.gwrrd_rst_sync_stage[2].rrst_inst/Q_reg
    SLICE_X87Y121        LUT2 (Prop_H6LUT_SLICEL_I1_O)
                                                      0.116     2.657 f  dbg_hub/inst/BSCANID.u_xsdbm_id/CORE_XSDB.UUT_MASTER/U_ICON_INTERFACE/U_CMD6_WR/U_WR_FIFO/SUBCORE_FIFO.xsdbm_v3_0_0_wrfifo_inst/inst_fifo_gen/gconvfifo.rf/grf.rf/rstblk/ngwrdrst.grst.g7serrst.gwrrd_rst_sync_stage[2].rrst_inst/ngwrdrst.grst.g7serrst.rd_rst_reg[2]_i_1/O
                         net (fo=3, routed)           0.618     3.275    dbg_hub/inst/BSCANID.u_xsdbm_id/CORE_XSDB.UUT_MASTER/U_ICON_INTERFACE/U_CMD6_WR/U_WR_FIFO/SUBCORE_FIFO.xsdbm_v3_0_0_wrfifo_inst/inst_fifo_gen/gconvfifo.rf/grf.rf/rstblk/rd_rst_comb
    SLICE_X88Y125        FDPE                                         f  dbg_hub/inst/BSCANID.u_xsdbm_id/CORE_XSDB.UUT_MASTER/U_ICON_INTERFACE/U_CMD6_WR/U_WR_FIFO/SUBCORE_FIFO.xsdbm_v3_0_0_wrfifo_inst/inst_fifo_gen/gconvfifo.rf/grf.rf/rstblk/ngwrdrst.grst.g7serrst.rd_rst_reg_reg[1]/PRE
  -------------------------------------------------------------------    -------------------

                         (clock gtwiz_userclk_rx_usrclk2_int rise edge)
                                                      6.400     6.400 r  
    GTHE3_CHANNEL_X0Y12  GTHE3_CHANNEL                0.000     6.400 r  example_wrapper_inst/eth_xcvr_gth_full_inst/inst/gen_gtwizard_gthe3_top.eth_xcvr_gth_full_gtwizard_gthe3_inst/gen_gtwizard_gthe3.gen_channel_container[0].gen_enabled_channel.gthe3_channel_wrapper_inst/channel_inst/gthe3_channel_gen.gen_gthe3_channel_inst[0].GTHE3_CHANNEL_PRIM_INST/RXOUTCLK
                         net (fo=3, routed)           0.046     6.446    example_wrapper_inst/eth_xcvr_gth_full_inst/inst/gen_gtwizard_gthe3_top.eth_xcvr_gth_full_gtwizard_gthe3_inst/gen_gtwizard_gthe3.gen_rx_user_clocking_internal.gen_single_instance.gtwiz_userclk_rx_inst/rxoutclk_out[0]
    BUFG_GT_X0Y86        BUFG_GT (Prop_BUFG_GT_I_O)
                                                      0.283     6.729 r  example_wrapper_inst/eth_xcvr_gth_full_inst/inst/gen_gtwizard_gthe3_top.eth_xcvr_gth_full_gtwizard_gthe3_inst/gen_gtwizard_gthe3.gen_rx_user_clocking_internal.gen_single_instance.gtwiz_userclk_rx_inst/gen_gtwiz_userclk_rx_main.bufg_gt_usrclk2_inst/O
    X3Y3 (CLOCK_ROOT)    net (fo=3729, routed)        1.703     8.432    dbg_hub/inst/BSCANID.u_xsdbm_id/CORE_XSDB.UUT_MASTER/U_ICON_INTERFACE/U_CMD6_WR/U_WR_FIFO/SUBCORE_FIFO.xsdbm_v3_0_0_wrfifo_inst/inst_fifo_gen/gconvfifo.rf/grf.rf/rstblk/rd_clk
    SLICE_X88Y125        FDPE                                         r  dbg_hub/inst/BSCANID.u_xsdbm_id/CORE_XSDB.UUT_MASTER/U_ICON_INTERFACE/U_CMD6_WR/U_WR_FIFO/SUBCORE_FIFO.xsdbm_v3_0_0_wrfifo_inst/inst_fifo_gen/gconvfifo.rf/grf.rf/rstblk/ngwrdrst.grst.g7serrst.rd_rst_reg_reg[1]/C
                         clock pessimism              0.175     8.607    
                         clock uncertainty           -0.035     8.572    
    SLICE_X88Y125        FDPE (Recov_EFF2_SLICEL_C_PRE)
                                                     -0.082     8.490    dbg_hub/inst/BSCANID.u_xsdbm_id/CORE_XSDB.UUT_MASTER/U_ICON_INTERFACE/U_CMD6_WR/U_WR_FIFO/SUBCORE_FIFO.xsdbm_v3_0_0_wrfifo_inst/inst_fifo_gen/gconvfifo.rf/grf.rf/rstblk/ngwrdrst.grst.g7serrst.rd_rst_reg_reg[1]
  -------------------------------------------------------------------
                         required time                          8.490    
                         arrival time                          -3.275    
  -------------------------------------------------------------------
                         slack                                  5.215    

Slack (MET) :             5.215ns  (required time - arrival time)
  Source:                 dbg_hub/inst/BSCANID.u_xsdbm_id/CORE_XSDB.UUT_MASTER/U_ICON_INTERFACE/U_CMD6_WR/U_WR_FIFO/SUBCORE_FIFO.xsdbm_v3_0_0_wrfifo_inst/inst_fifo_gen/gconvfifo.rf/grf.rf/rstblk/ngwrdrst.grst.g7serrst.gwrrd_rst_sync_stage[2].rrst_inst/Q_reg_reg[0]/C
                            (rising edge-triggered cell FDRE clocked by gtwiz_userclk_rx_usrclk2_int  {rise@0.000ns fall@3.200ns period=6.400ns})
  Destination:            dbg_hub/inst/BSCANID.u_xsdbm_id/CORE_XSDB.UUT_MASTER/U_ICON_INTERFACE/U_CMD6_WR/U_WR_FIFO/SUBCORE_FIFO.xsdbm_v3_0_0_wrfifo_inst/inst_fifo_gen/gconvfifo.rf/grf.rf/rstblk/ngwrdrst.grst.g7serrst.rd_rst_reg_reg[2]/PRE
                            (recovery check against rising-edge clock gtwiz_userclk_rx_usrclk2_int  {rise@0.000ns fall@3.200ns period=6.400ns})
  Path Group:             **async_default**
  Path Type:              Recovery (Max at Slow Process Corner)
  Requirement:            6.400ns  (gtwiz_userclk_rx_usrclk2_int rise@6.400ns - gtwiz_userclk_rx_usrclk2_int rise@0.000ns)
  Data Path Delay:        0.919ns  (logic 0.233ns (25.354%)  route 0.686ns (74.646%))
  Logic Levels:           1  (LUT2=1)
  Clock Path Skew:        -0.149ns (DCD - SCD + CPR)
    Destination Clock Delay (DCD):    2.032ns = ( 8.432 - 6.400 ) 
    Source Clock Delay      (SCD):    2.356ns
    Clock Pessimism Removal (CPR):    0.175ns
  Clock Uncertainty:      0.035ns  ((TSJ^2 + TIJ^2)^1/2 + DJ) / 2 + PE
    Total System Jitter     (TSJ):    0.071ns
    Total Input Jitter      (TIJ):    0.000ns
    Discrete Jitter          (DJ):    0.000ns
    Phase Error              (PE):    0.000ns
  Clock Net Delay (Source):      1.959ns (routing 0.316ns, distribution 1.643ns)
  Clock Net Delay (Destination): 1.703ns (routing 0.283ns, distribution 1.420ns)

    Location             Delay type                Incr(ns)  Path(ns)    Netlist Resource(s)
  -------------------------------------------------------------------    -------------------
                         (clock gtwiz_userclk_rx_usrclk2_int rise edge)
                                                      0.000     0.000 r  
    GTHE3_CHANNEL_X0Y12  GTHE3_CHANNEL                0.000     0.000 r  example_wrapper_inst/eth_xcvr_gth_full_inst/inst/gen_gtwizard_gthe3_top.eth_xcvr_gth_full_gtwizard_gthe3_inst/gen_gtwizard_gthe3.gen_channel_container[0].gen_enabled_channel.gthe3_channel_wrapper_inst/channel_inst/gthe3_channel_gen.gen_gthe3_channel_inst[0].GTHE3_CHANNEL_PRIM_INST/RXOUTCLK
                         net (fo=3, routed)           0.082     0.082    example_wrapper_inst/eth_xcvr_gth_full_inst/inst/gen_gtwizard_gthe3_top.eth_xcvr_gth_full_gtwizard_gthe3_inst/gen_gtwizard_gthe3.gen_rx_user_clocking_internal.gen_single_instance.gtwiz_userclk_rx_inst/rxoutclk_out[0]
    BUFG_GT_X0Y86        BUFG_GT (Prop_BUFG_GT_I_O)
                                                      0.315     0.397 r  example_wrapper_inst/eth_xcvr_gth_full_inst/inst/gen_gtwizard_gthe3_top.eth_xcvr_gth_full_gtwizard_gthe3_inst/gen_gtwizard_gthe3.gen_rx_user_clocking_internal.gen_single_instance.gtwiz_userclk_rx_inst/gen_gtwiz_userclk_rx_main.bufg_gt_usrclk2_inst/O
    X3Y3 (CLOCK_ROOT)    net (fo=3729, routed)        1.959     2.356    dbg_hub/inst/BSCANID.u_xsdbm_id/CORE_XSDB.UUT_MASTER/U_ICON_INTERFACE/U_CMD6_WR/U_WR_FIFO/SUBCORE_FIFO.xsdbm_v3_0_0_wrfifo_inst/inst_fifo_gen/gconvfifo.rf/grf.rf/rstblk/ngwrdrst.grst.g7serrst.gwrrd_rst_sync_stage[2].rrst_inst/rd_clk
    SLICE_X87Y121        FDRE                                         r  dbg_hub/inst/BSCANID.u_xsdbm_id/CORE_XSDB.UUT_MASTER/U_ICON_INTERFACE/U_CMD6_WR/U_WR_FIFO/SUBCORE_FIFO.xsdbm_v3_0_0_wrfifo_inst/inst_fifo_gen/gconvfifo.rf/grf.rf/rstblk/ngwrdrst.grst.g7serrst.gwrrd_rst_sync_stage[2].rrst_inst/Q_reg_reg[0]/C
  -------------------------------------------------------------------    -------------------
    SLICE_X87Y121        FDRE (Prop_AFF2_SLICEL_C_Q)
                                                      0.117     2.473 r  dbg_hub/inst/BSCANID.u_xsdbm_id/CORE_XSDB.UUT_MASTER/U_ICON_INTERFACE/U_CMD6_WR/U_WR_FIFO/SUBCORE_FIFO.xsdbm_v3_0_0_wrfifo_inst/inst_fifo_gen/gconvfifo.rf/grf.rf/rstblk/ngwrdrst.grst.g7serrst.gwrrd_rst_sync_stage[2].rrst_inst/Q_reg_reg[0]/Q
                         net (fo=1, routed)           0.068     2.541    dbg_hub/inst/BSCANID.u_xsdbm_id/CORE_XSDB.UUT_MASTER/U_ICON_INTERFACE/U_CMD6_WR/U_WR_FIFO/SUBCORE_FIFO.xsdbm_v3_0_0_wrfifo_inst/inst_fifo_gen/gconvfifo.rf/grf.rf/rstblk/ngwrdrst.grst.g7serrst.gwrrd_rst_sync_stage[2].rrst_inst/Q_reg
    SLICE_X87Y121        LUT2 (Prop_H6LUT_SLICEL_I1_O)
                                                      0.116     2.657 f  dbg_hub/inst/BSCANID.u_xsdbm_id/CORE_XSDB.UUT_MASTER/U_ICON_INTERFACE/U_CMD6_WR/U_WR_FIFO/SUBCORE_FIFO.xsdbm_v3_0_0_wrfifo_inst/inst_fifo_gen/gconvfifo.rf/grf.rf/rstblk/ngwrdrst.grst.g7serrst.gwrrd_rst_sync_stage[2].rrst_inst/ngwrdrst.grst.g7serrst.rd_rst_reg[2]_i_1/O
                         net (fo=3, routed)           0.618     3.275    dbg_hub/inst/BSCANID.u_xsdbm_id/CORE_XSDB.UUT_MASTER/U_ICON_INTERFACE/U_CMD6_WR/U_WR_FIFO/SUBCORE_FIFO.xsdbm_v3_0_0_wrfifo_inst/inst_fifo_gen/gconvfifo.rf/grf.rf/rstblk/rd_rst_comb
    SLICE_X88Y125        FDPE                                         f  dbg_hub/inst/BSCANID.u_xsdbm_id/CORE_XSDB.UUT_MASTER/U_ICON_INTERFACE/U_CMD6_WR/U_WR_FIFO/SUBCORE_FIFO.xsdbm_v3_0_0_wrfifo_inst/inst_fifo_gen/gconvfifo.rf/grf.rf/rstblk/ngwrdrst.grst.g7serrst.rd_rst_reg_reg[2]/PRE
  -------------------------------------------------------------------    -------------------

                         (clock gtwiz_userclk_rx_usrclk2_int rise edge)
                                                      6.400     6.400 r  
    GTHE3_CHANNEL_X0Y12  GTHE3_CHANNEL                0.000     6.400 r  example_wrapper_inst/eth_xcvr_gth_full_inst/inst/gen_gtwizard_gthe3_top.eth_xcvr_gth_full_gtwizard_gthe3_inst/gen_gtwizard_gthe3.gen_channel_container[0].gen_enabled_channel.gthe3_channel_wrapper_inst/channel_inst/gthe3_channel_gen.gen_gthe3_channel_inst[0].GTHE3_CHANNEL_PRIM_INST/RXOUTCLK
                         net (fo=3, routed)           0.046     6.446    example_wrapper_inst/eth_xcvr_gth_full_inst/inst/gen_gtwizard_gthe3_top.eth_xcvr_gth_full_gtwizard_gthe3_inst/gen_gtwizard_gthe3.gen_rx_user_clocking_internal.gen_single_instance.gtwiz_userclk_rx_inst/rxoutclk_out[0]
    BUFG_GT_X0Y86        BUFG_GT (Prop_BUFG_GT_I_O)
                                                      0.283     6.729 r  example_wrapper_inst/eth_xcvr_gth_full_inst/inst/gen_gtwizard_gthe3_top.eth_xcvr_gth_full_gtwizard_gthe3_inst/gen_gtwizard_gthe3.gen_rx_user_clocking_internal.gen_single_instance.gtwiz_userclk_rx_inst/gen_gtwiz_userclk_rx_main.bufg_gt_usrclk2_inst/O
    X3Y3 (CLOCK_ROOT)    net (fo=3729, routed)        1.703     8.432    dbg_hub/inst/BSCANID.u_xsdbm_id/CORE_XSDB.UUT_MASTER/U_ICON_INTERFACE/U_CMD6_WR/U_WR_FIFO/SUBCORE_FIFO.xsdbm_v3_0_0_wrfifo_inst/inst_fifo_gen/gconvfifo.rf/grf.rf/rstblk/rd_clk
    SLICE_X88Y125        FDPE                                         r  dbg_hub/inst/BSCANID.u_xsdbm_id/CORE_XSDB.UUT_MASTER/U_ICON_INTERFACE/U_CMD6_WR/U_WR_FIFO/SUBCORE_FIFO.xsdbm_v3_0_0_wrfifo_inst/inst_fifo_gen/gconvfifo.rf/grf.rf/rstblk/ngwrdrst.grst.g7serrst.rd_rst_reg_reg[2]/C
                         clock pessimism              0.175     8.607    
                         clock uncertainty           -0.035     8.572    
    SLICE_X88Y125        FDPE (Recov_FFF_SLICEL_C_PRE)
                                                     -0.082     8.490    dbg_hub/inst/BSCANID.u_xsdbm_id/CORE_XSDB.UUT_MASTER/U_ICON_INTERFACE/U_CMD6_WR/U_WR_FIFO/SUBCORE_FIFO.xsdbm_v3_0_0_wrfifo_inst/inst_fifo_gen/gconvfifo.rf/grf.rf/rstblk/ngwrdrst.grst.g7serrst.rd_rst_reg_reg[2]
  -------------------------------------------------------------------
                         required time                          8.490    
                         arrival time                          -3.275    
  -------------------------------------------------------------------
                         slack                                  5.215    

Slack (MET) :             5.217ns  (required time - arrival time)
  Source:                 example_wrapper_inst/gtwiz_reset_inst/reset_synchronizer_rx_done_inst/rst_in_out_reg/C
                            (rising edge-triggered cell FDCE clocked by gtwiz_userclk_rx_usrclk2_int  {rise@0.000ns fall@3.200ns period=6.400ns})
  Destination:            rx_reset_sync_inst/sync_reg_reg[0]/PRE
                            (recovery check against rising-edge clock gtwiz_userclk_rx_usrclk2_int  {rise@0.000ns fall@3.200ns period=6.400ns})
  Path Group:             **async_default**
  Path Type:              Recovery (Max at Slow Process Corner)
  Requirement:            6.400ns  (gtwiz_userclk_rx_usrclk2_int rise@6.400ns - gtwiz_userclk_rx_usrclk2_int rise@0.000ns)
  Data Path Delay:        1.020ns  (logic 0.114ns (11.176%)  route 0.906ns (88.824%))
  Logic Levels:           0  
  Clock Path Skew:        -0.046ns (DCD - SCD + CPR)
    Destination Clock Delay (DCD):    2.037ns = ( 8.437 - 6.400 ) 
    Source Clock Delay      (SCD):    2.321ns
    Clock Pessimism Removal (CPR):    0.238ns
  Clock Uncertainty:      0.035ns  ((TSJ^2 + TIJ^2)^1/2 + DJ) / 2 + PE
    Total System Jitter     (TSJ):    0.071ns
    Total Input Jitter      (TIJ):    0.000ns
    Discrete Jitter          (DJ):    0.000ns
    Phase Error              (PE):    0.000ns
  Clock Net Delay (Source):      1.924ns (routing 0.316ns, distribution 1.608ns)
  Clock Net Delay (Destination): 1.708ns (routing 0.283ns, distribution 1.425ns)

    Location             Delay type                Incr(ns)  Path(ns)    Netlist Resource(s)
  -------------------------------------------------------------------    -------------------
                         (clock gtwiz_userclk_rx_usrclk2_int rise edge)
                                                      0.000     0.000 r  
    GTHE3_CHANNEL_X0Y12  GTHE3_CHANNEL                0.000     0.000 r  example_wrapper_inst/eth_xcvr_gth_full_inst/inst/gen_gtwizard_gthe3_top.eth_xcvr_gth_full_gtwizard_gthe3_inst/gen_gtwizard_gthe3.gen_channel_container[0].gen_enabled_channel.gthe3_channel_wrapper_inst/channel_inst/gthe3_channel_gen.gen_gthe3_channel_inst[0].GTHE3_CHANNEL_PRIM_INST/RXOUTCLK
                         net (fo=3, routed)           0.082     0.082    example_wrapper_inst/eth_xcvr_gth_full_inst/inst/gen_gtwizard_gthe3_top.eth_xcvr_gth_full_gtwizard_gthe3_inst/gen_gtwizard_gthe3.gen_rx_user_clocking_internal.gen_single_instance.gtwiz_userclk_rx_inst/rxoutclk_out[0]
    BUFG_GT_X0Y86        BUFG_GT (Prop_BUFG_GT_I_O)
                                                      0.315     0.397 r  example_wrapper_inst/eth_xcvr_gth_full_inst/inst/gen_gtwizard_gthe3_top.eth_xcvr_gth_full_gtwizard_gthe3_inst/gen_gtwizard_gthe3.gen_rx_user_clocking_internal.gen_single_instance.gtwiz_userclk_rx_inst/gen_gtwiz_userclk_rx_main.bufg_gt_usrclk2_inst/O
    X3Y3 (CLOCK_ROOT)    net (fo=3729, routed)        1.924     2.321    example_wrapper_inst/gtwiz_reset_inst/reset_synchronizer_rx_done_inst/gtwiz_userclk_rx_usrclk2_out[0]
    SLICE_X94Y156        FDCE                                         r  example_wrapper_inst/gtwiz_reset_inst/reset_synchronizer_rx_done_inst/rst_in_out_reg/C
  -------------------------------------------------------------------    -------------------
    SLICE_X94Y156        FDCE (Prop_EFF_SLICEM_C_Q)
                                                      0.114     2.435 r  example_wrapper_inst/gtwiz_reset_inst/reset_synchronizer_rx_done_inst/rst_in_out_reg/Q
                         net (fo=6, routed)           0.906     3.341    rx_reset_sync_inst/gtwiz_reset_rx_done_out[0]
    SLICE_X94Y171        FDPE                                         f  rx_reset_sync_inst/sync_reg_reg[0]/PRE  (IS_INVERTED)
  -------------------------------------------------------------------    -------------------

                         (clock gtwiz_userclk_rx_usrclk2_int rise edge)
                                                      6.400     6.400 r  
    GTHE3_CHANNEL_X0Y12  GTHE3_CHANNEL                0.000     6.400 r  example_wrapper_inst/eth_xcvr_gth_full_inst/inst/gen_gtwizard_gthe3_top.eth_xcvr_gth_full_gtwizard_gthe3_inst/gen_gtwizard_gthe3.gen_channel_container[0].gen_enabled_channel.gthe3_channel_wrapper_inst/channel_inst/gthe3_channel_gen.gen_gthe3_channel_inst[0].GTHE3_CHANNEL_PRIM_INST/RXOUTCLK
                         net (fo=3, routed)           0.046     6.446    example_wrapper_inst/eth_xcvr_gth_full_inst/inst/gen_gtwizard_gthe3_top.eth_xcvr_gth_full_gtwizard_gthe3_inst/gen_gtwizard_gthe3.gen_rx_user_clocking_internal.gen_single_instance.gtwiz_userclk_rx_inst/rxoutclk_out[0]
    BUFG_GT_X0Y86        BUFG_GT (Prop_BUFG_GT_I_O)
                                                      0.283     6.729 r  example_wrapper_inst/eth_xcvr_gth_full_inst/inst/gen_gtwizard_gthe3_top.eth_xcvr_gth_full_gtwizard_gthe3_inst/gen_gtwizard_gthe3.gen_rx_user_clocking_internal.gen_single_instance.gtwiz_userclk_rx_inst/gen_gtwiz_userclk_rx_main.bufg_gt_usrclk2_inst/O
    X3Y3 (CLOCK_ROOT)    net (fo=3729, routed)        1.708     8.437    rx_reset_sync_inst/gtwiz_userclk_rx_usrclk2_out[0]
    SLICE_X94Y171        FDPE                                         r  rx_reset_sync_inst/sync_reg_reg[0]/C
                         clock pessimism              0.238     8.675    
                         clock uncertainty           -0.035     8.640    
    SLICE_X94Y171        FDPE (Recov_AFF_SLICEM_C_PRE)
                                                     -0.082     8.558    rx_reset_sync_inst/sync_reg_reg[0]
  -------------------------------------------------------------------
                         required time                          8.558    
                         arrival time                          -3.341    
  -------------------------------------------------------------------
                         slack                                  5.217    

Slack (MET) :             5.217ns  (required time - arrival time)
  Source:                 example_wrapper_inst/gtwiz_reset_inst/reset_synchronizer_rx_done_inst/rst_in_out_reg/C
                            (rising edge-triggered cell FDCE clocked by gtwiz_userclk_rx_usrclk2_int  {rise@0.000ns fall@3.200ns period=6.400ns})
  Destination:            rx_reset_sync_inst/sync_reg_reg[1]/PRE
                            (recovery check against rising-edge clock gtwiz_userclk_rx_usrclk2_int  {rise@0.000ns fall@3.200ns period=6.400ns})
  Path Group:             **async_default**
  Path Type:              Recovery (Max at Slow Process Corner)
  Requirement:            6.400ns  (gtwiz_userclk_rx_usrclk2_int rise@6.400ns - gtwiz_userclk_rx_usrclk2_int rise@0.000ns)
  Data Path Delay:        1.020ns  (logic 0.114ns (11.176%)  route 0.906ns (88.824%))
  Logic Levels:           0  
  Clock Path Skew:        -0.046ns (DCD - SCD + CPR)
    Destination Clock Delay (DCD):    2.037ns = ( 8.437 - 6.400 ) 
    Source Clock Delay      (SCD):    2.321ns
    Clock Pessimism Removal (CPR):    0.238ns
  Clock Uncertainty:      0.035ns  ((TSJ^2 + TIJ^2)^1/2 + DJ) / 2 + PE
    Total System Jitter     (TSJ):    0.071ns
    Total Input Jitter      (TIJ):    0.000ns
    Discrete Jitter          (DJ):    0.000ns
    Phase Error              (PE):    0.000ns
  Clock Net Delay (Source):      1.924ns (routing 0.316ns, distribution 1.608ns)
  Clock Net Delay (Destination): 1.708ns (routing 0.283ns, distribution 1.425ns)

    Location             Delay type                Incr(ns)  Path(ns)    Netlist Resource(s)
  -------------------------------------------------------------------    -------------------
                         (clock gtwiz_userclk_rx_usrclk2_int rise edge)
                                                      0.000     0.000 r  
    GTHE3_CHANNEL_X0Y12  GTHE3_CHANNEL                0.000     0.000 r  example_wrapper_inst/eth_xcvr_gth_full_inst/inst/gen_gtwizard_gthe3_top.eth_xcvr_gth_full_gtwizard_gthe3_inst/gen_gtwizard_gthe3.gen_channel_container[0].gen_enabled_channel.gthe3_channel_wrapper_inst/channel_inst/gthe3_channel_gen.gen_gthe3_channel_inst[0].GTHE3_CHANNEL_PRIM_INST/RXOUTCLK
                         net (fo=3, routed)           0.082     0.082    example_wrapper_inst/eth_xcvr_gth_full_inst/inst/gen_gtwizard_gthe3_top.eth_xcvr_gth_full_gtwizard_gthe3_inst/gen_gtwizard_gthe3.gen_rx_user_clocking_internal.gen_single_instance.gtwiz_userclk_rx_inst/rxoutclk_out[0]
    BUFG_GT_X0Y86        BUFG_GT (Prop_BUFG_GT_I_O)
                                                      0.315     0.397 r  example_wrapper_inst/eth_xcvr_gth_full_inst/inst/gen_gtwizard_gthe3_top.eth_xcvr_gth_full_gtwizard_gthe3_inst/gen_gtwizard_gthe3.gen_rx_user_clocking_internal.gen_single_instance.gtwiz_userclk_rx_inst/gen_gtwiz_userclk_rx_main.bufg_gt_usrclk2_inst/O
    X3Y3 (CLOCK_ROOT)    net (fo=3729, routed)        1.924     2.321    example_wrapper_inst/gtwiz_reset_inst/reset_synchronizer_rx_done_inst/gtwiz_userclk_rx_usrclk2_out[0]
    SLICE_X94Y156        FDCE                                         r  example_wrapper_inst/gtwiz_reset_inst/reset_synchronizer_rx_done_inst/rst_in_out_reg/C
  -------------------------------------------------------------------    -------------------
    SLICE_X94Y156        FDCE (Prop_EFF_SLICEM_C_Q)
                                                      0.114     2.435 r  example_wrapper_inst/gtwiz_reset_inst/reset_synchronizer_rx_done_inst/rst_in_out_reg/Q
                         net (fo=6, routed)           0.906     3.341    rx_reset_sync_inst/gtwiz_reset_rx_done_out[0]
    SLICE_X94Y171        FDPE                                         f  rx_reset_sync_inst/sync_reg_reg[1]/PRE  (IS_INVERTED)
  -------------------------------------------------------------------    -------------------

                         (clock gtwiz_userclk_rx_usrclk2_int rise edge)
                                                      6.400     6.400 r  
    GTHE3_CHANNEL_X0Y12  GTHE3_CHANNEL                0.000     6.400 r  example_wrapper_inst/eth_xcvr_gth_full_inst/inst/gen_gtwizard_gthe3_top.eth_xcvr_gth_full_gtwizard_gthe3_inst/gen_gtwizard_gthe3.gen_channel_container[0].gen_enabled_channel.gthe3_channel_wrapper_inst/channel_inst/gthe3_channel_gen.gen_gthe3_channel_inst[0].GTHE3_CHANNEL_PRIM_INST/RXOUTCLK
                         net (fo=3, routed)           0.046     6.446    example_wrapper_inst/eth_xcvr_gth_full_inst/inst/gen_gtwizard_gthe3_top.eth_xcvr_gth_full_gtwizard_gthe3_inst/gen_gtwizard_gthe3.gen_rx_user_clocking_internal.gen_single_instance.gtwiz_userclk_rx_inst/rxoutclk_out[0]
    BUFG_GT_X0Y86        BUFG_GT (Prop_BUFG_GT_I_O)
                                                      0.283     6.729 r  example_wrapper_inst/eth_xcvr_gth_full_inst/inst/gen_gtwizard_gthe3_top.eth_xcvr_gth_full_gtwizard_gthe3_inst/gen_gtwizard_gthe3.gen_rx_user_clocking_internal.gen_single_instance.gtwiz_userclk_rx_inst/gen_gtwiz_userclk_rx_main.bufg_gt_usrclk2_inst/O
    X3Y3 (CLOCK_ROOT)    net (fo=3729, routed)        1.708     8.437    rx_reset_sync_inst/gtwiz_userclk_rx_usrclk2_out[0]
    SLICE_X94Y171        FDPE                                         r  rx_reset_sync_inst/sync_reg_reg[1]/C
                         clock pessimism              0.238     8.675    
                         clock uncertainty           -0.035     8.640    
    SLICE_X94Y171        FDPE (Recov_AFF2_SLICEM_C_PRE)
                                                     -0.082     8.558    rx_reset_sync_inst/sync_reg_reg[1]
  -------------------------------------------------------------------
                         required time                          8.558    
                         arrival time                          -3.341    
  -------------------------------------------------------------------
                         slack                                  5.217    

Slack (MET) :             5.217ns  (required time - arrival time)
  Source:                 example_wrapper_inst/gtwiz_reset_inst/reset_synchronizer_rx_done_inst/rst_in_out_reg/C
                            (rising edge-triggered cell FDCE clocked by gtwiz_userclk_rx_usrclk2_int  {rise@0.000ns fall@3.200ns period=6.400ns})
  Destination:            rx_reset_sync_inst/sync_reg_reg[2]/PRE
                            (recovery check against rising-edge clock gtwiz_userclk_rx_usrclk2_int  {rise@0.000ns fall@3.200ns period=6.400ns})
  Path Group:             **async_default**
  Path Type:              Recovery (Max at Slow Process Corner)
  Requirement:            6.400ns  (gtwiz_userclk_rx_usrclk2_int rise@6.400ns - gtwiz_userclk_rx_usrclk2_int rise@0.000ns)
  Data Path Delay:        1.020ns  (logic 0.114ns (11.176%)  route 0.906ns (88.824%))
  Logic Levels:           0  
  Clock Path Skew:        -0.046ns (DCD - SCD + CPR)
    Destination Clock Delay (DCD):    2.037ns = ( 8.437 - 6.400 ) 
    Source Clock Delay      (SCD):    2.321ns
    Clock Pessimism Removal (CPR):    0.238ns
  Clock Uncertainty:      0.035ns  ((TSJ^2 + TIJ^2)^1/2 + DJ) / 2 + PE
    Total System Jitter     (TSJ):    0.071ns
    Total Input Jitter      (TIJ):    0.000ns
    Discrete Jitter          (DJ):    0.000ns
    Phase Error              (PE):    0.000ns
  Clock Net Delay (Source):      1.924ns (routing 0.316ns, distribution 1.608ns)
  Clock Net Delay (Destination): 1.708ns (routing 0.283ns, distribution 1.425ns)

    Location             Delay type                Incr(ns)  Path(ns)    Netlist Resource(s)
  -------------------------------------------------------------------    -------------------
                         (clock gtwiz_userclk_rx_usrclk2_int rise edge)
                                                      0.000     0.000 r  
    GTHE3_CHANNEL_X0Y12  GTHE3_CHANNEL                0.000     0.000 r  example_wrapper_inst/eth_xcvr_gth_full_inst/inst/gen_gtwizard_gthe3_top.eth_xcvr_gth_full_gtwizard_gthe3_inst/gen_gtwizard_gthe3.gen_channel_container[0].gen_enabled_channel.gthe3_channel_wrapper_inst/channel_inst/gthe3_channel_gen.gen_gthe3_channel_inst[0].GTHE3_CHANNEL_PRIM_INST/RXOUTCLK
                         net (fo=3, routed)           0.082     0.082    example_wrapper_inst/eth_xcvr_gth_full_inst/inst/gen_gtwizard_gthe3_top.eth_xcvr_gth_full_gtwizard_gthe3_inst/gen_gtwizard_gthe3.gen_rx_user_clocking_internal.gen_single_instance.gtwiz_userclk_rx_inst/rxoutclk_out[0]
    BUFG_GT_X0Y86        BUFG_GT (Prop_BUFG_GT_I_O)
                                                      0.315     0.397 r  example_wrapper_inst/eth_xcvr_gth_full_inst/inst/gen_gtwizard_gthe3_top.eth_xcvr_gth_full_gtwizard_gthe3_inst/gen_gtwizard_gthe3.gen_rx_user_clocking_internal.gen_single_instance.gtwiz_userclk_rx_inst/gen_gtwiz_userclk_rx_main.bufg_gt_usrclk2_inst/O
    X3Y3 (CLOCK_ROOT)    net (fo=3729, routed)        1.924     2.321    example_wrapper_inst/gtwiz_reset_inst/reset_synchronizer_rx_done_inst/gtwiz_userclk_rx_usrclk2_out[0]
    SLICE_X94Y156        FDCE                                         r  example_wrapper_inst/gtwiz_reset_inst/reset_synchronizer_rx_done_inst/rst_in_out_reg/C
  -------------------------------------------------------------------    -------------------
    SLICE_X94Y156        FDCE (Prop_EFF_SLICEM_C_Q)
                                                      0.114     2.435 r  example_wrapper_inst/gtwiz_reset_inst/reset_synchronizer_rx_done_inst/rst_in_out_reg/Q
                         net (fo=6, routed)           0.906     3.341    rx_reset_sync_inst/gtwiz_reset_rx_done_out[0]
    SLICE_X94Y171        FDPE                                         f  rx_reset_sync_inst/sync_reg_reg[2]/PRE  (IS_INVERTED)
  -------------------------------------------------------------------    -------------------

                         (clock gtwiz_userclk_rx_usrclk2_int rise edge)
                                                      6.400     6.400 r  
    GTHE3_CHANNEL_X0Y12  GTHE3_CHANNEL                0.000     6.400 r  example_wrapper_inst/eth_xcvr_gth_full_inst/inst/gen_gtwizard_gthe3_top.eth_xcvr_gth_full_gtwizard_gthe3_inst/gen_gtwizard_gthe3.gen_channel_container[0].gen_enabled_channel.gthe3_channel_wrapper_inst/channel_inst/gthe3_channel_gen.gen_gthe3_channel_inst[0].GTHE3_CHANNEL_PRIM_INST/RXOUTCLK
                         net (fo=3, routed)           0.046     6.446    example_wrapper_inst/eth_xcvr_gth_full_inst/inst/gen_gtwizard_gthe3_top.eth_xcvr_gth_full_gtwizard_gthe3_inst/gen_gtwizard_gthe3.gen_rx_user_clocking_internal.gen_single_instance.gtwiz_userclk_rx_inst/rxoutclk_out[0]
    BUFG_GT_X0Y86        BUFG_GT (Prop_BUFG_GT_I_O)
                                                      0.283     6.729 r  example_wrapper_inst/eth_xcvr_gth_full_inst/inst/gen_gtwizard_gthe3_top.eth_xcvr_gth_full_gtwizard_gthe3_inst/gen_gtwizard_gthe3.gen_rx_user_clocking_internal.gen_single_instance.gtwiz_userclk_rx_inst/gen_gtwiz_userclk_rx_main.bufg_gt_usrclk2_inst/O
    X3Y3 (CLOCK_ROOT)    net (fo=3729, routed)        1.708     8.437    rx_reset_sync_inst/gtwiz_userclk_rx_usrclk2_out[0]
    SLICE_X94Y171        FDPE                                         r  rx_reset_sync_inst/sync_reg_reg[2]/C
                         clock pessimism              0.238     8.675    
                         clock uncertainty           -0.035     8.640    
    SLICE_X94Y171        FDPE (Recov_BFF_SLICEM_C_PRE)
                                                     -0.082     8.558    rx_reset_sync_inst/sync_reg_reg[2]
  -------------------------------------------------------------------
                         required time                          8.558    
                         arrival time                          -3.341    
  -------------------------------------------------------------------
                         slack                                  5.217    

Slack (MET) :             5.217ns  (required time - arrival time)
  Source:                 example_wrapper_inst/gtwiz_reset_inst/reset_synchronizer_rx_done_inst/rst_in_out_reg/C
                            (rising edge-triggered cell FDCE clocked by gtwiz_userclk_rx_usrclk2_int  {rise@0.000ns fall@3.200ns period=6.400ns})
  Destination:            rx_reset_sync_inst/sync_reg_reg[3]/PRE
                            (recovery check against rising-edge clock gtwiz_userclk_rx_usrclk2_int  {rise@0.000ns fall@3.200ns period=6.400ns})
  Path Group:             **async_default**
  Path Type:              Recovery (Max at Slow Process Corner)
  Requirement:            6.400ns  (gtwiz_userclk_rx_usrclk2_int rise@6.400ns - gtwiz_userclk_rx_usrclk2_int rise@0.000ns)
  Data Path Delay:        1.020ns  (logic 0.114ns (11.176%)  route 0.906ns (88.824%))
  Logic Levels:           0  
  Clock Path Skew:        -0.046ns (DCD - SCD + CPR)
    Destination Clock Delay (DCD):    2.037ns = ( 8.437 - 6.400 ) 
    Source Clock Delay      (SCD):    2.321ns
    Clock Pessimism Removal (CPR):    0.238ns
  Clock Uncertainty:      0.035ns  ((TSJ^2 + TIJ^2)^1/2 + DJ) / 2 + PE
    Total System Jitter     (TSJ):    0.071ns
    Total Input Jitter      (TIJ):    0.000ns
    Discrete Jitter          (DJ):    0.000ns
    Phase Error              (PE):    0.000ns
  Clock Net Delay (Source):      1.924ns (routing 0.316ns, distribution 1.608ns)
  Clock Net Delay (Destination): 1.708ns (routing 0.283ns, distribution 1.425ns)

    Location             Delay type                Incr(ns)  Path(ns)    Netlist Resource(s)
  -------------------------------------------------------------------    -------------------
                         (clock gtwiz_userclk_rx_usrclk2_int rise edge)
                                                      0.000     0.000 r  
    GTHE3_CHANNEL_X0Y12  GTHE3_CHANNEL                0.000     0.000 r  example_wrapper_inst/eth_xcvr_gth_full_inst/inst/gen_gtwizard_gthe3_top.eth_xcvr_gth_full_gtwizard_gthe3_inst/gen_gtwizard_gthe3.gen_channel_container[0].gen_enabled_channel.gthe3_channel_wrapper_inst/channel_inst/gthe3_channel_gen.gen_gthe3_channel_inst[0].GTHE3_CHANNEL_PRIM_INST/RXOUTCLK
                         net (fo=3, routed)           0.082     0.082    example_wrapper_inst/eth_xcvr_gth_full_inst/inst/gen_gtwizard_gthe3_top.eth_xcvr_gth_full_gtwizard_gthe3_inst/gen_gtwizard_gthe3.gen_rx_user_clocking_internal.gen_single_instance.gtwiz_userclk_rx_inst/rxoutclk_out[0]
    BUFG_GT_X0Y86        BUFG_GT (Prop_BUFG_GT_I_O)
                                                      0.315     0.397 r  example_wrapper_inst/eth_xcvr_gth_full_inst/inst/gen_gtwizard_gthe3_top.eth_xcvr_gth_full_gtwizard_gthe3_inst/gen_gtwizard_gthe3.gen_rx_user_clocking_internal.gen_single_instance.gtwiz_userclk_rx_inst/gen_gtwiz_userclk_rx_main.bufg_gt_usrclk2_inst/O
    X3Y3 (CLOCK_ROOT)    net (fo=3729, routed)        1.924     2.321    example_wrapper_inst/gtwiz_reset_inst/reset_synchronizer_rx_done_inst/gtwiz_userclk_rx_usrclk2_out[0]
    SLICE_X94Y156        FDCE                                         r  example_wrapper_inst/gtwiz_reset_inst/reset_synchronizer_rx_done_inst/rst_in_out_reg/C
  -------------------------------------------------------------------    -------------------
    SLICE_X94Y156        FDCE (Prop_EFF_SLICEM_C_Q)
                                                      0.114     2.435 r  example_wrapper_inst/gtwiz_reset_inst/reset_synchronizer_rx_done_inst/rst_in_out_reg/Q
                         net (fo=6, routed)           0.906     3.341    rx_reset_sync_inst/gtwiz_reset_rx_done_out[0]
    SLICE_X94Y171        FDPE                                         f  rx_reset_sync_inst/sync_reg_reg[3]/PRE  (IS_INVERTED)
  -------------------------------------------------------------------    -------------------

                         (clock gtwiz_userclk_rx_usrclk2_int rise edge)
                                                      6.400     6.400 r  
    GTHE3_CHANNEL_X0Y12  GTHE3_CHANNEL                0.000     6.400 r  example_wrapper_inst/eth_xcvr_gth_full_inst/inst/gen_gtwizard_gthe3_top.eth_xcvr_gth_full_gtwizard_gthe3_inst/gen_gtwizard_gthe3.gen_channel_container[0].gen_enabled_channel.gthe3_channel_wrapper_inst/channel_inst/gthe3_channel_gen.gen_gthe3_channel_inst[0].GTHE3_CHANNEL_PRIM_INST/RXOUTCLK
                         net (fo=3, routed)           0.046     6.446    example_wrapper_inst/eth_xcvr_gth_full_inst/inst/gen_gtwizard_gthe3_top.eth_xcvr_gth_full_gtwizard_gthe3_inst/gen_gtwizard_gthe3.gen_rx_user_clocking_internal.gen_single_instance.gtwiz_userclk_rx_inst/rxoutclk_out[0]
    BUFG_GT_X0Y86        BUFG_GT (Prop_BUFG_GT_I_O)
                                                      0.283     6.729 r  example_wrapper_inst/eth_xcvr_gth_full_inst/inst/gen_gtwizard_gthe3_top.eth_xcvr_gth_full_gtwizard_gthe3_inst/gen_gtwizard_gthe3.gen_rx_user_clocking_internal.gen_single_instance.gtwiz_userclk_rx_inst/gen_gtwiz_userclk_rx_main.bufg_gt_usrclk2_inst/O
    X3Y3 (CLOCK_ROOT)    net (fo=3729, routed)        1.708     8.437    rx_reset_sync_inst/gtwiz_userclk_rx_usrclk2_out[0]
    SLICE_X94Y171        FDPE                                         r  rx_reset_sync_inst/sync_reg_reg[3]/C
                         clock pessimism              0.238     8.675    
                         clock uncertainty           -0.035     8.640    
    SLICE_X94Y171        FDPE (Recov_BFF2_SLICEM_C_PRE)
                                                     -0.082     8.558    rx_reset_sync_inst/sync_reg_reg[3]
  -------------------------------------------------------------------
                         required time                          8.558    
                         arrival time                          -3.341    
  -------------------------------------------------------------------
                         slack                                  5.217    





Min Delay Paths
--------------------------------------------------------------------------------------
Slack (MET) :             0.122ns  (arrival time - required time)
  Source:                 dbg_hub/inst/BSCANID.u_xsdbm_id/CORE_XSDB.UUT_MASTER/U_ICON_INTERFACE/U_CMD1/ctl_reg_reg[0]/C
                            (rising edge-triggered cell FDRE clocked by gtwiz_userclk_rx_usrclk2_int  {rise@0.000ns fall@3.200ns period=6.400ns})
  Destination:            dbg_hub/inst/BSCANID.u_xsdbm_id/CORE_XSDB.UUT_MASTER/U_XSDB_BUS_CONTROLLER/current_state_reg[0]/CLR
                            (removal check against rising-edge clock gtwiz_userclk_rx_usrclk2_int  {rise@0.000ns fall@3.200ns period=6.400ns})
  Path Group:             **async_default**
  Path Type:              Removal (Min at Fast Process Corner)
  Requirement:            0.000ns  (gtwiz_userclk_rx_usrclk2_int rise@0.000ns - gtwiz_userclk_rx_usrclk2_int rise@0.000ns)
  Data Path Delay:        0.189ns  (logic 0.049ns (25.926%)  route 0.140ns (74.074%))
  Logic Levels:           0  
  Clock Path Skew:        0.062ns (DCD - SCD - CPR)
    Destination Clock Delay (DCD):    1.178ns
    Source Clock Delay      (SCD):    0.978ns
    Clock Pessimism Removal (CPR):    0.138ns
  Clock Net Delay (Source):      0.860ns (routing 0.163ns, distribution 0.697ns)
  Clock Net Delay (Destination): 1.013ns (routing 0.190ns, distribution 0.823ns)

    Location             Delay type                Incr(ns)  Path(ns)    Netlist Resource(s)
  -------------------------------------------------------------------    -------------------
                         (clock gtwiz_userclk_rx_usrclk2_int rise edge)
                                                      0.000     0.000 r  
    GTHE3_CHANNEL_X0Y12  GTHE3_CHANNEL                0.000     0.000 r  example_wrapper_inst/eth_xcvr_gth_full_inst/inst/gen_gtwizard_gthe3_top.eth_xcvr_gth_full_gtwizard_gthe3_inst/gen_gtwizard_gthe3.gen_channel_container[0].gen_enabled_channel.gthe3_channel_wrapper_inst/channel_inst/gthe3_channel_gen.gen_gthe3_channel_inst[0].GTHE3_CHANNEL_PRIM_INST/RXOUTCLK
                         net (fo=3, routed)           0.018     0.018    example_wrapper_inst/eth_xcvr_gth_full_inst/inst/gen_gtwizard_gthe3_top.eth_xcvr_gth_full_gtwizard_gthe3_inst/gen_gtwizard_gthe3.gen_rx_user_clocking_internal.gen_single_instance.gtwiz_userclk_rx_inst/rxoutclk_out[0]
    BUFG_GT_X0Y86        BUFG_GT (Prop_BUFG_GT_I_O)
                                                      0.100     0.118 r  example_wrapper_inst/eth_xcvr_gth_full_inst/inst/gen_gtwizard_gthe3_top.eth_xcvr_gth_full_gtwizard_gthe3_inst/gen_gtwizard_gthe3.gen_rx_user_clocking_internal.gen_single_instance.gtwiz_userclk_rx_inst/gen_gtwiz_userclk_rx_main.bufg_gt_usrclk2_inst/O
    X3Y3 (CLOCK_ROOT)    net (fo=3729, routed)        0.860     0.978    dbg_hub/inst/BSCANID.u_xsdbm_id/CORE_XSDB.UUT_MASTER/U_ICON_INTERFACE/U_CMD1/clk
    SLICE_X86Y124        FDRE                                         r  dbg_hub/inst/BSCANID.u_xsdbm_id/CORE_XSDB.UUT_MASTER/U_ICON_INTERFACE/U_CMD1/ctl_reg_reg[0]/C
  -------------------------------------------------------------------    -------------------
    SLICE_X86Y124        FDRE (Prop_EFF_SLICEL_C_Q)
                                                      0.049     1.027 f  dbg_hub/inst/BSCANID.u_xsdbm_id/CORE_XSDB.UUT_MASTER/U_ICON_INTERFACE/U_CMD1/ctl_reg_reg[0]/Q
                         net (fo=168, routed)         0.140     1.167    dbg_hub/inst/BSCANID.u_xsdbm_id/CORE_XSDB.UUT_MASTER/U_XSDB_BUS_CONTROLLER/out[0]
    SLICE_X87Y124        FDCE                                         f  dbg_hub/inst/BSCANID.u_xsdbm_id/CORE_XSDB.UUT_MASTER/U_XSDB_BUS_CONTROLLER/current_state_reg[0]/CLR
  -------------------------------------------------------------------    -------------------

                         (clock gtwiz_userclk_rx_usrclk2_int rise edge)
                                                      0.000     0.000 r  
    GTHE3_CHANNEL_X0Y12  GTHE3_CHANNEL                0.000     0.000 r  example_wrapper_inst/eth_xcvr_gth_full_inst/inst/gen_gtwizard_gthe3_top.eth_xcvr_gth_full_gtwizard_gthe3_inst/gen_gtwizard_gthe3.gen_channel_container[0].gen_enabled_channel.gthe3_channel_wrapper_inst/channel_inst/gthe3_channel_gen.gen_gthe3_channel_inst[0].GTHE3_CHANNEL_PRIM_INST/RXOUTCLK
                         net (fo=3, routed)           0.035     0.035    example_wrapper_inst/eth_xcvr_gth_full_inst/inst/gen_gtwizard_gthe3_top.eth_xcvr_gth_full_gtwizard_gthe3_inst/gen_gtwizard_gthe3.gen_rx_user_clocking_internal.gen_single_instance.gtwiz_userclk_rx_inst/rxoutclk_out[0]
    BUFG_GT_X0Y86        BUFG_GT (Prop_BUFG_GT_I_O)
                                                      0.130     0.165 r  example_wrapper_inst/eth_xcvr_gth_full_inst/inst/gen_gtwizard_gthe3_top.eth_xcvr_gth_full_gtwizard_gthe3_inst/gen_gtwizard_gthe3.gen_rx_user_clocking_internal.gen_single_instance.gtwiz_userclk_rx_inst/gen_gtwiz_userclk_rx_main.bufg_gt_usrclk2_inst/O
    X3Y3 (CLOCK_ROOT)    net (fo=3729, routed)        1.013     1.178    dbg_hub/inst/BSCANID.u_xsdbm_id/CORE_XSDB.UUT_MASTER/U_XSDB_BUS_CONTROLLER/clk
    SLICE_X87Y124        FDCE                                         r  dbg_hub/inst/BSCANID.u_xsdbm_id/CORE_XSDB.UUT_MASTER/U_XSDB_BUS_CONTROLLER/current_state_reg[0]/C
                         clock pessimism             -0.138     1.040    
    SLICE_X87Y124        FDCE (Remov_EFF_SLICEL_C_CLR)
                                                      0.005     1.045    dbg_hub/inst/BSCANID.u_xsdbm_id/CORE_XSDB.UUT_MASTER/U_XSDB_BUS_CONTROLLER/current_state_reg[0]
  -------------------------------------------------------------------
                         required time                         -1.045    
                         arrival time                           1.167    
  -------------------------------------------------------------------
                         slack                                  0.122    

Slack (MET) :             0.122ns  (arrival time - required time)
  Source:                 dbg_hub/inst/BSCANID.u_xsdbm_id/CORE_XSDB.UUT_MASTER/U_ICON_INTERFACE/U_CMD1/ctl_reg_reg[0]/C
                            (rising edge-triggered cell FDRE clocked by gtwiz_userclk_rx_usrclk2_int  {rise@0.000ns fall@3.200ns period=6.400ns})
  Destination:            dbg_hub/inst/BSCANID.u_xsdbm_id/CORE_XSDB.UUT_MASTER/U_XSDB_BUS_CONTROLLER/current_state_reg[1]/CLR
                            (removal check against rising-edge clock gtwiz_userclk_rx_usrclk2_int  {rise@0.000ns fall@3.200ns period=6.400ns})
  Path Group:             **async_default**
  Path Type:              Removal (Min at Fast Process Corner)
  Requirement:            0.000ns  (gtwiz_userclk_rx_usrclk2_int rise@0.000ns - gtwiz_userclk_rx_usrclk2_int rise@0.000ns)
  Data Path Delay:        0.189ns  (logic 0.049ns (25.926%)  route 0.140ns (74.074%))
  Logic Levels:           0  
  Clock Path Skew:        0.062ns (DCD - SCD - CPR)
    Destination Clock Delay (DCD):    1.178ns
    Source Clock Delay      (SCD):    0.978ns
    Clock Pessimism Removal (CPR):    0.138ns
  Clock Net Delay (Source):      0.860ns (routing 0.163ns, distribution 0.697ns)
  Clock Net Delay (Destination): 1.013ns (routing 0.190ns, distribution 0.823ns)

    Location             Delay type                Incr(ns)  Path(ns)    Netlist Resource(s)
  -------------------------------------------------------------------    -------------------
                         (clock gtwiz_userclk_rx_usrclk2_int rise edge)
                                                      0.000     0.000 r  
    GTHE3_CHANNEL_X0Y12  GTHE3_CHANNEL                0.000     0.000 r  example_wrapper_inst/eth_xcvr_gth_full_inst/inst/gen_gtwizard_gthe3_top.eth_xcvr_gth_full_gtwizard_gthe3_inst/gen_gtwizard_gthe3.gen_channel_container[0].gen_enabled_channel.gthe3_channel_wrapper_inst/channel_inst/gthe3_channel_gen.gen_gthe3_channel_inst[0].GTHE3_CHANNEL_PRIM_INST/RXOUTCLK
                         net (fo=3, routed)           0.018     0.018    example_wrapper_inst/eth_xcvr_gth_full_inst/inst/gen_gtwizard_gthe3_top.eth_xcvr_gth_full_gtwizard_gthe3_inst/gen_gtwizard_gthe3.gen_rx_user_clocking_internal.gen_single_instance.gtwiz_userclk_rx_inst/rxoutclk_out[0]
    BUFG_GT_X0Y86        BUFG_GT (Prop_BUFG_GT_I_O)
                                                      0.100     0.118 r  example_wrapper_inst/eth_xcvr_gth_full_inst/inst/gen_gtwizard_gthe3_top.eth_xcvr_gth_full_gtwizard_gthe3_inst/gen_gtwizard_gthe3.gen_rx_user_clocking_internal.gen_single_instance.gtwiz_userclk_rx_inst/gen_gtwiz_userclk_rx_main.bufg_gt_usrclk2_inst/O
    X3Y3 (CLOCK_ROOT)    net (fo=3729, routed)        0.860     0.978    dbg_hub/inst/BSCANID.u_xsdbm_id/CORE_XSDB.UUT_MASTER/U_ICON_INTERFACE/U_CMD1/clk
    SLICE_X86Y124        FDRE                                         r  dbg_hub/inst/BSCANID.u_xsdbm_id/CORE_XSDB.UUT_MASTER/U_ICON_INTERFACE/U_CMD1/ctl_reg_reg[0]/C
  -------------------------------------------------------------------    -------------------
    SLICE_X86Y124        FDRE (Prop_EFF_SLICEL_C_Q)
                                                      0.049     1.027 f  dbg_hub/inst/BSCANID.u_xsdbm_id/CORE_XSDB.UUT_MASTER/U_ICON_INTERFACE/U_CMD1/ctl_reg_reg[0]/Q
                         net (fo=168, routed)         0.140     1.167    dbg_hub/inst/BSCANID.u_xsdbm_id/CORE_XSDB.UUT_MASTER/U_XSDB_BUS_CONTROLLER/out[0]
    SLICE_X87Y124        FDCE                                         f  dbg_hub/inst/BSCANID.u_xsdbm_id/CORE_XSDB.UUT_MASTER/U_XSDB_BUS_CONTROLLER/current_state_reg[1]/CLR
  -------------------------------------------------------------------    -------------------

                         (clock gtwiz_userclk_rx_usrclk2_int rise edge)
                                                      0.000     0.000 r  
    GTHE3_CHANNEL_X0Y12  GTHE3_CHANNEL                0.000     0.000 r  example_wrapper_inst/eth_xcvr_gth_full_inst/inst/gen_gtwizard_gthe3_top.eth_xcvr_gth_full_gtwizard_gthe3_inst/gen_gtwizard_gthe3.gen_channel_container[0].gen_enabled_channel.gthe3_channel_wrapper_inst/channel_inst/gthe3_channel_gen.gen_gthe3_channel_inst[0].GTHE3_CHANNEL_PRIM_INST/RXOUTCLK
                         net (fo=3, routed)           0.035     0.035    example_wrapper_inst/eth_xcvr_gth_full_inst/inst/gen_gtwizard_gthe3_top.eth_xcvr_gth_full_gtwizard_gthe3_inst/gen_gtwizard_gthe3.gen_rx_user_clocking_internal.gen_single_instance.gtwiz_userclk_rx_inst/rxoutclk_out[0]
    BUFG_GT_X0Y86        BUFG_GT (Prop_BUFG_GT_I_O)
                                                      0.130     0.165 r  example_wrapper_inst/eth_xcvr_gth_full_inst/inst/gen_gtwizard_gthe3_top.eth_xcvr_gth_full_gtwizard_gthe3_inst/gen_gtwizard_gthe3.gen_rx_user_clocking_internal.gen_single_instance.gtwiz_userclk_rx_inst/gen_gtwiz_userclk_rx_main.bufg_gt_usrclk2_inst/O
    X3Y3 (CLOCK_ROOT)    net (fo=3729, routed)        1.013     1.178    dbg_hub/inst/BSCANID.u_xsdbm_id/CORE_XSDB.UUT_MASTER/U_XSDB_BUS_CONTROLLER/clk
    SLICE_X87Y124        FDCE                                         r  dbg_hub/inst/BSCANID.u_xsdbm_id/CORE_XSDB.UUT_MASTER/U_XSDB_BUS_CONTROLLER/current_state_reg[1]/C
                         clock pessimism             -0.138     1.040    
    SLICE_X87Y124        FDCE (Remov_EFF2_SLICEL_C_CLR)
                                                      0.005     1.045    dbg_hub/inst/BSCANID.u_xsdbm_id/CORE_XSDB.UUT_MASTER/U_XSDB_BUS_CONTROLLER/current_state_reg[1]
  -------------------------------------------------------------------
                         required time                         -1.045    
                         arrival time                           1.167    
  -------------------------------------------------------------------
                         slack                                  0.122    

Slack (MET) :             0.122ns  (arrival time - required time)
  Source:                 dbg_hub/inst/BSCANID.u_xsdbm_id/CORE_XSDB.UUT_MASTER/U_ICON_INTERFACE/U_CMD1/ctl_reg_reg[0]/C
                            (rising edge-triggered cell FDRE clocked by gtwiz_userclk_rx_usrclk2_int  {rise@0.000ns fall@3.200ns period=6.400ns})
  Destination:            dbg_hub/inst/BSCANID.u_xsdbm_id/CORE_XSDB.UUT_MASTER/U_XSDB_BUS_CONTROLLER/current_state_reg[2]/CLR
                            (removal check against rising-edge clock gtwiz_userclk_rx_usrclk2_int  {rise@0.000ns fall@3.200ns period=6.400ns})
  Path Group:             **async_default**
  Path Type:              Removal (Min at Fast Process Corner)
  Requirement:            0.000ns  (gtwiz_userclk_rx_usrclk2_int rise@0.000ns - gtwiz_userclk_rx_usrclk2_int rise@0.000ns)
  Data Path Delay:        0.189ns  (logic 0.049ns (25.926%)  route 0.140ns (74.074%))
  Logic Levels:           0  
  Clock Path Skew:        0.062ns (DCD - SCD - CPR)
    Destination Clock Delay (DCD):    1.178ns
    Source Clock Delay      (SCD):    0.978ns
    Clock Pessimism Removal (CPR):    0.138ns
  Clock Net Delay (Source):      0.860ns (routing 0.163ns, distribution 0.697ns)
  Clock Net Delay (Destination): 1.013ns (routing 0.190ns, distribution 0.823ns)

    Location             Delay type                Incr(ns)  Path(ns)    Netlist Resource(s)
  -------------------------------------------------------------------    -------------------
                         (clock gtwiz_userclk_rx_usrclk2_int rise edge)
                                                      0.000     0.000 r  
    GTHE3_CHANNEL_X0Y12  GTHE3_CHANNEL                0.000     0.000 r  example_wrapper_inst/eth_xcvr_gth_full_inst/inst/gen_gtwizard_gthe3_top.eth_xcvr_gth_full_gtwizard_gthe3_inst/gen_gtwizard_gthe3.gen_channel_container[0].gen_enabled_channel.gthe3_channel_wrapper_inst/channel_inst/gthe3_channel_gen.gen_gthe3_channel_inst[0].GTHE3_CHANNEL_PRIM_INST/RXOUTCLK
                         net (fo=3, routed)           0.018     0.018    example_wrapper_inst/eth_xcvr_gth_full_inst/inst/gen_gtwizard_gthe3_top.eth_xcvr_gth_full_gtwizard_gthe3_inst/gen_gtwizard_gthe3.gen_rx_user_clocking_internal.gen_single_instance.gtwiz_userclk_rx_inst/rxoutclk_out[0]
    BUFG_GT_X0Y86        BUFG_GT (Prop_BUFG_GT_I_O)
                                                      0.100     0.118 r  example_wrapper_inst/eth_xcvr_gth_full_inst/inst/gen_gtwizard_gthe3_top.eth_xcvr_gth_full_gtwizard_gthe3_inst/gen_gtwizard_gthe3.gen_rx_user_clocking_internal.gen_single_instance.gtwiz_userclk_rx_inst/gen_gtwiz_userclk_rx_main.bufg_gt_usrclk2_inst/O
    X3Y3 (CLOCK_ROOT)    net (fo=3729, routed)        0.860     0.978    dbg_hub/inst/BSCANID.u_xsdbm_id/CORE_XSDB.UUT_MASTER/U_ICON_INTERFACE/U_CMD1/clk
    SLICE_X86Y124        FDRE                                         r  dbg_hub/inst/BSCANID.u_xsdbm_id/CORE_XSDB.UUT_MASTER/U_ICON_INTERFACE/U_CMD1/ctl_reg_reg[0]/C
  -------------------------------------------------------------------    -------------------
    SLICE_X86Y124        FDRE (Prop_EFF_SLICEL_C_Q)
                                                      0.049     1.027 f  dbg_hub/inst/BSCANID.u_xsdbm_id/CORE_XSDB.UUT_MASTER/U_ICON_INTERFACE/U_CMD1/ctl_reg_reg[0]/Q
                         net (fo=168, routed)         0.140     1.167    dbg_hub/inst/BSCANID.u_xsdbm_id/CORE_XSDB.UUT_MASTER/U_XSDB_BUS_CONTROLLER/out[0]
    SLICE_X87Y124        FDCE                                         f  dbg_hub/inst/BSCANID.u_xsdbm_id/CORE_XSDB.UUT_MASTER/U_XSDB_BUS_CONTROLLER/current_state_reg[2]/CLR
  -------------------------------------------------------------------    -------------------

                         (clock gtwiz_userclk_rx_usrclk2_int rise edge)
                                                      0.000     0.000 r  
    GTHE3_CHANNEL_X0Y12  GTHE3_CHANNEL                0.000     0.000 r  example_wrapper_inst/eth_xcvr_gth_full_inst/inst/gen_gtwizard_gthe3_top.eth_xcvr_gth_full_gtwizard_gthe3_inst/gen_gtwizard_gthe3.gen_channel_container[0].gen_enabled_channel.gthe3_channel_wrapper_inst/channel_inst/gthe3_channel_gen.gen_gthe3_channel_inst[0].GTHE3_CHANNEL_PRIM_INST/RXOUTCLK
                         net (fo=3, routed)           0.035     0.035    example_wrapper_inst/eth_xcvr_gth_full_inst/inst/gen_gtwizard_gthe3_top.eth_xcvr_gth_full_gtwizard_gthe3_inst/gen_gtwizard_gthe3.gen_rx_user_clocking_internal.gen_single_instance.gtwiz_userclk_rx_inst/rxoutclk_out[0]
    BUFG_GT_X0Y86        BUFG_GT (Prop_BUFG_GT_I_O)
                                                      0.130     0.165 r  example_wrapper_inst/eth_xcvr_gth_full_inst/inst/gen_gtwizard_gthe3_top.eth_xcvr_gth_full_gtwizard_gthe3_inst/gen_gtwizard_gthe3.gen_rx_user_clocking_internal.gen_single_instance.gtwiz_userclk_rx_inst/gen_gtwiz_userclk_rx_main.bufg_gt_usrclk2_inst/O
    X3Y3 (CLOCK_ROOT)    net (fo=3729, routed)        1.013     1.178    dbg_hub/inst/BSCANID.u_xsdbm_id/CORE_XSDB.UUT_MASTER/U_XSDB_BUS_CONTROLLER/clk
    SLICE_X87Y124        FDCE                                         r  dbg_hub/inst/BSCANID.u_xsdbm_id/CORE_XSDB.UUT_MASTER/U_XSDB_BUS_CONTROLLER/current_state_reg[2]/C
                         clock pessimism             -0.138     1.040    
    SLICE_X87Y124        FDCE (Remov_FFF_SLICEL_C_CLR)
                                                      0.005     1.045    dbg_hub/inst/BSCANID.u_xsdbm_id/CORE_XSDB.UUT_MASTER/U_XSDB_BUS_CONTROLLER/current_state_reg[2]
  -------------------------------------------------------------------
                         required time                         -1.045    
                         arrival time                           1.167    
  -------------------------------------------------------------------
                         slack                                  0.122    

Slack (MET) :             0.122ns  (arrival time - required time)
  Source:                 dbg_hub/inst/BSCANID.u_xsdbm_id/CORE_XSDB.UUT_MASTER/U_ICON_INTERFACE/U_CMD1/ctl_reg_reg[0]/C
                            (rising edge-triggered cell FDRE clocked by gtwiz_userclk_rx_usrclk2_int  {rise@0.000ns fall@3.200ns period=6.400ns})
  Destination:            dbg_hub/inst/BSCANID.u_xsdbm_id/CORE_XSDB.UUT_MASTER/U_XSDB_BUS_CONTROLLER/current_state_reg[3]/CLR
                            (removal check against rising-edge clock gtwiz_userclk_rx_usrclk2_int  {rise@0.000ns fall@3.200ns period=6.400ns})
  Path Group:             **async_default**
  Path Type:              Removal (Min at Fast Process Corner)
  Requirement:            0.000ns  (gtwiz_userclk_rx_usrclk2_int rise@0.000ns - gtwiz_userclk_rx_usrclk2_int rise@0.000ns)
  Data Path Delay:        0.189ns  (logic 0.049ns (25.926%)  route 0.140ns (74.074%))
  Logic Levels:           0  
  Clock Path Skew:        0.062ns (DCD - SCD - CPR)
    Destination Clock Delay (DCD):    1.178ns
    Source Clock Delay      (SCD):    0.978ns
    Clock Pessimism Removal (CPR):    0.138ns
  Clock Net Delay (Source):      0.860ns (routing 0.163ns, distribution 0.697ns)
  Clock Net Delay (Destination): 1.013ns (routing 0.190ns, distribution 0.823ns)

    Location             Delay type                Incr(ns)  Path(ns)    Netlist Resource(s)
  -------------------------------------------------------------------    -------------------
                         (clock gtwiz_userclk_rx_usrclk2_int rise edge)
                                                      0.000     0.000 r  
    GTHE3_CHANNEL_X0Y12  GTHE3_CHANNEL                0.000     0.000 r  example_wrapper_inst/eth_xcvr_gth_full_inst/inst/gen_gtwizard_gthe3_top.eth_xcvr_gth_full_gtwizard_gthe3_inst/gen_gtwizard_gthe3.gen_channel_container[0].gen_enabled_channel.gthe3_channel_wrapper_inst/channel_inst/gthe3_channel_gen.gen_gthe3_channel_inst[0].GTHE3_CHANNEL_PRIM_INST/RXOUTCLK
                         net (fo=3, routed)           0.018     0.018    example_wrapper_inst/eth_xcvr_gth_full_inst/inst/gen_gtwizard_gthe3_top.eth_xcvr_gth_full_gtwizard_gthe3_inst/gen_gtwizard_gthe3.gen_rx_user_clocking_internal.gen_single_instance.gtwiz_userclk_rx_inst/rxoutclk_out[0]
    BUFG_GT_X0Y86        BUFG_GT (Prop_BUFG_GT_I_O)
                                                      0.100     0.118 r  example_wrapper_inst/eth_xcvr_gth_full_inst/inst/gen_gtwizard_gthe3_top.eth_xcvr_gth_full_gtwizard_gthe3_inst/gen_gtwizard_gthe3.gen_rx_user_clocking_internal.gen_single_instance.gtwiz_userclk_rx_inst/gen_gtwiz_userclk_rx_main.bufg_gt_usrclk2_inst/O
    X3Y3 (CLOCK_ROOT)    net (fo=3729, routed)        0.860     0.978    dbg_hub/inst/BSCANID.u_xsdbm_id/CORE_XSDB.UUT_MASTER/U_ICON_INTERFACE/U_CMD1/clk
    SLICE_X86Y124        FDRE                                         r  dbg_hub/inst/BSCANID.u_xsdbm_id/CORE_XSDB.UUT_MASTER/U_ICON_INTERFACE/U_CMD1/ctl_reg_reg[0]/C
  -------------------------------------------------------------------    -------------------
    SLICE_X86Y124        FDRE (Prop_EFF_SLICEL_C_Q)
                                                      0.049     1.027 f  dbg_hub/inst/BSCANID.u_xsdbm_id/CORE_XSDB.UUT_MASTER/U_ICON_INTERFACE/U_CMD1/ctl_reg_reg[0]/Q
                         net (fo=168, routed)         0.140     1.167    dbg_hub/inst/BSCANID.u_xsdbm_id/CORE_XSDB.UUT_MASTER/U_XSDB_BUS_CONTROLLER/out[0]
    SLICE_X87Y124        FDCE                                         f  dbg_hub/inst/BSCANID.u_xsdbm_id/CORE_XSDB.UUT_MASTER/U_XSDB_BUS_CONTROLLER/current_state_reg[3]/CLR
  -------------------------------------------------------------------    -------------------

                         (clock gtwiz_userclk_rx_usrclk2_int rise edge)
                                                      0.000     0.000 r  
    GTHE3_CHANNEL_X0Y12  GTHE3_CHANNEL                0.000     0.000 r  example_wrapper_inst/eth_xcvr_gth_full_inst/inst/gen_gtwizard_gthe3_top.eth_xcvr_gth_full_gtwizard_gthe3_inst/gen_gtwizard_gthe3.gen_channel_container[0].gen_enabled_channel.gthe3_channel_wrapper_inst/channel_inst/gthe3_channel_gen.gen_gthe3_channel_inst[0].GTHE3_CHANNEL_PRIM_INST/RXOUTCLK
                         net (fo=3, routed)           0.035     0.035    example_wrapper_inst/eth_xcvr_gth_full_inst/inst/gen_gtwizard_gthe3_top.eth_xcvr_gth_full_gtwizard_gthe3_inst/gen_gtwizard_gthe3.gen_rx_user_clocking_internal.gen_single_instance.gtwiz_userclk_rx_inst/rxoutclk_out[0]
    BUFG_GT_X0Y86        BUFG_GT (Prop_BUFG_GT_I_O)
                                                      0.130     0.165 r  example_wrapper_inst/eth_xcvr_gth_full_inst/inst/gen_gtwizard_gthe3_top.eth_xcvr_gth_full_gtwizard_gthe3_inst/gen_gtwizard_gthe3.gen_rx_user_clocking_internal.gen_single_instance.gtwiz_userclk_rx_inst/gen_gtwiz_userclk_rx_main.bufg_gt_usrclk2_inst/O
    X3Y3 (CLOCK_ROOT)    net (fo=3729, routed)        1.013     1.178    dbg_hub/inst/BSCANID.u_xsdbm_id/CORE_XSDB.UUT_MASTER/U_XSDB_BUS_CONTROLLER/clk
    SLICE_X87Y124        FDCE                                         r  dbg_hub/inst/BSCANID.u_xsdbm_id/CORE_XSDB.UUT_MASTER/U_XSDB_BUS_CONTROLLER/current_state_reg[3]/C
                         clock pessimism             -0.138     1.040    
    SLICE_X87Y124        FDCE (Remov_FFF2_SLICEL_C_CLR)
                                                      0.005     1.045    dbg_hub/inst/BSCANID.u_xsdbm_id/CORE_XSDB.UUT_MASTER/U_XSDB_BUS_CONTROLLER/current_state_reg[3]
  -------------------------------------------------------------------
                         required time                         -1.045    
                         arrival time                           1.167    
  -------------------------------------------------------------------
                         slack                                  0.122    

Slack (MET) :             0.132ns  (arrival time - required time)
  Source:                 dbg_hub/inst/BSCANID.u_xsdbm_id/CORE_XSDB.UUT_MASTER/U_ICON_INTERFACE/U_CMD6_WR/U_WR_FIFO/SUBCORE_FIFO.xsdbm_v3_0_0_wrfifo_inst/inst_fifo_gen/gconvfifo.rf/grf.rf/rstblk/ngwrdrst.grst.g7serrst.rd_rst_reg_reg[2]/C
                            (rising edge-triggered cell FDPE clocked by gtwiz_userclk_rx_usrclk2_int  {rise@0.000ns fall@3.200ns period=6.400ns})
  Destination:            dbg_hub/inst/BSCANID.u_xsdbm_id/CORE_XSDB.UUT_MASTER/U_ICON_INTERFACE/U_CMD6_WR/U_WR_FIFO/SUBCORE_FIFO.xsdbm_v3_0_0_wrfifo_inst/inst_fifo_gen/gconvfifo.rf/grf.rf/gntv_or_sync_fifo.gl0.rd/rpntr/gc0.count_d1_reg[0]/CLR
                            (removal check against rising-edge clock gtwiz_userclk_rx_usrclk2_int  {rise@0.000ns fall@3.200ns period=6.400ns})
  Path Group:             **async_default**
  Path Type:              Removal (Min at Fast Process Corner)
  Requirement:            0.000ns  (gtwiz_userclk_rx_usrclk2_int rise@0.000ns - gtwiz_userclk_rx_usrclk2_int rise@0.000ns)
  Data Path Delay:        0.221ns  (logic 0.049ns (22.172%)  route 0.172ns (77.828%))
  Logic Levels:           0  
  Clock Path Skew:        0.084ns (DCD - SCD - CPR)
    Destination Clock Delay (DCD):    1.179ns
    Source Clock Delay      (SCD):    0.957ns
    Clock Pessimism Removal (CPR):    0.138ns
  Clock Net Delay (Source):      0.839ns (routing 0.163ns, distribution 0.676ns)
  Clock Net Delay (Destination): 1.014ns (routing 0.190ns, distribution 0.824ns)

    Location             Delay type                Incr(ns)  Path(ns)    Netlist Resource(s)
  -------------------------------------------------------------------    -------------------
                         (clock gtwiz_userclk_rx_usrclk2_int rise edge)
                                                      0.000     0.000 r  
    GTHE3_CHANNEL_X0Y12  GTHE3_CHANNEL                0.000     0.000 r  example_wrapper_inst/eth_xcvr_gth_full_inst/inst/gen_gtwizard_gthe3_top.eth_xcvr_gth_full_gtwizard_gthe3_inst/gen_gtwizard_gthe3.gen_channel_container[0].gen_enabled_channel.gthe3_channel_wrapper_inst/channel_inst/gthe3_channel_gen.gen_gthe3_channel_inst[0].GTHE3_CHANNEL_PRIM_INST/RXOUTCLK
                         net (fo=3, routed)           0.018     0.018    example_wrapper_inst/eth_xcvr_gth_full_inst/inst/gen_gtwizard_gthe3_top.eth_xcvr_gth_full_gtwizard_gthe3_inst/gen_gtwizard_gthe3.gen_rx_user_clocking_internal.gen_single_instance.gtwiz_userclk_rx_inst/rxoutclk_out[0]
    BUFG_GT_X0Y86        BUFG_GT (Prop_BUFG_GT_I_O)
                                                      0.100     0.118 r  example_wrapper_inst/eth_xcvr_gth_full_inst/inst/gen_gtwizard_gthe3_top.eth_xcvr_gth_full_gtwizard_gthe3_inst/gen_gtwizard_gthe3.gen_rx_user_clocking_internal.gen_single_instance.gtwiz_userclk_rx_inst/gen_gtwiz_userclk_rx_main.bufg_gt_usrclk2_inst/O
    X3Y3 (CLOCK_ROOT)    net (fo=3729, routed)        0.839     0.957    dbg_hub/inst/BSCANID.u_xsdbm_id/CORE_XSDB.UUT_MASTER/U_ICON_INTERFACE/U_CMD6_WR/U_WR_FIFO/SUBCORE_FIFO.xsdbm_v3_0_0_wrfifo_inst/inst_fifo_gen/gconvfifo.rf/grf.rf/rstblk/rd_clk
    SLICE_X88Y125        FDPE                                         r  dbg_hub/inst/BSCANID.u_xsdbm_id/CORE_XSDB.UUT_MASTER/U_ICON_INTERFACE/U_CMD6_WR/U_WR_FIFO/SUBCORE_FIFO.xsdbm_v3_0_0_wrfifo_inst/inst_fifo_gen/gconvfifo.rf/grf.rf/rstblk/ngwrdrst.grst.g7serrst.rd_rst_reg_reg[2]/C
  -------------------------------------------------------------------    -------------------
    SLICE_X88Y125        FDPE (Prop_FFF_SLICEL_C_Q)
                                                      0.049     1.006 f  dbg_hub/inst/BSCANID.u_xsdbm_id/CORE_XSDB.UUT_MASTER/U_ICON_INTERFACE/U_CMD6_WR/U_WR_FIFO/SUBCORE_FIFO.xsdbm_v3_0_0_wrfifo_inst/inst_fifo_gen/gconvfifo.rf/grf.rf/rstblk/ngwrdrst.grst.g7serrst.rd_rst_reg_reg[2]/Q
                         net (fo=10, routed)          0.172     1.178    dbg_hub/inst/BSCANID.u_xsdbm_id/CORE_XSDB.UUT_MASTER/U_ICON_INTERFACE/U_CMD6_WR/U_WR_FIFO/SUBCORE_FIFO.xsdbm_v3_0_0_wrfifo_inst/inst_fifo_gen/gconvfifo.rf/grf.rf/gntv_or_sync_fifo.gl0.rd/rpntr/AR[0]
    SLICE_X89Y124        FDCE                                         f  dbg_hub/inst/BSCANID.u_xsdbm_id/CORE_XSDB.UUT_MASTER/U_ICON_INTERFACE/U_CMD6_WR/U_WR_FIFO/SUBCORE_FIFO.xsdbm_v3_0_0_wrfifo_inst/inst_fifo_gen/gconvfifo.rf/grf.rf/gntv_or_sync_fifo.gl0.rd/rpntr/gc0.count_d1_reg[0]/CLR
  -------------------------------------------------------------------    -------------------

                         (clock gtwiz_userclk_rx_usrclk2_int rise edge)
                                                      0.000     0.000 r  
    GTHE3_CHANNEL_X0Y12  GTHE3_CHANNEL                0.000     0.000 r  example_wrapper_inst/eth_xcvr_gth_full_inst/inst/gen_gtwizard_gthe3_top.eth_xcvr_gth_full_gtwizard_gthe3_inst/gen_gtwizard_gthe3.gen_channel_container[0].gen_enabled_channel.gthe3_channel_wrapper_inst/channel_inst/gthe3_channel_gen.gen_gthe3_channel_inst[0].GTHE3_CHANNEL_PRIM_INST/RXOUTCLK
                         net (fo=3, routed)           0.035     0.035    example_wrapper_inst/eth_xcvr_gth_full_inst/inst/gen_gtwizard_gthe3_top.eth_xcvr_gth_full_gtwizard_gthe3_inst/gen_gtwizard_gthe3.gen_rx_user_clocking_internal.gen_single_instance.gtwiz_userclk_rx_inst/rxoutclk_out[0]
    BUFG_GT_X0Y86        BUFG_GT (Prop_BUFG_GT_I_O)
                                                      0.130     0.165 r  example_wrapper_inst/eth_xcvr_gth_full_inst/inst/gen_gtwizard_gthe3_top.eth_xcvr_gth_full_gtwizard_gthe3_inst/gen_gtwizard_gthe3.gen_rx_user_clocking_internal.gen_single_instance.gtwiz_userclk_rx_inst/gen_gtwiz_userclk_rx_main.bufg_gt_usrclk2_inst/O
    X3Y3 (CLOCK_ROOT)    net (fo=3729, routed)        1.014     1.179    dbg_hub/inst/BSCANID.u_xsdbm_id/CORE_XSDB.UUT_MASTER/U_ICON_INTERFACE/U_CMD6_WR/U_WR_FIFO/SUBCORE_FIFO.xsdbm_v3_0_0_wrfifo_inst/inst_fifo_gen/gconvfifo.rf/grf.rf/gntv_or_sync_fifo.gl0.rd/rpntr/rd_clk
    SLICE_X89Y124        FDCE                                         r  dbg_hub/inst/BSCANID.u_xsdbm_id/CORE_XSDB.UUT_MASTER/U_ICON_INTERFACE/U_CMD6_WR/U_WR_FIFO/SUBCORE_FIFO.xsdbm_v3_0_0_wrfifo_inst/inst_fifo_gen/gconvfifo.rf/grf.rf/gntv_or_sync_fifo.gl0.rd/rpntr/gc0.count_d1_reg[0]/C
                         clock pessimism             -0.138     1.041    
    SLICE_X89Y124        FDCE (Remov_EFF_SLICEL_C_CLR)
                                                      0.005     1.046    dbg_hub/inst/BSCANID.u_xsdbm_id/CORE_XSDB.UUT_MASTER/U_ICON_INTERFACE/U_CMD6_WR/U_WR_FIFO/SUBCORE_FIFO.xsdbm_v3_0_0_wrfifo_inst/inst_fifo_gen/gconvfifo.rf/grf.rf/gntv_or_sync_fifo.gl0.rd/rpntr/gc0.count_d1_reg[0]
  -------------------------------------------------------------------
                         required time                         -1.046    
                         arrival time                           1.178    
  -------------------------------------------------------------------
                         slack                                  0.132    

Slack (MET) :             0.132ns  (arrival time - required time)
  Source:                 dbg_hub/inst/BSCANID.u_xsdbm_id/CORE_XSDB.UUT_MASTER/U_ICON_INTERFACE/U_CMD6_WR/U_WR_FIFO/SUBCORE_FIFO.xsdbm_v3_0_0_wrfifo_inst/inst_fifo_gen/gconvfifo.rf/grf.rf/rstblk/ngwrdrst.grst.g7serrst.rd_rst_reg_reg[2]/C
                            (rising edge-triggered cell FDPE clocked by gtwiz_userclk_rx_usrclk2_int  {rise@0.000ns fall@3.200ns period=6.400ns})
  Destination:            dbg_hub/inst/BSCANID.u_xsdbm_id/CORE_XSDB.UUT_MASTER/U_ICON_INTERFACE/U_CMD6_WR/U_WR_FIFO/SUBCORE_FIFO.xsdbm_v3_0_0_wrfifo_inst/inst_fifo_gen/gconvfifo.rf/grf.rf/gntv_or_sync_fifo.gl0.rd/rpntr/gc0.count_d1_reg[1]/CLR
                            (removal check against rising-edge clock gtwiz_userclk_rx_usrclk2_int  {rise@0.000ns fall@3.200ns period=6.400ns})
  Path Group:             **async_default**
  Path Type:              Removal (Min at Fast Process Corner)
  Requirement:            0.000ns  (gtwiz_userclk_rx_usrclk2_int rise@0.000ns - gtwiz_userclk_rx_usrclk2_int rise@0.000ns)
  Data Path Delay:        0.221ns  (logic 0.049ns (22.172%)  route 0.172ns (77.828%))
  Logic Levels:           0  
  Clock Path Skew:        0.084ns (DCD - SCD - CPR)
    Destination Clock Delay (DCD):    1.179ns
    Source Clock Delay      (SCD):    0.957ns
    Clock Pessimism Removal (CPR):    0.138ns
  Clock Net Delay (Source):      0.839ns (routing 0.163ns, distribution 0.676ns)
  Clock Net Delay (Destination): 1.014ns (routing 0.190ns, distribution 0.824ns)

    Location             Delay type                Incr(ns)  Path(ns)    Netlist Resource(s)
  -------------------------------------------------------------------    -------------------
                         (clock gtwiz_userclk_rx_usrclk2_int rise edge)
                                                      0.000     0.000 r  
    GTHE3_CHANNEL_X0Y12  GTHE3_CHANNEL                0.000     0.000 r  example_wrapper_inst/eth_xcvr_gth_full_inst/inst/gen_gtwizard_gthe3_top.eth_xcvr_gth_full_gtwizard_gthe3_inst/gen_gtwizard_gthe3.gen_channel_container[0].gen_enabled_channel.gthe3_channel_wrapper_inst/channel_inst/gthe3_channel_gen.gen_gthe3_channel_inst[0].GTHE3_CHANNEL_PRIM_INST/RXOUTCLK
                         net (fo=3, routed)           0.018     0.018    example_wrapper_inst/eth_xcvr_gth_full_inst/inst/gen_gtwizard_gthe3_top.eth_xcvr_gth_full_gtwizard_gthe3_inst/gen_gtwizard_gthe3.gen_rx_user_clocking_internal.gen_single_instance.gtwiz_userclk_rx_inst/rxoutclk_out[0]
    BUFG_GT_X0Y86        BUFG_GT (Prop_BUFG_GT_I_O)
                                                      0.100     0.118 r  example_wrapper_inst/eth_xcvr_gth_full_inst/inst/gen_gtwizard_gthe3_top.eth_xcvr_gth_full_gtwizard_gthe3_inst/gen_gtwizard_gthe3.gen_rx_user_clocking_internal.gen_single_instance.gtwiz_userclk_rx_inst/gen_gtwiz_userclk_rx_main.bufg_gt_usrclk2_inst/O
    X3Y3 (CLOCK_ROOT)    net (fo=3729, routed)        0.839     0.957    dbg_hub/inst/BSCANID.u_xsdbm_id/CORE_XSDB.UUT_MASTER/U_ICON_INTERFACE/U_CMD6_WR/U_WR_FIFO/SUBCORE_FIFO.xsdbm_v3_0_0_wrfifo_inst/inst_fifo_gen/gconvfifo.rf/grf.rf/rstblk/rd_clk
    SLICE_X88Y125        FDPE                                         r  dbg_hub/inst/BSCANID.u_xsdbm_id/CORE_XSDB.UUT_MASTER/U_ICON_INTERFACE/U_CMD6_WR/U_WR_FIFO/SUBCORE_FIFO.xsdbm_v3_0_0_wrfifo_inst/inst_fifo_gen/gconvfifo.rf/grf.rf/rstblk/ngwrdrst.grst.g7serrst.rd_rst_reg_reg[2]/C
  -------------------------------------------------------------------    -------------------
    SLICE_X88Y125        FDPE (Prop_FFF_SLICEL_C_Q)
                                                      0.049     1.006 f  dbg_hub/inst/BSCANID.u_xsdbm_id/CORE_XSDB.UUT_MASTER/U_ICON_INTERFACE/U_CMD6_WR/U_WR_FIFO/SUBCORE_FIFO.xsdbm_v3_0_0_wrfifo_inst/inst_fifo_gen/gconvfifo.rf/grf.rf/rstblk/ngwrdrst.grst.g7serrst.rd_rst_reg_reg[2]/Q
                         net (fo=10, routed)          0.172     1.178    dbg_hub/inst/BSCANID.u_xsdbm_id/CORE_XSDB.UUT_MASTER/U_ICON_INTERFACE/U_CMD6_WR/U_WR_FIFO/SUBCORE_FIFO.xsdbm_v3_0_0_wrfifo_inst/inst_fifo_gen/gconvfifo.rf/grf.rf/gntv_or_sync_fifo.gl0.rd/rpntr/AR[0]
    SLICE_X89Y124        FDCE                                         f  dbg_hub/inst/BSCANID.u_xsdbm_id/CORE_XSDB.UUT_MASTER/U_ICON_INTERFACE/U_CMD6_WR/U_WR_FIFO/SUBCORE_FIFO.xsdbm_v3_0_0_wrfifo_inst/inst_fifo_gen/gconvfifo.rf/grf.rf/gntv_or_sync_fifo.gl0.rd/rpntr/gc0.count_d1_reg[1]/CLR
  -------------------------------------------------------------------    -------------------

                         (clock gtwiz_userclk_rx_usrclk2_int rise edge)
                                                      0.000     0.000 r  
    GTHE3_CHANNEL_X0Y12  GTHE3_CHANNEL                0.000     0.000 r  example_wrapper_inst/eth_xcvr_gth_full_inst/inst/gen_gtwizard_gthe3_top.eth_xcvr_gth_full_gtwizard_gthe3_inst/gen_gtwizard_gthe3.gen_channel_container[0].gen_enabled_channel.gthe3_channel_wrapper_inst/channel_inst/gthe3_channel_gen.gen_gthe3_channel_inst[0].GTHE3_CHANNEL_PRIM_INST/RXOUTCLK
                         net (fo=3, routed)           0.035     0.035    example_wrapper_inst/eth_xcvr_gth_full_inst/inst/gen_gtwizard_gthe3_top.eth_xcvr_gth_full_gtwizard_gthe3_inst/gen_gtwizard_gthe3.gen_rx_user_clocking_internal.gen_single_instance.gtwiz_userclk_rx_inst/rxoutclk_out[0]
    BUFG_GT_X0Y86        BUFG_GT (Prop_BUFG_GT_I_O)
                                                      0.130     0.165 r  example_wrapper_inst/eth_xcvr_gth_full_inst/inst/gen_gtwizard_gthe3_top.eth_xcvr_gth_full_gtwizard_gthe3_inst/gen_gtwizard_gthe3.gen_rx_user_clocking_internal.gen_single_instance.gtwiz_userclk_rx_inst/gen_gtwiz_userclk_rx_main.bufg_gt_usrclk2_inst/O
    X3Y3 (CLOCK_ROOT)    net (fo=3729, routed)        1.014     1.179    dbg_hub/inst/BSCANID.u_xsdbm_id/CORE_XSDB.UUT_MASTER/U_ICON_INTERFACE/U_CMD6_WR/U_WR_FIFO/SUBCORE_FIFO.xsdbm_v3_0_0_wrfifo_inst/inst_fifo_gen/gconvfifo.rf/grf.rf/gntv_or_sync_fifo.gl0.rd/rpntr/rd_clk
    SLICE_X89Y124        FDCE                                         r  dbg_hub/inst/BSCANID.u_xsdbm_id/CORE_XSDB.UUT_MASTER/U_ICON_INTERFACE/U_CMD6_WR/U_WR_FIFO/SUBCORE_FIFO.xsdbm_v3_0_0_wrfifo_inst/inst_fifo_gen/gconvfifo.rf/grf.rf/gntv_or_sync_fifo.gl0.rd/rpntr/gc0.count_d1_reg[1]/C
                         clock pessimism             -0.138     1.041    
    SLICE_X89Y124        FDCE (Remov_EFF2_SLICEL_C_CLR)
                                                      0.005     1.046    dbg_hub/inst/BSCANID.u_xsdbm_id/CORE_XSDB.UUT_MASTER/U_ICON_INTERFACE/U_CMD6_WR/U_WR_FIFO/SUBCORE_FIFO.xsdbm_v3_0_0_wrfifo_inst/inst_fifo_gen/gconvfifo.rf/grf.rf/gntv_or_sync_fifo.gl0.rd/rpntr/gc0.count_d1_reg[1]
  -------------------------------------------------------------------
                         required time                         -1.046    
                         arrival time                           1.178    
  -------------------------------------------------------------------
                         slack                                  0.132    

Slack (MET) :             0.132ns  (arrival time - required time)
  Source:                 dbg_hub/inst/BSCANID.u_xsdbm_id/CORE_XSDB.UUT_MASTER/U_ICON_INTERFACE/U_CMD6_WR/U_WR_FIFO/SUBCORE_FIFO.xsdbm_v3_0_0_wrfifo_inst/inst_fifo_gen/gconvfifo.rf/grf.rf/rstblk/ngwrdrst.grst.g7serrst.rd_rst_reg_reg[2]/C
                            (rising edge-triggered cell FDPE clocked by gtwiz_userclk_rx_usrclk2_int  {rise@0.000ns fall@3.200ns period=6.400ns})
  Destination:            dbg_hub/inst/BSCANID.u_xsdbm_id/CORE_XSDB.UUT_MASTER/U_ICON_INTERFACE/U_CMD6_WR/U_WR_FIFO/SUBCORE_FIFO.xsdbm_v3_0_0_wrfifo_inst/inst_fifo_gen/gconvfifo.rf/grf.rf/gntv_or_sync_fifo.gl0.rd/rpntr/gc0.count_d1_reg[2]/CLR
                            (removal check against rising-edge clock gtwiz_userclk_rx_usrclk2_int  {rise@0.000ns fall@3.200ns period=6.400ns})
  Path Group:             **async_default**
  Path Type:              Removal (Min at Fast Process Corner)
  Requirement:            0.000ns  (gtwiz_userclk_rx_usrclk2_int rise@0.000ns - gtwiz_userclk_rx_usrclk2_int rise@0.000ns)
  Data Path Delay:        0.221ns  (logic 0.049ns (22.172%)  route 0.172ns (77.828%))
  Logic Levels:           0  
  Clock Path Skew:        0.084ns (DCD - SCD - CPR)
    Destination Clock Delay (DCD):    1.179ns
    Source Clock Delay      (SCD):    0.957ns
    Clock Pessimism Removal (CPR):    0.138ns
  Clock Net Delay (Source):      0.839ns (routing 0.163ns, distribution 0.676ns)
  Clock Net Delay (Destination): 1.014ns (routing 0.190ns, distribution 0.824ns)

    Location             Delay type                Incr(ns)  Path(ns)    Netlist Resource(s)
  -------------------------------------------------------------------    -------------------
                         (clock gtwiz_userclk_rx_usrclk2_int rise edge)
                                                      0.000     0.000 r  
    GTHE3_CHANNEL_X0Y12  GTHE3_CHANNEL                0.000     0.000 r  example_wrapper_inst/eth_xcvr_gth_full_inst/inst/gen_gtwizard_gthe3_top.eth_xcvr_gth_full_gtwizard_gthe3_inst/gen_gtwizard_gthe3.gen_channel_container[0].gen_enabled_channel.gthe3_channel_wrapper_inst/channel_inst/gthe3_channel_gen.gen_gthe3_channel_inst[0].GTHE3_CHANNEL_PRIM_INST/RXOUTCLK
                         net (fo=3, routed)           0.018     0.018    example_wrapper_inst/eth_xcvr_gth_full_inst/inst/gen_gtwizard_gthe3_top.eth_xcvr_gth_full_gtwizard_gthe3_inst/gen_gtwizard_gthe3.gen_rx_user_clocking_internal.gen_single_instance.gtwiz_userclk_rx_inst/rxoutclk_out[0]
    BUFG_GT_X0Y86        BUFG_GT (Prop_BUFG_GT_I_O)
                                                      0.100     0.118 r  example_wrapper_inst/eth_xcvr_gth_full_inst/inst/gen_gtwizard_gthe3_top.eth_xcvr_gth_full_gtwizard_gthe3_inst/gen_gtwizard_gthe3.gen_rx_user_clocking_internal.gen_single_instance.gtwiz_userclk_rx_inst/gen_gtwiz_userclk_rx_main.bufg_gt_usrclk2_inst/O
    X3Y3 (CLOCK_ROOT)    net (fo=3729, routed)        0.839     0.957    dbg_hub/inst/BSCANID.u_xsdbm_id/CORE_XSDB.UUT_MASTER/U_ICON_INTERFACE/U_CMD6_WR/U_WR_FIFO/SUBCORE_FIFO.xsdbm_v3_0_0_wrfifo_inst/inst_fifo_gen/gconvfifo.rf/grf.rf/rstblk/rd_clk
    SLICE_X88Y125        FDPE                                         r  dbg_hub/inst/BSCANID.u_xsdbm_id/CORE_XSDB.UUT_MASTER/U_ICON_INTERFACE/U_CMD6_WR/U_WR_FIFO/SUBCORE_FIFO.xsdbm_v3_0_0_wrfifo_inst/inst_fifo_gen/gconvfifo.rf/grf.rf/rstblk/ngwrdrst.grst.g7serrst.rd_rst_reg_reg[2]/C
  -------------------------------------------------------------------    -------------------
    SLICE_X88Y125        FDPE (Prop_FFF_SLICEL_C_Q)
                                                      0.049     1.006 f  dbg_hub/inst/BSCANID.u_xsdbm_id/CORE_XSDB.UUT_MASTER/U_ICON_INTERFACE/U_CMD6_WR/U_WR_FIFO/SUBCORE_FIFO.xsdbm_v3_0_0_wrfifo_inst/inst_fifo_gen/gconvfifo.rf/grf.rf/rstblk/ngwrdrst.grst.g7serrst.rd_rst_reg_reg[2]/Q
                         net (fo=10, routed)          0.172     1.178    dbg_hub/inst/BSCANID.u_xsdbm_id/CORE_XSDB.UUT_MASTER/U_ICON_INTERFACE/U_CMD6_WR/U_WR_FIFO/SUBCORE_FIFO.xsdbm_v3_0_0_wrfifo_inst/inst_fifo_gen/gconvfifo.rf/grf.rf/gntv_or_sync_fifo.gl0.rd/rpntr/AR[0]
    SLICE_X89Y124        FDCE                                         f  dbg_hub/inst/BSCANID.u_xsdbm_id/CORE_XSDB.UUT_MASTER/U_ICON_INTERFACE/U_CMD6_WR/U_WR_FIFO/SUBCORE_FIFO.xsdbm_v3_0_0_wrfifo_inst/inst_fifo_gen/gconvfifo.rf/grf.rf/gntv_or_sync_fifo.gl0.rd/rpntr/gc0.count_d1_reg[2]/CLR
  -------------------------------------------------------------------    -------------------

                         (clock gtwiz_userclk_rx_usrclk2_int rise edge)
                                                      0.000     0.000 r  
    GTHE3_CHANNEL_X0Y12  GTHE3_CHANNEL                0.000     0.000 r  example_wrapper_inst/eth_xcvr_gth_full_inst/inst/gen_gtwizard_gthe3_top.eth_xcvr_gth_full_gtwizard_gthe3_inst/gen_gtwizard_gthe3.gen_channel_container[0].gen_enabled_channel.gthe3_channel_wrapper_inst/channel_inst/gthe3_channel_gen.gen_gthe3_channel_inst[0].GTHE3_CHANNEL_PRIM_INST/RXOUTCLK
                         net (fo=3, routed)           0.035     0.035    example_wrapper_inst/eth_xcvr_gth_full_inst/inst/gen_gtwizard_gthe3_top.eth_xcvr_gth_full_gtwizard_gthe3_inst/gen_gtwizard_gthe3.gen_rx_user_clocking_internal.gen_single_instance.gtwiz_userclk_rx_inst/rxoutclk_out[0]
    BUFG_GT_X0Y86        BUFG_GT (Prop_BUFG_GT_I_O)
                                                      0.130     0.165 r  example_wrapper_inst/eth_xcvr_gth_full_inst/inst/gen_gtwizard_gthe3_top.eth_xcvr_gth_full_gtwizard_gthe3_inst/gen_gtwizard_gthe3.gen_rx_user_clocking_internal.gen_single_instance.gtwiz_userclk_rx_inst/gen_gtwiz_userclk_rx_main.bufg_gt_usrclk2_inst/O
    X3Y3 (CLOCK_ROOT)    net (fo=3729, routed)        1.014     1.179    dbg_hub/inst/BSCANID.u_xsdbm_id/CORE_XSDB.UUT_MASTER/U_ICON_INTERFACE/U_CMD6_WR/U_WR_FIFO/SUBCORE_FIFO.xsdbm_v3_0_0_wrfifo_inst/inst_fifo_gen/gconvfifo.rf/grf.rf/gntv_or_sync_fifo.gl0.rd/rpntr/rd_clk
    SLICE_X89Y124        FDCE                                         r  dbg_hub/inst/BSCANID.u_xsdbm_id/CORE_XSDB.UUT_MASTER/U_ICON_INTERFACE/U_CMD6_WR/U_WR_FIFO/SUBCORE_FIFO.xsdbm_v3_0_0_wrfifo_inst/inst_fifo_gen/gconvfifo.rf/grf.rf/gntv_or_sync_fifo.gl0.rd/rpntr/gc0.count_d1_reg[2]/C
                         clock pessimism             -0.138     1.041    
    SLICE_X89Y124        FDCE (Remov_FFF_SLICEL_C_CLR)
                                                      0.005     1.046    dbg_hub/inst/BSCANID.u_xsdbm_id/CORE_XSDB.UUT_MASTER/U_ICON_INTERFACE/U_CMD6_WR/U_WR_FIFO/SUBCORE_FIFO.xsdbm_v3_0_0_wrfifo_inst/inst_fifo_gen/gconvfifo.rf/grf.rf/gntv_or_sync_fifo.gl0.rd/rpntr/gc0.count_d1_reg[2]
  -------------------------------------------------------------------
                         required time                         -1.046    
                         arrival time                           1.178    
  -------------------------------------------------------------------
                         slack                                  0.132    

Slack (MET) :             0.132ns  (arrival time - required time)
  Source:                 dbg_hub/inst/BSCANID.u_xsdbm_id/CORE_XSDB.UUT_MASTER/U_ICON_INTERFACE/U_CMD6_WR/U_WR_FIFO/SUBCORE_FIFO.xsdbm_v3_0_0_wrfifo_inst/inst_fifo_gen/gconvfifo.rf/grf.rf/rstblk/ngwrdrst.grst.g7serrst.rd_rst_reg_reg[2]/C
                            (rising edge-triggered cell FDPE clocked by gtwiz_userclk_rx_usrclk2_int  {rise@0.000ns fall@3.200ns period=6.400ns})
  Destination:            dbg_hub/inst/BSCANID.u_xsdbm_id/CORE_XSDB.UUT_MASTER/U_ICON_INTERFACE/U_CMD6_WR/U_WR_FIFO/SUBCORE_FIFO.xsdbm_v3_0_0_wrfifo_inst/inst_fifo_gen/gconvfifo.rf/grf.rf/gntv_or_sync_fifo.gl0.rd/rpntr/gc0.count_d1_reg[3]/CLR
                            (removal check against rising-edge clock gtwiz_userclk_rx_usrclk2_int  {rise@0.000ns fall@3.200ns period=6.400ns})
  Path Group:             **async_default**
  Path Type:              Removal (Min at Fast Process Corner)
  Requirement:            0.000ns  (gtwiz_userclk_rx_usrclk2_int rise@0.000ns - gtwiz_userclk_rx_usrclk2_int rise@0.000ns)
  Data Path Delay:        0.221ns  (logic 0.049ns (22.172%)  route 0.172ns (77.828%))
  Logic Levels:           0  
  Clock Path Skew:        0.084ns (DCD - SCD - CPR)
    Destination Clock Delay (DCD):    1.179ns
    Source Clock Delay      (SCD):    0.957ns
    Clock Pessimism Removal (CPR):    0.138ns
  Clock Net Delay (Source):      0.839ns (routing 0.163ns, distribution 0.676ns)
  Clock Net Delay (Destination): 1.014ns (routing 0.190ns, distribution 0.824ns)

    Location             Delay type                Incr(ns)  Path(ns)    Netlist Resource(s)
  -------------------------------------------------------------------    -------------------
                         (clock gtwiz_userclk_rx_usrclk2_int rise edge)
                                                      0.000     0.000 r  
    GTHE3_CHANNEL_X0Y12  GTHE3_CHANNEL                0.000     0.000 r  example_wrapper_inst/eth_xcvr_gth_full_inst/inst/gen_gtwizard_gthe3_top.eth_xcvr_gth_full_gtwizard_gthe3_inst/gen_gtwizard_gthe3.gen_channel_container[0].gen_enabled_channel.gthe3_channel_wrapper_inst/channel_inst/gthe3_channel_gen.gen_gthe3_channel_inst[0].GTHE3_CHANNEL_PRIM_INST/RXOUTCLK
                         net (fo=3, routed)           0.018     0.018    example_wrapper_inst/eth_xcvr_gth_full_inst/inst/gen_gtwizard_gthe3_top.eth_xcvr_gth_full_gtwizard_gthe3_inst/gen_gtwizard_gthe3.gen_rx_user_clocking_internal.gen_single_instance.gtwiz_userclk_rx_inst/rxoutclk_out[0]
    BUFG_GT_X0Y86        BUFG_GT (Prop_BUFG_GT_I_O)
                                                      0.100     0.118 r  example_wrapper_inst/eth_xcvr_gth_full_inst/inst/gen_gtwizard_gthe3_top.eth_xcvr_gth_full_gtwizard_gthe3_inst/gen_gtwizard_gthe3.gen_rx_user_clocking_internal.gen_single_instance.gtwiz_userclk_rx_inst/gen_gtwiz_userclk_rx_main.bufg_gt_usrclk2_inst/O
    X3Y3 (CLOCK_ROOT)    net (fo=3729, routed)        0.839     0.957    dbg_hub/inst/BSCANID.u_xsdbm_id/CORE_XSDB.UUT_MASTER/U_ICON_INTERFACE/U_CMD6_WR/U_WR_FIFO/SUBCORE_FIFO.xsdbm_v3_0_0_wrfifo_inst/inst_fifo_gen/gconvfifo.rf/grf.rf/rstblk/rd_clk
    SLICE_X88Y125        FDPE                                         r  dbg_hub/inst/BSCANID.u_xsdbm_id/CORE_XSDB.UUT_MASTER/U_ICON_INTERFACE/U_CMD6_WR/U_WR_FIFO/SUBCORE_FIFO.xsdbm_v3_0_0_wrfifo_inst/inst_fifo_gen/gconvfifo.rf/grf.rf/rstblk/ngwrdrst.grst.g7serrst.rd_rst_reg_reg[2]/C
  -------------------------------------------------------------------    -------------------
    SLICE_X88Y125        FDPE (Prop_FFF_SLICEL_C_Q)
                                                      0.049     1.006 f  dbg_hub/inst/BSCANID.u_xsdbm_id/CORE_XSDB.UUT_MASTER/U_ICON_INTERFACE/U_CMD6_WR/U_WR_FIFO/SUBCORE_FIFO.xsdbm_v3_0_0_wrfifo_inst/inst_fifo_gen/gconvfifo.rf/grf.rf/rstblk/ngwrdrst.grst.g7serrst.rd_rst_reg_reg[2]/Q
                         net (fo=10, routed)          0.172     1.178    dbg_hub/inst/BSCANID.u_xsdbm_id/CORE_XSDB.UUT_MASTER/U_ICON_INTERFACE/U_CMD6_WR/U_WR_FIFO/SUBCORE_FIFO.xsdbm_v3_0_0_wrfifo_inst/inst_fifo_gen/gconvfifo.rf/grf.rf/gntv_or_sync_fifo.gl0.rd/rpntr/AR[0]
    SLICE_X89Y124        FDCE                                         f  dbg_hub/inst/BSCANID.u_xsdbm_id/CORE_XSDB.UUT_MASTER/U_ICON_INTERFACE/U_CMD6_WR/U_WR_FIFO/SUBCORE_FIFO.xsdbm_v3_0_0_wrfifo_inst/inst_fifo_gen/gconvfifo.rf/grf.rf/gntv_or_sync_fifo.gl0.rd/rpntr/gc0.count_d1_reg[3]/CLR
  -------------------------------------------------------------------    -------------------

                         (clock gtwiz_userclk_rx_usrclk2_int rise edge)
                                                      0.000     0.000 r  
    GTHE3_CHANNEL_X0Y12  GTHE3_CHANNEL                0.000     0.000 r  example_wrapper_inst/eth_xcvr_gth_full_inst/inst/gen_gtwizard_gthe3_top.eth_xcvr_gth_full_gtwizard_gthe3_inst/gen_gtwizard_gthe3.gen_channel_container[0].gen_enabled_channel.gthe3_channel_wrapper_inst/channel_inst/gthe3_channel_gen.gen_gthe3_channel_inst[0].GTHE3_CHANNEL_PRIM_INST/RXOUTCLK
                         net (fo=3, routed)           0.035     0.035    example_wrapper_inst/eth_xcvr_gth_full_inst/inst/gen_gtwizard_gthe3_top.eth_xcvr_gth_full_gtwizard_gthe3_inst/gen_gtwizard_gthe3.gen_rx_user_clocking_internal.gen_single_instance.gtwiz_userclk_rx_inst/rxoutclk_out[0]
    BUFG_GT_X0Y86        BUFG_GT (Prop_BUFG_GT_I_O)
                                                      0.130     0.165 r  example_wrapper_inst/eth_xcvr_gth_full_inst/inst/gen_gtwizard_gthe3_top.eth_xcvr_gth_full_gtwizard_gthe3_inst/gen_gtwizard_gthe3.gen_rx_user_clocking_internal.gen_single_instance.gtwiz_userclk_rx_inst/gen_gtwiz_userclk_rx_main.bufg_gt_usrclk2_inst/O
    X3Y3 (CLOCK_ROOT)    net (fo=3729, routed)        1.014     1.179    dbg_hub/inst/BSCANID.u_xsdbm_id/CORE_XSDB.UUT_MASTER/U_ICON_INTERFACE/U_CMD6_WR/U_WR_FIFO/SUBCORE_FIFO.xsdbm_v3_0_0_wrfifo_inst/inst_fifo_gen/gconvfifo.rf/grf.rf/gntv_or_sync_fifo.gl0.rd/rpntr/rd_clk
    SLICE_X89Y124        FDCE                                         r  dbg_hub/inst/BSCANID.u_xsdbm_id/CORE_XSDB.UUT_MASTER/U_ICON_INTERFACE/U_CMD6_WR/U_WR_FIFO/SUBCORE_FIFO.xsdbm_v3_0_0_wrfifo_inst/inst_fifo_gen/gconvfifo.rf/grf.rf/gntv_or_sync_fifo.gl0.rd/rpntr/gc0.count_d1_reg[3]/C
                         clock pessimism             -0.138     1.041    
    SLICE_X89Y124        FDCE (Remov_FFF2_SLICEL_C_CLR)
                                                      0.005     1.046    dbg_hub/inst/BSCANID.u_xsdbm_id/CORE_XSDB.UUT_MASTER/U_ICON_INTERFACE/U_CMD6_WR/U_WR_FIFO/SUBCORE_FIFO.xsdbm_v3_0_0_wrfifo_inst/inst_fifo_gen/gconvfifo.rf/grf.rf/gntv_or_sync_fifo.gl0.rd/rpntr/gc0.count_d1_reg[3]
  -------------------------------------------------------------------
                         required time                         -1.046    
                         arrival time                           1.178    
  -------------------------------------------------------------------
                         slack                                  0.132    

Slack (MET) :             0.132ns  (arrival time - required time)
  Source:                 dbg_hub/inst/BSCANID.u_xsdbm_id/CORE_XSDB.UUT_MASTER/U_ICON_INTERFACE/U_CMD6_WR/U_WR_FIFO/SUBCORE_FIFO.xsdbm_v3_0_0_wrfifo_inst/inst_fifo_gen/gconvfifo.rf/grf.rf/rstblk/ngwrdrst.grst.g7serrst.rd_rst_reg_reg[2]/C
                            (rising edge-triggered cell FDPE clocked by gtwiz_userclk_rx_usrclk2_int  {rise@0.000ns fall@3.200ns period=6.400ns})
  Destination:            dbg_hub/inst/BSCANID.u_xsdbm_id/CORE_XSDB.UUT_MASTER/U_ICON_INTERFACE/U_CMD6_WR/U_WR_FIFO/SUBCORE_FIFO.xsdbm_v3_0_0_wrfifo_inst/inst_fifo_gen/gconvfifo.rf/grf.rf/gntv_or_sync_fifo.gl0.rd/rpntr/gc0.count_reg[1]/CLR
                            (removal check against rising-edge clock gtwiz_userclk_rx_usrclk2_int  {rise@0.000ns fall@3.200ns period=6.400ns})
  Path Group:             **async_default**
  Path Type:              Removal (Min at Fast Process Corner)
  Requirement:            0.000ns  (gtwiz_userclk_rx_usrclk2_int rise@0.000ns - gtwiz_userclk_rx_usrclk2_int rise@0.000ns)
  Data Path Delay:        0.221ns  (logic 0.049ns (22.172%)  route 0.172ns (77.828%))
  Logic Levels:           0  
  Clock Path Skew:        0.084ns (DCD - SCD - CPR)
    Destination Clock Delay (DCD):    1.179ns
    Source Clock Delay      (SCD):    0.957ns
    Clock Pessimism Removal (CPR):    0.138ns
  Clock Net Delay (Source):      0.839ns (routing 0.163ns, distribution 0.676ns)
  Clock Net Delay (Destination): 1.014ns (routing 0.190ns, distribution 0.824ns)

    Location             Delay type                Incr(ns)  Path(ns)    Netlist Resource(s)
  -------------------------------------------------------------------    -------------------
                         (clock gtwiz_userclk_rx_usrclk2_int rise edge)
                                                      0.000     0.000 r  
    GTHE3_CHANNEL_X0Y12  GTHE3_CHANNEL                0.000     0.000 r  example_wrapper_inst/eth_xcvr_gth_full_inst/inst/gen_gtwizard_gthe3_top.eth_xcvr_gth_full_gtwizard_gthe3_inst/gen_gtwizard_gthe3.gen_channel_container[0].gen_enabled_channel.gthe3_channel_wrapper_inst/channel_inst/gthe3_channel_gen.gen_gthe3_channel_inst[0].GTHE3_CHANNEL_PRIM_INST/RXOUTCLK
                         net (fo=3, routed)           0.018     0.018    example_wrapper_inst/eth_xcvr_gth_full_inst/inst/gen_gtwizard_gthe3_top.eth_xcvr_gth_full_gtwizard_gthe3_inst/gen_gtwizard_gthe3.gen_rx_user_clocking_internal.gen_single_instance.gtwiz_userclk_rx_inst/rxoutclk_out[0]
    BUFG_GT_X0Y86        BUFG_GT (Prop_BUFG_GT_I_O)
                                                      0.100     0.118 r  example_wrapper_inst/eth_xcvr_gth_full_inst/inst/gen_gtwizard_gthe3_top.eth_xcvr_gth_full_gtwizard_gthe3_inst/gen_gtwizard_gthe3.gen_rx_user_clocking_internal.gen_single_instance.gtwiz_userclk_rx_inst/gen_gtwiz_userclk_rx_main.bufg_gt_usrclk2_inst/O
    X3Y3 (CLOCK_ROOT)    net (fo=3729, routed)        0.839     0.957    dbg_hub/inst/BSCANID.u_xsdbm_id/CORE_XSDB.UUT_MASTER/U_ICON_INTERFACE/U_CMD6_WR/U_WR_FIFO/SUBCORE_FIFO.xsdbm_v3_0_0_wrfifo_inst/inst_fifo_gen/gconvfifo.rf/grf.rf/rstblk/rd_clk
    SLICE_X88Y125        FDPE                                         r  dbg_hub/inst/BSCANID.u_xsdbm_id/CORE_XSDB.UUT_MASTER/U_ICON_INTERFACE/U_CMD6_WR/U_WR_FIFO/SUBCORE_FIFO.xsdbm_v3_0_0_wrfifo_inst/inst_fifo_gen/gconvfifo.rf/grf.rf/rstblk/ngwrdrst.grst.g7serrst.rd_rst_reg_reg[2]/C
  -------------------------------------------------------------------    -------------------
    SLICE_X88Y125        FDPE (Prop_FFF_SLICEL_C_Q)
                                                      0.049     1.006 f  dbg_hub/inst/BSCANID.u_xsdbm_id/CORE_XSDB.UUT_MASTER/U_ICON_INTERFACE/U_CMD6_WR/U_WR_FIFO/SUBCORE_FIFO.xsdbm_v3_0_0_wrfifo_inst/inst_fifo_gen/gconvfifo.rf/grf.rf/rstblk/ngwrdrst.grst.g7serrst.rd_rst_reg_reg[2]/Q
                         net (fo=10, routed)          0.172     1.178    dbg_hub/inst/BSCANID.u_xsdbm_id/CORE_XSDB.UUT_MASTER/U_ICON_INTERFACE/U_CMD6_WR/U_WR_FIFO/SUBCORE_FIFO.xsdbm_v3_0_0_wrfifo_inst/inst_fifo_gen/gconvfifo.rf/grf.rf/gntv_or_sync_fifo.gl0.rd/rpntr/AR[0]
    SLICE_X89Y124        FDCE                                         f  dbg_hub/inst/BSCANID.u_xsdbm_id/CORE_XSDB.UUT_MASTER/U_ICON_INTERFACE/U_CMD6_WR/U_WR_FIFO/SUBCORE_FIFO.xsdbm_v3_0_0_wrfifo_inst/inst_fifo_gen/gconvfifo.rf/grf.rf/gntv_or_sync_fifo.gl0.rd/rpntr/gc0.count_reg[1]/CLR
  -------------------------------------------------------------------    -------------------

                         (clock gtwiz_userclk_rx_usrclk2_int rise edge)
                                                      0.000     0.000 r  
    GTHE3_CHANNEL_X0Y12  GTHE3_CHANNEL                0.000     0.000 r  example_wrapper_inst/eth_xcvr_gth_full_inst/inst/gen_gtwizard_gthe3_top.eth_xcvr_gth_full_gtwizard_gthe3_inst/gen_gtwizard_gthe3.gen_channel_container[0].gen_enabled_channel.gthe3_channel_wrapper_inst/channel_inst/gthe3_channel_gen.gen_gthe3_channel_inst[0].GTHE3_CHANNEL_PRIM_INST/RXOUTCLK
                         net (fo=3, routed)           0.035     0.035    example_wrapper_inst/eth_xcvr_gth_full_inst/inst/gen_gtwizard_gthe3_top.eth_xcvr_gth_full_gtwizard_gthe3_inst/gen_gtwizard_gthe3.gen_rx_user_clocking_internal.gen_single_instance.gtwiz_userclk_rx_inst/rxoutclk_out[0]
    BUFG_GT_X0Y86        BUFG_GT (Prop_BUFG_GT_I_O)
                                                      0.130     0.165 r  example_wrapper_inst/eth_xcvr_gth_full_inst/inst/gen_gtwizard_gthe3_top.eth_xcvr_gth_full_gtwizard_gthe3_inst/gen_gtwizard_gthe3.gen_rx_user_clocking_internal.gen_single_instance.gtwiz_userclk_rx_inst/gen_gtwiz_userclk_rx_main.bufg_gt_usrclk2_inst/O
    X3Y3 (CLOCK_ROOT)    net (fo=3729, routed)        1.014     1.179    dbg_hub/inst/BSCANID.u_xsdbm_id/CORE_XSDB.UUT_MASTER/U_ICON_INTERFACE/U_CMD6_WR/U_WR_FIFO/SUBCORE_FIFO.xsdbm_v3_0_0_wrfifo_inst/inst_fifo_gen/gconvfifo.rf/grf.rf/gntv_or_sync_fifo.gl0.rd/rpntr/rd_clk
    SLICE_X89Y124        FDCE                                         r  dbg_hub/inst/BSCANID.u_xsdbm_id/CORE_XSDB.UUT_MASTER/U_ICON_INTERFACE/U_CMD6_WR/U_WR_FIFO/SUBCORE_FIFO.xsdbm_v3_0_0_wrfifo_inst/inst_fifo_gen/gconvfifo.rf/grf.rf/gntv_or_sync_fifo.gl0.rd/rpntr/gc0.count_reg[1]/C
                         clock pessimism             -0.138     1.041    
    SLICE_X89Y124        FDCE (Remov_GFF_SLICEL_C_CLR)
                                                      0.005     1.046    dbg_hub/inst/BSCANID.u_xsdbm_id/CORE_XSDB.UUT_MASTER/U_ICON_INTERFACE/U_CMD6_WR/U_WR_FIFO/SUBCORE_FIFO.xsdbm_v3_0_0_wrfifo_inst/inst_fifo_gen/gconvfifo.rf/grf.rf/gntv_or_sync_fifo.gl0.rd/rpntr/gc0.count_reg[1]
  -------------------------------------------------------------------
                         required time                         -1.046    
                         arrival time                           1.178    
  -------------------------------------------------------------------
                         slack                                  0.132    

Slack (MET) :             0.132ns  (arrival time - required time)
  Source:                 dbg_hub/inst/BSCANID.u_xsdbm_id/CORE_XSDB.UUT_MASTER/U_ICON_INTERFACE/U_CMD6_WR/U_WR_FIFO/SUBCORE_FIFO.xsdbm_v3_0_0_wrfifo_inst/inst_fifo_gen/gconvfifo.rf/grf.rf/rstblk/ngwrdrst.grst.g7serrst.rd_rst_reg_reg[2]/C
                            (rising edge-triggered cell FDPE clocked by gtwiz_userclk_rx_usrclk2_int  {rise@0.000ns fall@3.200ns period=6.400ns})
  Destination:            dbg_hub/inst/BSCANID.u_xsdbm_id/CORE_XSDB.UUT_MASTER/U_ICON_INTERFACE/U_CMD6_WR/U_WR_FIFO/SUBCORE_FIFO.xsdbm_v3_0_0_wrfifo_inst/inst_fifo_gen/gconvfifo.rf/grf.rf/gntv_or_sync_fifo.gl0.rd/rpntr/gc0.count_reg[2]/CLR
                            (removal check against rising-edge clock gtwiz_userclk_rx_usrclk2_int  {rise@0.000ns fall@3.200ns period=6.400ns})
  Path Group:             **async_default**
  Path Type:              Removal (Min at Fast Process Corner)
  Requirement:            0.000ns  (gtwiz_userclk_rx_usrclk2_int rise@0.000ns - gtwiz_userclk_rx_usrclk2_int rise@0.000ns)
  Data Path Delay:        0.221ns  (logic 0.049ns (22.172%)  route 0.172ns (77.828%))
  Logic Levels:           0  
  Clock Path Skew:        0.084ns (DCD - SCD - CPR)
    Destination Clock Delay (DCD):    1.179ns
    Source Clock Delay      (SCD):    0.957ns
    Clock Pessimism Removal (CPR):    0.138ns
  Clock Net Delay (Source):      0.839ns (routing 0.163ns, distribution 0.676ns)
  Clock Net Delay (Destination): 1.014ns (routing 0.190ns, distribution 0.824ns)

    Location             Delay type                Incr(ns)  Path(ns)    Netlist Resource(s)
  -------------------------------------------------------------------    -------------------
                         (clock gtwiz_userclk_rx_usrclk2_int rise edge)
                                                      0.000     0.000 r  
    GTHE3_CHANNEL_X0Y12  GTHE3_CHANNEL                0.000     0.000 r  example_wrapper_inst/eth_xcvr_gth_full_inst/inst/gen_gtwizard_gthe3_top.eth_xcvr_gth_full_gtwizard_gthe3_inst/gen_gtwizard_gthe3.gen_channel_container[0].gen_enabled_channel.gthe3_channel_wrapper_inst/channel_inst/gthe3_channel_gen.gen_gthe3_channel_inst[0].GTHE3_CHANNEL_PRIM_INST/RXOUTCLK
                         net (fo=3, routed)           0.018     0.018    example_wrapper_inst/eth_xcvr_gth_full_inst/inst/gen_gtwizard_gthe3_top.eth_xcvr_gth_full_gtwizard_gthe3_inst/gen_gtwizard_gthe3.gen_rx_user_clocking_internal.gen_single_instance.gtwiz_userclk_rx_inst/rxoutclk_out[0]
    BUFG_GT_X0Y86        BUFG_GT (Prop_BUFG_GT_I_O)
                                                      0.100     0.118 r  example_wrapper_inst/eth_xcvr_gth_full_inst/inst/gen_gtwizard_gthe3_top.eth_xcvr_gth_full_gtwizard_gthe3_inst/gen_gtwizard_gthe3.gen_rx_user_clocking_internal.gen_single_instance.gtwiz_userclk_rx_inst/gen_gtwiz_userclk_rx_main.bufg_gt_usrclk2_inst/O
    X3Y3 (CLOCK_ROOT)    net (fo=3729, routed)        0.839     0.957    dbg_hub/inst/BSCANID.u_xsdbm_id/CORE_XSDB.UUT_MASTER/U_ICON_INTERFACE/U_CMD6_WR/U_WR_FIFO/SUBCORE_FIFO.xsdbm_v3_0_0_wrfifo_inst/inst_fifo_gen/gconvfifo.rf/grf.rf/rstblk/rd_clk
    SLICE_X88Y125        FDPE                                         r  dbg_hub/inst/BSCANID.u_xsdbm_id/CORE_XSDB.UUT_MASTER/U_ICON_INTERFACE/U_CMD6_WR/U_WR_FIFO/SUBCORE_FIFO.xsdbm_v3_0_0_wrfifo_inst/inst_fifo_gen/gconvfifo.rf/grf.rf/rstblk/ngwrdrst.grst.g7serrst.rd_rst_reg_reg[2]/C
  -------------------------------------------------------------------    -------------------
    SLICE_X88Y125        FDPE (Prop_FFF_SLICEL_C_Q)
                                                      0.049     1.006 f  dbg_hub/inst/BSCANID.u_xsdbm_id/CORE_XSDB.UUT_MASTER/U_ICON_INTERFACE/U_CMD6_WR/U_WR_FIFO/SUBCORE_FIFO.xsdbm_v3_0_0_wrfifo_inst/inst_fifo_gen/gconvfifo.rf/grf.rf/rstblk/ngwrdrst.grst.g7serrst.rd_rst_reg_reg[2]/Q
                         net (fo=10, routed)          0.172     1.178    dbg_hub/inst/BSCANID.u_xsdbm_id/CORE_XSDB.UUT_MASTER/U_ICON_INTERFACE/U_CMD6_WR/U_WR_FIFO/SUBCORE_FIFO.xsdbm_v3_0_0_wrfifo_inst/inst_fifo_gen/gconvfifo.rf/grf.rf/gntv_or_sync_fifo.gl0.rd/rpntr/AR[0]
    SLICE_X89Y124        FDCE                                         f  dbg_hub/inst/BSCANID.u_xsdbm_id/CORE_XSDB.UUT_MASTER/U_ICON_INTERFACE/U_CMD6_WR/U_WR_FIFO/SUBCORE_FIFO.xsdbm_v3_0_0_wrfifo_inst/inst_fifo_gen/gconvfifo.rf/grf.rf/gntv_or_sync_fifo.gl0.rd/rpntr/gc0.count_reg[2]/CLR
  -------------------------------------------------------------------    -------------------

                         (clock gtwiz_userclk_rx_usrclk2_int rise edge)
                                                      0.000     0.000 r  
    GTHE3_CHANNEL_X0Y12  GTHE3_CHANNEL                0.000     0.000 r  example_wrapper_inst/eth_xcvr_gth_full_inst/inst/gen_gtwizard_gthe3_top.eth_xcvr_gth_full_gtwizard_gthe3_inst/gen_gtwizard_gthe3.gen_channel_container[0].gen_enabled_channel.gthe3_channel_wrapper_inst/channel_inst/gthe3_channel_gen.gen_gthe3_channel_inst[0].GTHE3_CHANNEL_PRIM_INST/RXOUTCLK
                         net (fo=3, routed)           0.035     0.035    example_wrapper_inst/eth_xcvr_gth_full_inst/inst/gen_gtwizard_gthe3_top.eth_xcvr_gth_full_gtwizard_gthe3_inst/gen_gtwizard_gthe3.gen_rx_user_clocking_internal.gen_single_instance.gtwiz_userclk_rx_inst/rxoutclk_out[0]
    BUFG_GT_X0Y86        BUFG_GT (Prop_BUFG_GT_I_O)
                                                      0.130     0.165 r  example_wrapper_inst/eth_xcvr_gth_full_inst/inst/gen_gtwizard_gthe3_top.eth_xcvr_gth_full_gtwizard_gthe3_inst/gen_gtwizard_gthe3.gen_rx_user_clocking_internal.gen_single_instance.gtwiz_userclk_rx_inst/gen_gtwiz_userclk_rx_main.bufg_gt_usrclk2_inst/O
    X3Y3 (CLOCK_ROOT)    net (fo=3729, routed)        1.014     1.179    dbg_hub/inst/BSCANID.u_xsdbm_id/CORE_XSDB.UUT_MASTER/U_ICON_INTERFACE/U_CMD6_WR/U_WR_FIFO/SUBCORE_FIFO.xsdbm_v3_0_0_wrfifo_inst/inst_fifo_gen/gconvfifo.rf/grf.rf/gntv_or_sync_fifo.gl0.rd/rpntr/rd_clk
    SLICE_X89Y124        FDCE                                         r  dbg_hub/inst/BSCANID.u_xsdbm_id/CORE_XSDB.UUT_MASTER/U_ICON_INTERFACE/U_CMD6_WR/U_WR_FIFO/SUBCORE_FIFO.xsdbm_v3_0_0_wrfifo_inst/inst_fifo_gen/gconvfifo.rf/grf.rf/gntv_or_sync_fifo.gl0.rd/rpntr/gc0.count_reg[2]/C
                         clock pessimism             -0.138     1.041    
    SLICE_X89Y124        FDCE (Remov_HFF_SLICEL_C_CLR)
                                                      0.005     1.046    dbg_hub/inst/BSCANID.u_xsdbm_id/CORE_XSDB.UUT_MASTER/U_ICON_INTERFACE/U_CMD6_WR/U_WR_FIFO/SUBCORE_FIFO.xsdbm_v3_0_0_wrfifo_inst/inst_fifo_gen/gconvfifo.rf/grf.rf/gntv_or_sync_fifo.gl0.rd/rpntr/gc0.count_reg[2]
  -------------------------------------------------------------------
                         required time                         -1.046    
                         arrival time                           1.178    
  -------------------------------------------------------------------
                         slack                                  0.132    





